Product Size,Weight Kgs,Thick MM,Gauges,Category,forecast_month,week_label,week_start_day,week_end_day,weekly_share,predicted_weekly_demand,predicted_monthly_demand,allocation_basis
"1""",11-12 Kgs,2.35 mm,12,Running,July,Week 1,1,7,0.225806,6.315,27.968,calendar_day_share
"1""",11-12 Kgs,2.35 mm,12,Running,July,Week 2,8,14,0.225806,6.315,27.968,calendar_day_share
"1""",11-12 Kgs,2.35 mm,12,Running,July,Week 3,15,21,0.225806,6.315,27.968,calendar_day_share
"1""",11-12 Kgs,2.35 mm,12,Running,July,Week 4,22,28,0.225806,6.315,27.968,calendar_day_share
"1""",11-12 Kgs,2.35 mm,12,Running,July,Week 5,29,31,0.096774,2.707,27.968,calendar_day_share
"1""",13-14 Kgs,2.35 mm,10,Running,July,Week 1,1,7,0.225806,0.063,0.279,calendar_day_share
"1""",13-14 Kgs,2.35 mm,10,Running,July,Week 2,8,14,0.225806,0.063,0.279,calendar_day_share
"1""",13-14 Kgs,2.35 mm,10,Running,July,Week 3,15,21,0.225806,0.063,0.279,calendar_day_share
"1""",13-14 Kgs,2.35 mm,10,Running,July,Week 4,22,28,0.225806,0.063,0.279,calendar_day_share
"1""",13-14 Kgs,2.35 mm,10,Running,July,Week 5,29,31,0.096774,0.027,0.279,calendar_day_share
"1""",13-14 Kgs,3.25 mm,10,Running,July,Week 1,1,7,0.225806,49.011,217.05,calendar_day_share
"1""",13-14 Kgs,3.25 mm,10,Running,July,Week 2,8,14,0.225806,49.011,217.05,calendar_day_share
"1""",13-14 Kgs,3.25 mm,10,Running,July,Week 3,15,21,0.225806,49.011,217.05,calendar_day_share
"1""",13-14 Kgs,3.25 mm,10,Running,July,Week 4,22,28,0.225806,49.011,217.05,calendar_day_share
"1""",13-14 Kgs,3.25 mm,10,Running,July,Week 5,29,31,0.096774,21.005,217.05,calendar_day_share
"1""",17-18 Kgs,3.25 mm,10,Running,July,Week 1,1,7,0.225806,0.024,0.108,calendar_day_share
"1""",17-18 Kgs,3.25 mm,10,Running,July,Week 2,8,14,0.225806,0.024,0.108,calendar_day_share
"1""",17-18 Kgs,3.25 mm,10,Running,July,Week 3,15,21,0.225806,0.024,0.108,calendar_day_share
"1""",17-18 Kgs,3.25 mm,10,Running,July,Week 4,22,28,0.225806,0.024,0.108,calendar_day_share
"1""",17-18 Kgs,3.25 mm,10,Running,July,Week 5,29,31,0.096774,0.01,0.108,calendar_day_share
"1""",7-8 Kgs,1.6 mm,16,Running,July,Week 1,1,7,0.225806,0.463,2.05,calendar_day_share
"1""",7-8 Kgs,1.6 mm,16,Running,July,Week 2,8,14,0.225806,0.463,2.05,calendar_day_share
"1""",7-8 Kgs,1.6 mm,16,Running,July,Week 3,15,21,0.225806,0.463,2.05,calendar_day_share
"1""",7-8 Kgs,1.6 mm,16,Running,July,Week 4,22,28,0.225806,0.463,2.05,calendar_day_share
"1""",7-8 Kgs,1.6 mm,16,Running,July,Week 5,29,31,0.096774,0.198,2.05,calendar_day_share
"1""",9-10 Kgs,2 mm,14,Running,July,Week 1,1,7,0.225806,2.264,10.028,calendar_day_share
"1""",9-10 Kgs,2 mm,14,Running,July,Week 2,8,14,0.225806,2.264,10.028,calendar_day_share
"1""",9-10 Kgs,2 mm,14,Running,July,Week 3,15,21,0.225806,2.264,10.028,calendar_day_share
"1""",9-10 Kgs,2 mm,14,Running,July,Week 4,22,28,0.225806,2.264,10.028,calendar_day_share
"1""",9-10 Kgs,2 mm,14,Running,July,Week 5,29,31,0.096774,0.97,10.028,calendar_day_share
"1""",Unknown,Unknown,10,Running,July,Week 1,1,7,0.225806,14.258,63.143,calendar_day_share
"1""",Unknown,Unknown,10,Running,July,Week 2,8,14,0.225806,14.258,63.143,calendar_day_share
"1""",Unknown,Unknown,10,Running,July,Week 3,15,21,0.225806,14.258,63.143,calendar_day_share
"1""",Unknown,Unknown,10,Running,July,Week 4,22,28,0.225806,14.258,63.143,calendar_day_share
"1""",Unknown,Unknown,10,Running,July,Week 5,29,31,0.096774,6.111,63.143,calendar_day_share
"1¼""",10-11 Kgs,1.6 mm,16,Running,July,Week 1,1,7,0.225806,6.56,29.052,calendar_day_share
"1¼""",10-11 Kgs,1.6 mm,16,Running,July,Week 2,8,14,0.225806,6.56,29.052,calendar_day_share
"1¼""",10-11 Kgs,1.6 mm,16,Running,July,Week 3,15,21,0.225806,6.56,29.052,calendar_day_share
"1¼""",10-11 Kgs,1.6 mm,16,Running,July,Week 4,22,28,0.225806,6.56,29.052,calendar_day_share
"1¼""",10-11 Kgs,1.6 mm,16,Running,July,Week 5,29,31,0.096774,2.811,29.052,calendar_day_share
"1¼""",12-13 Kgs,2 mm,14,Running,July,Week 1,1,7,0.225806,22.097,97.858,calendar_day_share
"1¼""",12-13 Kgs,2 mm,14,Running,July,Week 2,8,14,0.225806,22.097,97.858,calendar_day_share
"1¼""",12-13 Kgs,2 mm,14,Running,July,Week 3,15,21,0.225806,22.097,97.858,calendar_day_share
"1¼""",12-13 Kgs,2 mm,14,Running,July,Week 4,22,28,0.225806,22.097,97.858,calendar_day_share
"1¼""",12-13 Kgs,2 mm,14,Running,July,Week 5,29,31,0.096774,9.47,97.858,calendar_day_share
"1¼""",15-16 Kgs,2.65 mm,12,Running,July,Week 1,1,7,0.225806,0.918,4.067,calendar_day_share
"1¼""",15-16 Kgs,2.65 mm,12,Running,July,Week 2,8,14,0.225806,0.918,4.067,calendar_day_share
"1¼""",15-16 Kgs,2.65 mm,12,Running,July,Week 3,15,21,0.225806,0.918,4.067,calendar_day_share
"1¼""",15-16 Kgs,2.65 mm,12,Running,July,Week 4,22,28,0.225806,0.918,4.067,calendar_day_share
"1¼""",15-16 Kgs,2.65 mm,12,Running,July,Week 5,29,31,0.096774,0.394,4.067,calendar_day_share
"1¼""",17-18 Kgs,2.65 mm,12,Running,July,Week 1,1,7,0.225806,9.083,40.225,calendar_day_share
"1¼""",17-18 Kgs,2.65 mm,12,Running,July,Week 2,8,14,0.225806,9.083,40.225,calendar_day_share
"1¼""",17-18 Kgs,2.65 mm,12,Running,July,Week 3,15,21,0.225806,9.083,40.225,calendar_day_share
"1¼""",17-18 Kgs,2.65 mm,12,Running,July,Week 4,22,28,0.225806,9.083,40.225,calendar_day_share
"1¼""",17-18 Kgs,2.65 mm,12,Running,July,Week 5,29,31,0.096774,3.893,40.225,calendar_day_share
"1¼""",17-18 Kgs,3 mm,10,Running,July,Week 1,1,7,0.225806,0.024,0.108,calendar_day_share
"1¼""",17-18 Kgs,3 mm,10,Running,July,Week 2,8,14,0.225806,0.024,0.108,calendar_day_share
"1¼""",17-18 Kgs,3 mm,10,Running,July,Week 3,15,21,0.225806,0.024,0.108,calendar_day_share
"1¼""",17-18 Kgs,3 mm,10,Running,July,Week 4,22,28,0.225806,0.024,0.108,calendar_day_share
"1¼""",17-18 Kgs,3 mm,10,Running,July,Week 5,29,31,0.096774,0.01,0.108,calendar_day_share
"1¼""",19-20 Kgs,3 mm,10,Running,July,Week 1,1,7,0.225806,5.568,24.657,calendar_day_share
"1¼""",19-20 Kgs,3 mm,10,Running,July,Week 2,8,14,0.225806,5.568,24.657,calendar_day_share
"1¼""",19-20 Kgs,3 mm,10,Running,July,Week 3,15,21,0.225806,5.568,24.657,calendar_day_share
"1¼""",19-20 Kgs,3 mm,10,Running,July,Week 4,22,28,0.225806,5.568,24.657,calendar_day_share
"1¼""",19-20 Kgs,3 mm,10,Running,July,Week 5,29,31,0.096774,2.386,24.657,calendar_day_share
"1¼""",21-22 Kgs,3.65 mm,9,Running,July,Week 1,1,7,0.225806,0.669,2.963,calendar_day_share
"1¼""",21-22 Kgs,3.65 mm,9,Running,July,Week 2,8,14,0.225806,0.669,2.963,calendar_day_share
"1¼""",21-22 Kgs,3.65 mm,9,Running,July,Week 3,15,21,0.225806,0.669,2.963,calendar_day_share
"1¼""",21-22 Kgs,3.65 mm,9,Running,July,Week 4,22,28,0.225806,0.669,2.963,calendar_day_share
"1¼""",21-22 Kgs,3.65 mm,9,Running,July,Week 5,29,31,0.096774,0.287,2.963,calendar_day_share
"1¼""",22-23 Kgs,3.65 mm,9,Running,July,Week 1,1,7,0.225806,0.944,4.181,calendar_day_share
"1¼""",22-23 Kgs,3.65 mm,9,Running,July,Week 2,8,14,0.225806,0.944,4.181,calendar_day_share
"1¼""",22-23 Kgs,3.65 mm,9,Running,July,Week 3,15,21,0.225806,0.944,4.181,calendar_day_share
"1¼""",22-23 Kgs,3.65 mm,9,Running,July,Week 4,22,28,0.225806,0.944,4.181,calendar_day_share
"1¼""",22-23 Kgs,3.65 mm,9,Running,July,Week 5,29,31,0.096774,0.405,4.181,calendar_day_share
"1¼""",8-9 Kgs,1.2 mm,18,Running,July,Week 1,1,7,0.225806,0.674,2.985,calendar_day_share
"1¼""",8-9 Kgs,1.2 mm,18,Running,July,Week 2,8,14,0.225806,0.674,2.985,calendar_day_share
"1¼""",8-9 Kgs,1.2 mm,18,Running,July,Week 3,15,21,0.225806,0.674,2.985,calendar_day_share
"1¼""",8-9 Kgs,1.2 mm,18,Running,July,Week 4,22,28,0.225806,0.674,2.985,calendar_day_share
"1¼""",8-9 Kgs,1.2 mm,18,Running,July,Week 5,29,31,0.096774,0.289,2.985,calendar_day_share
"1½""",10-11 Kgs,1.6 mm,16,Running,July,Week 1,1,7,0.225806,26.51,117.4,calendar_day_share
"1½""",10-11 Kgs,1.6 mm,16,Running,July,Week 2,8,14,0.225806,26.51,117.4,calendar_day_share
"1½""",10-11 Kgs,1.6 mm,16,Running,July,Week 3,15,21,0.225806,26.51,117.4,calendar_day_share
"1½""",10-11 Kgs,1.6 mm,16,Running,July,Week 4,22,28,0.225806,26.51,117.4,calendar_day_share
"1½""",10-11 Kgs,1.6 mm,16,Running,July,Week 5,29,31,0.096774,11.361,117.4,calendar_day_share
"1½""",13-14 Kgs,1.8 mm,14,Running,July,Week 1,1,7,0.225806,55.797,247.103,calendar_day_share
"1½""",13-14 Kgs,1.8 mm,14,Running,July,Week 2,8,14,0.225806,55.797,247.103,calendar_day_share
"1½""",13-14 Kgs,1.8 mm,14,Running,July,Week 3,15,21,0.225806,55.797,247.103,calendar_day_share
"1½""",13-14 Kgs,1.8 mm,14,Running,July,Week 4,22,28,0.225806,55.797,247.103,calendar_day_share
"1½""",13-14 Kgs,1.8 mm,14,Running,July,Week 5,29,31,0.096774,23.913,247.103,calendar_day_share
"1½""",13-14 Kgs,2 mm,14,Running,July,Week 1,1,7,0.225806,0.006,0.028,calendar_day_share
"1½""",13-14 Kgs,2 mm,14,Running,July,Week 2,8,14,0.225806,0.006,0.028,calendar_day_share
"1½""",13-14 Kgs,2 mm,14,Running,July,Week 3,15,21,0.225806,0.006,0.028,calendar_day_share
"1½""",13-14 Kgs,2 mm,14,Running,July,Week 4,22,28,0.225806,0.006,0.028,calendar_day_share
"1½""",13-14 Kgs,2 mm,14,Running,July,Week 5,29,31,0.096774,0.003,0.028,calendar_day_share
"1½""",15-16 Kgs,2 mm,12,Running,July,Week 1,1,7,0.225806,11.095,49.133,calendar_day_share
"1½""",15-16 Kgs,2 mm,12,Running,July,Week 2,8,14,0.225806,11.095,49.133,calendar_day_share
"1½""",15-16 Kgs,2 mm,12,Running,July,Week 3,15,21,0.225806,11.095,49.133,calendar_day_share
"1½""",15-16 Kgs,2 mm,12,Running,July,Week 4,22,28,0.225806,11.095,49.133,calendar_day_share
"1½""",15-16 Kgs,2 mm,12,Running,July,Week 5,29,31,0.096774,4.755,49.133,calendar_day_share
"1½""",17-18 Kgs,2.65 mm,10,Running,July,Week 1,1,7,0.225806,0.007,0.032,calendar_day_share
"1½""",17-18 Kgs,2.65 mm,10,Running,July,Week 2,8,14,0.225806,0.007,0.032,calendar_day_share
"1½""",17-18 Kgs,2.65 mm,10,Running,July,Week 3,15,21,0.225806,0.007,0.032,calendar_day_share
"1½""",17-18 Kgs,2.65 mm,10,Running,July,Week 4,22,28,0.225806,0.007,0.032,calendar_day_share
"1½""",17-18 Kgs,2.65 mm,10,Running,July,Week 5,29,31,0.096774,0.003,0.032,calendar_day_share
"1½""",17-18 Kgs,2.65 mm,11,Running,July,Week 1,1,7,0.225806,1.097,4.856,calendar_day_share
"1½""",17-18 Kgs,2.65 mm,11,Running,July,Week 2,8,14,0.225806,1.097,4.856,calendar_day_share
"1½""",17-18 Kgs,2.65 mm,11,Running,July,Week 3,15,21,0.225806,1.097,4.856,calendar_day_share
"1½""",17-18 Kgs,2.65 mm,11,Running,July,Week 4,22,28,0.225806,1.097,4.856,calendar_day_share
"1½""",17-18 Kgs,2.65 mm,11,Running,July,Week 5,29,31,0.096774,0.47,4.856,calendar_day_share
"1½""",20-21 Kgs,2.9 mm,10,Running,July,Week 1,1,7,0.225806,2.173,9.624,calendar_day_share
"1½""",20-21 Kgs,2.9 mm,10,Running,July,Week 2,8,14,0.225806,2.173,9.624,calendar_day_share
"1½""",20-21 Kgs,2.9 mm,10,Running,July,Week 3,15,21,0.225806,2.173,9.624,calendar_day_share
"1½""",20-21 Kgs,2.9 mm,10,Running,July,Week 4,22,28,0.225806,2.173,9.624,calendar_day_share
"1½""",20-21 Kgs,2.9 mm,10,Running,July,Week 5,29,31,0.096774,0.931,9.624,calendar_day_share
"1½""",23-24 Kgs,3.65 mm,9,Running,July,Week 1,1,7,0.225806,0.005,0.024,calendar_day_share
"1½""",23-24 Kgs,3.65 mm,9,Running,July,Week 2,8,14,0.225806,0.005,0.024,calendar_day_share
"1½""",23-24 Kgs,3.65 mm,9,Running,July,Week 3,15,21,0.225806,0.005,0.024,calendar_day_share
"1½""",23-24 Kgs,3.65 mm,9,Running,July,Week 4,22,28,0.225806,0.005,0.024,calendar_day_share
"1½""",23-24 Kgs,3.65 mm,9,Running,July,Week 5,29,31,0.096774,0.002,0.024,calendar_day_share
"1½""",25-26 Kgs,4 mm,8,Running,July,Week 1,1,7,0.225806,0.223,0.987,calendar_day_share
"1½""",25-26 Kgs,4 mm,8,Running,July,Week 2,8,14,0.225806,0.223,0.987,calendar_day_share
"1½""",25-26 Kgs,4 mm,8,Running,July,Week 3,15,21,0.225806,0.223,0.987,calendar_day_share
"1½""",25-26 Kgs,4 mm,8,Running,July,Week 4,22,28,0.225806,0.223,0.987,calendar_day_share
"1½""",25-26 Kgs,4 mm,8,Running,July,Week 5,29,31,0.096774,0.096,0.987,calendar_day_share
"2""",13-14 Kgs,1.6 mm,16,Running,July,Week 1,1,7,0.225806,31.035,137.442,calendar_day_share
"2""",13-14 Kgs,1.6 mm,16,Running,July,Week 2,8,14,0.225806,31.035,137.442,calendar_day_share
"2""",13-14 Kgs,1.6 mm,16,Running,July,Week 3,15,21,0.225806,31.035,137.442,calendar_day_share
"2""",13-14 Kgs,1.6 mm,16,Running,July,Week 4,22,28,0.225806,31.035,137.442,calendar_day_share
"2""",13-14 Kgs,1.6 mm,16,Running,July,Week 5,29,31,0.096774,13.301,137.442,calendar_day_share
"2""",16-17 Kgs,2.0 mm,14,Running,July,Week 1,1,7,0.225806,0.924,4.093,calendar_day_share
"2""",16-17 Kgs,2.0 mm,14,Running,July,Week 2,8,14,0.225806,0.924,4.093,calendar_day_share
"2""",16-17 Kgs,2.0 mm,14,Running,July,Week 3,15,21,0.225806,0.924,4.093,calendar_day_share
"2""",16-17 Kgs,2.0 mm,14,Running,July,Week 4,22,28,0.225806,0.924,4.093,calendar_day_share
"2""",16-17 Kgs,2.0 mm,14,Running,July,Week 5,29,31,0.096774,0.396,4.093,calendar_day_share
"2""",16-17½ Kgs,2 mm,14,Running,July,Week 1,1,7,0.225806,87.955,389.516,calendar_day_share
"2""",16-17½ Kgs,2 mm,14,Running,July,Week 2,8,14,0.225806,87.955,389.516,calendar_day_share
"2""",16-17½ Kgs,2 mm,14,Running,July,Week 3,15,21,0.225806,87.955,389.516,calendar_day_share
"2""",16-17½ Kgs,2 mm,14,Running,July,Week 4,22,28,0.225806,87.955,389.516,calendar_day_share
"2""",16-17½ Kgs,2 mm,14,Running,July,Week 5,29,31,0.096774,37.695,389.516,calendar_day_share
"2""",20-21 Kgs,2.35 mm,12,Running,July,Week 1,1,7,0.225806,55.615,246.297,calendar_day_share
"2""",20-21 Kgs,2.35 mm,12,Running,July,Week 2,8,14,0.225806,55.615,246.297,calendar_day_share
"2""",20-21 Kgs,2.35 mm,12,Running,July,Week 3,15,21,0.225806,55.615,246.297,calendar_day_share
"2""",20-21 Kgs,2.35 mm,12,Running,July,Week 4,22,28,0.225806,55.615,246.297,calendar_day_share
"2""",20-21 Kgs,2.35 mm,12,Running,July,Week 5,29,31,0.096774,23.835,246.297,calendar_day_share
"2""",25-26 Kgs,3.25 mm,10,Running,July,Week 1,1,7,0.225806,18.086,80.095,calendar_day_share
"2""",25-26 Kgs,3.25 mm,10,Running,July,Week 2,8,14,0.225806,18.086,80.095,calendar_day_share
"2""",25-26 Kgs,3.25 mm,10,Running,July,Week 3,15,21,0.225806,18.086,80.095,calendar_day_share
"2""",25-26 Kgs,3.25 mm,10,Running,July,Week 4,22,28,0.225806,18.086,80.095,calendar_day_share
"2""",25-26 Kgs,3.25 mm,10,Running,July,Week 5,29,31,0.096774,7.751,80.095,calendar_day_share
"2""",29-30 Kgs,3.65 mm,9,Running,July,Week 1,1,7,0.225806,21.322,94.426,calendar_day_share
"2""",29-30 Kgs,3.65 mm,9,Running,July,Week 2,8,14,0.225806,21.322,94.426,calendar_day_share
"2""",29-30 Kgs,3.65 mm,9,Running,July,Week 3,15,21,0.225806,21.322,94.426,calendar_day_share
"2""",29-30 Kgs,3.65 mm,9,Running,July,Week 4,22,28,0.225806,21.322,94.426,calendar_day_share
"2""",29-30 Kgs,3.65 mm,9,Running,July,Week 5,29,31,0.096774,9.138,94.426,calendar_day_share
"2""",32-34 Kgs,4 mm,8,Running,July,Week 1,1,7,0.225806,0.935,4.14,calendar_day_share
"2""",32-34 Kgs,4 mm,8,Running,July,Week 2,8,14,0.225806,0.935,4.14,calendar_day_share
"2""",32-34 Kgs,4 mm,8,Running,July,Week 3,15,21,0.225806,0.935,4.14,calendar_day_share
"2""",32-34 Kgs,4 mm,8,Running,July,Week 4,22,28,0.225806,0.935,4.14,calendar_day_share
"2""",32-34 Kgs,4 mm,8,Running,July,Week 5,29,31,0.096774,0.401,4.14,calendar_day_share
"2""",32-34 Kgs,5 mm,5,Running,July,Week 1,1,7,0.225806,3.756,16.634,calendar_day_share
"2""",32-34 Kgs,5 mm,5,Running,July,Week 2,8,14,0.225806,3.756,16.634,calendar_day_share
"2""",32-34 Kgs,5 mm,5,Running,July,Week 3,15,21,0.225806,3.756,16.634,calendar_day_share
"2""",32-34 Kgs,5 mm,5,Running,July,Week 4,22,28,0.225806,3.756,16.634,calendar_day_share
"2""",32-34 Kgs,5 mm,5,Running,July,Week 5,29,31,0.096774,1.61,16.634,calendar_day_share
"2""",9½-10 Kgs,1.2 mm,18,Running,July,Week 1,1,7,0.225806,0.242,1.074,calendar_day_share
"2""",9½-10 Kgs,1.2 mm,18,Running,July,Week 2,8,14,0.225806,0.242,1.074,calendar_day_share
"2""",9½-10 Kgs,1.2 mm,18,Running,July,Week 3,15,21,0.225806,0.242,1.074,calendar_day_share
"2""",9½-10 Kgs,1.2 mm,18,Running,July,Week 4,22,28,0.225806,0.242,1.074,calendar_day_share
"2""",9½-10 Kgs,1.2 mm,18,Running,July,Week 5,29,31,0.096774,0.104,1.074,calendar_day_share
"2""",Unknown,Unknown,Unknown,Unknown,July,Week 1,1,7,0.225806,0.016,0.071,calendar_day_share
"2""",Unknown,Unknown,Unknown,Unknown,July,Week 2,8,14,0.225806,0.016,0.071,calendar_day_share
"2""",Unknown,Unknown,Unknown,Unknown,July,Week 3,15,21,0.225806,0.016,0.071,calendar_day_share
"2""",Unknown,Unknown,Unknown,Unknown,July,Week 4,22,28,0.225806,0.016,0.071,calendar_day_share
"2""",Unknown,Unknown,Unknown,Unknown,July,Week 5,29,31,0.096774,0.007,0.071,calendar_day_share
"2½""",10-11 Kgs,Unknown,Unknown,Running,July,Week 1,1,7,0.225806,0.157,0.693,calendar_day_share
"2½""",10-11 Kgs,Unknown,Unknown,Running,July,Week 2,8,14,0.225806,0.157,0.693,calendar_day_share
"2½""",10-11 Kgs,Unknown,Unknown,Running,July,Week 3,15,21,0.225806,0.157,0.693,calendar_day_share
"2½""",10-11 Kgs,Unknown,Unknown,Running,July,Week 4,22,28,0.225806,0.157,0.693,calendar_day_share
"2½""",10-11 Kgs,Unknown,Unknown,Running,July,Week 5,29,31,0.096774,0.067,0.693,calendar_day_share
"2½""",16-17 Kgs,1.6 mm,16,Running,July,Week 1,1,7,0.225806,19.953,88.364,calendar_day_share
"2½""",16-17 Kgs,1.6 mm,16,Running,July,Week 2,8,14,0.225806,19.953,88.364,calendar_day_share
"2½""",16-17 Kgs,1.6 mm,16,Running,July,Week 3,15,21,0.225806,19.953,88.364,calendar_day_share
"2½""",16-17 Kgs,1.6 mm,16,Running,July,Week 4,22,28,0.225806,19.953,88.364,calendar_day_share
"2½""",16-17 Kgs,1.6 mm,16,Running,July,Week 5,29,31,0.096774,8.551,88.364,calendar_day_share
"2½""",21-22 Kgs,2 mm,14,Running,July,Week 1,1,7,0.225806,32.07,142.025,calendar_day_share
"2½""",21-22 Kgs,2 mm,14,Running,July,Week 2,8,14,0.225806,32.07,142.025,calendar_day_share
"2½""",21-22 Kgs,2 mm,14,Running,July,Week 3,15,21,0.225806,32.07,142.025,calendar_day_share
"2½""",21-22 Kgs,2 mm,14,Running,July,Week 4,22,28,0.225806,32.07,142.025,calendar_day_share
"2½""",21-22 Kgs,2 mm,14,Running,July,Week 5,29,31,0.096774,13.744,142.025,calendar_day_share
"2½""",27-28 Kgs,2.65 mm,12,Running,July,Week 1,1,7,0.225806,0.962,4.261,calendar_day_share
"2½""",27-28 Kgs,2.65 mm,12,Running,July,Week 2,8,14,0.225806,0.962,4.261,calendar_day_share
"2½""",27-28 Kgs,2.65 mm,12,Running,July,Week 3,15,21,0.225806,0.962,4.261,calendar_day_share
"2½""",27-28 Kgs,2.65 mm,12,Running,July,Week 4,22,28,0.225806,0.962,4.261,calendar_day_share
"2½""",27-28 Kgs,2.65 mm,12,Running,July,Week 5,29,31,0.096774,0.412,4.261,calendar_day_share
"2½""",32-34 Kgs,3 mm,10,Running,July,Week 1,1,7,0.225806,17.43,77.19,calendar_day_share
"2½""",32-34 Kgs,3 mm,10,Running,July,Week 2,8,14,0.225806,17.43,77.19,calendar_day_share
"2½""",32-34 Kgs,3 mm,10,Running,July,Week 3,15,21,0.225806,17.43,77.19,calendar_day_share
"2½""",32-34 Kgs,3 mm,10,Running,July,Week 4,22,28,0.225806,17.43,77.19,calendar_day_share
"2½""",32-34 Kgs,3 mm,10,Running,July,Week 5,29,31,0.096774,7.47,77.19,calendar_day_share
"2½""",32-34 Kgs,5 mm,5,Running,July,Week 1,1,7,0.225806,1.105,4.895,calendar_day_share
"2½""",32-34 Kgs,5 mm,5,Running,July,Week 2,8,14,0.225806,1.105,4.895,calendar_day_share
"2½""",32-34 Kgs,5 mm,5,Running,July,Week 3,15,21,0.225806,1.105,4.895,calendar_day_share
"2½""",32-34 Kgs,5 mm,5,Running,July,Week 4,22,28,0.225806,1.105,4.895,calendar_day_share
"2½""",32-34 Kgs,5 mm,5,Running,July,Week 5,29,31,0.096774,0.474,4.895,calendar_day_share
"2½""",37-38 Kgs,3.65 mm,9,Running,July,Week 1,1,7,0.225806,6.676,29.564,calendar_day_share
"2½""",37-38 Kgs,3.65 mm,9,Running,July,Week 2,8,14,0.225806,6.676,29.564,calendar_day_share
"2½""",37-38 Kgs,3.65 mm,9,Running,July,Week 3,15,21,0.225806,6.676,29.564,calendar_day_share
"2½""",37-38 Kgs,3.65 mm,9,Running,July,Week 4,22,28,0.225806,6.676,29.564,calendar_day_share
"2½""",37-38 Kgs,3.65 mm,9,Running,July,Week 5,29,31,0.096774,2.861,29.564,calendar_day_share
"2½""",52-54 Kgs,5 mm,6,Running,July,Week 1,1,7,0.225806,1.652,7.317,calendar_day_share
"2½""",52-54 Kgs,5 mm,6,Running,July,Week 2,8,14,0.225806,1.652,7.317,calendar_day_share
"2½""",52-54 Kgs,5 mm,6,Running,July,Week 3,15,21,0.225806,1.652,7.317,calendar_day_share
"2½""",52-54 Kgs,5 mm,6,Running,July,Week 4,22,28,0.225806,1.652,7.317,calendar_day_share
"2½""",52-54 Kgs,5 mm,6,Running,July,Week 5,29,31,0.096774,0.708,7.317,calendar_day_share
"3""",32-34 Kgs,2.65 mm,12,Running,July,Week 1,1,7,0.225806,29.218,129.395,calendar_day_share
"3""",32-34 Kgs,2.65 mm,12,Running,July,Week 2,8,14,0.225806,29.218,129.395,calendar_day_share
"3""",32-34 Kgs,2.65 mm,12,Running,July,Week 3,15,21,0.225806,29.218,129.395,calendar_day_share
"3""",32-34 Kgs,2.65 mm,12,Running,July,Week 4,22,28,0.225806,29.218,129.395,calendar_day_share
"3""",32-34 Kgs,2.65 mm,12,Running,July,Week 5,29,31,0.096774,12.522,129.395,calendar_day_share
"3""",37-38 Kgs,3.65 mm,9,Running,July,Week 1,1,7,0.225806,0.93,4.12,calendar_day_share
"3""",37-38 Kgs,3.65 mm,9,Running,July,Week 2,8,14,0.225806,0.93,4.12,calendar_day_share
"3""",37-38 Kgs,3.65 mm,9,Running,July,Week 3,15,21,0.225806,0.93,4.12,calendar_day_share
"3""",37-38 Kgs,3.65 mm,9,Running,July,Week 4,22,28,0.225806,0.93,4.12,calendar_day_share
"3""",37-38 Kgs,3.65 mm,9,Running,July,Week 5,29,31,0.096774,0.399,4.12,calendar_day_share
"3""",38-39 Kgs,3.25 mm,10,Running,July,Week 1,1,7,0.225806,47.813,211.744,calendar_day_share
"3""",38-39 Kgs,3.25 mm,10,Running,July,Week 2,8,14,0.225806,47.813,211.744,calendar_day_share
"3""",38-39 Kgs,3.25 mm,10,Running,July,Week 3,15,21,0.225806,47.813,211.744,calendar_day_share
"3""",38-39 Kgs,3.25 mm,10,Running,July,Week 4,22,28,0.225806,47.813,211.744,calendar_day_share
"3""",38-39 Kgs,3.25 mm,10,Running,July,Week 5,29,31,0.096774,20.491,211.744,calendar_day_share
"3""",45-46 Kgs,3.65 mm,9,Running,July,Week 1,1,7,0.225806,7.333,32.474,calendar_day_share
"3""",45-46 Kgs,3.65 mm,9,Running,July,Week 2,8,14,0.225806,7.333,32.474,calendar_day_share
"3""",45-46 Kgs,3.65 mm,9,Running,July,Week 3,15,21,0.225806,7.333,32.474,calendar_day_share
"3""",45-46 Kgs,3.65 mm,9,Running,July,Week 4,22,28,0.225806,7.333,32.474,calendar_day_share
"3""",45-46 Kgs,3.65 mm,9,Running,July,Week 5,29,31,0.096774,3.143,32.474,calendar_day_share
"3""",50-52 Kgs,4 mm,8,Running,July,Week 1,1,7,0.225806,7.786,34.48,calendar_day_share
"3""",50-52 Kgs,4 mm,8,Running,July,Week 2,8,14,0.225806,7.786,34.48,calendar_day_share
"3""",50-52 Kgs,4 mm,8,Running,July,Week 3,15,21,0.225806,7.786,34.48,calendar_day_share
"3""",50-52 Kgs,4 mm,8,Running,July,Week 4,22,28,0.225806,7.786,34.48,calendar_day_share
"3""",50-52 Kgs,4 mm,8,Running,July,Week 5,29,31,0.096774,3.337,34.48,calendar_day_share
"3""",52-54 Kgs,5 mm,6,Running,July,Week 1,1,7,0.225806,0.003,0.012,calendar_day_share
"3""",52-54 Kgs,5 mm,6,Running,July,Week 2,8,14,0.225806,0.003,0.012,calendar_day_share
"3""",52-54 Kgs,5 mm,6,Running,July,Week 3,15,21,0.225806,0.003,0.012,calendar_day_share
"3""",52-54 Kgs,5 mm,6,Running,July,Week 4,22,28,0.225806,0.003,0.012,calendar_day_share
"3""",52-54 Kgs,5 mm,6,Running,July,Week 5,29,31,0.096774,0.001,0.012,calendar_day_share
"3""",64-65 Kgs,6 mm,5,Unknown,July,Week 1,1,7,0.225806,0.023,0.1,calendar_day_share
"3""",64-65 Kgs,6 mm,5,Unknown,July,Week 2,8,14,0.225806,0.023,0.1,calendar_day_share
"3""",64-65 Kgs,6 mm,5,Unknown,July,Week 3,15,21,0.225806,0.023,0.1,calendar_day_share
"3""",64-65 Kgs,6 mm,5,Unknown,July,Week 4,22,28,0.225806,0.023,0.1,calendar_day_share
"3""",64-65 Kgs,6 mm,5,Unknown,July,Week 5,29,31,0.096774,0.01,0.1,calendar_day_share
"3""",65-66 Kgs,5 mm,6,Running,July,Week 1,1,7,0.225806,1.57,6.953,calendar_day_share
"3""",65-66 Kgs,5 mm,6,Running,July,Week 2,8,14,0.225806,1.57,6.953,calendar_day_share
"3""",65-66 Kgs,5 mm,6,Running,July,Week 3,15,21,0.225806,1.57,6.953,calendar_day_share
"3""",65-66 Kgs,5 mm,6,Running,July,Week 4,22,28,0.225806,1.57,6.953,calendar_day_share
"3""",65-66 Kgs,5 mm,6,Running,July,Week 5,29,31,0.096774,0.673,6.953,calendar_day_share
"4"" OD",65-65 Kgs,Unknown,Unknown,Running,July,Week 1,1,7,0.225806,0.031,0.135,calendar_day_share
"4"" OD",65-65 Kgs,Unknown,Unknown,Running,July,Week 2,8,14,0.225806,0.031,0.135,calendar_day_share
"4"" OD",65-65 Kgs,Unknown,Unknown,Running,July,Week 3,15,21,0.225806,0.031,0.135,calendar_day_share
"4"" OD",65-65 Kgs,Unknown,Unknown,Running,July,Week 4,22,28,0.225806,0.031,0.135,calendar_day_share
"4"" OD",65-65 Kgs,Unknown,Unknown,Running,July,Week 5,29,31,0.096774,0.013,0.135,calendar_day_share
"4"" OD",66-67 Kgs,4 mm,8,Running,July,Week 1,1,7,0.225806,0.018,0.08,calendar_day_share
"4"" OD",66-67 Kgs,4 mm,8,Running,July,Week 2,8,14,0.225806,0.018,0.08,calendar_day_share
"4"" OD",66-67 Kgs,4 mm,8,Running,July,Week 3,15,21,0.225806,0.018,0.08,calendar_day_share
"4"" OD",66-67 Kgs,4 mm,8,Running,July,Week 4,22,28,0.225806,0.018,0.08,calendar_day_share
"4"" OD",66-67 Kgs,4 mm,8,Running,July,Week 5,29,31,0.096774,0.008,0.08,calendar_day_share
"4"" OD",75-76 Kgs,4.5 mm,8,Running,July,Week 1,1,7,0.225806,0.024,0.104,calendar_day_share
"4"" OD",75-76 Kgs,4.5 mm,8,Running,July,Week 2,8,14,0.225806,0.024,0.104,calendar_day_share
"4"" OD",75-76 Kgs,4.5 mm,8,Running,July,Week 3,15,21,0.225806,0.024,0.104,calendar_day_share
"4"" OD",75-76 Kgs,4.5 mm,8,Running,July,Week 4,22,28,0.225806,0.024,0.104,calendar_day_share
"4"" OD",75-76 Kgs,4.5 mm,8,Running,July,Week 5,29,31,0.096774,0.01,0.104,calendar_day_share
"4""",25-26 Kgs,1.6 mm,16,Running,July,Week 1,1,7,0.225806,10.026,44.402,calendar_day_share
"4""",25-26 Kgs,1.6 mm,16,Running,July,Week 2,8,14,0.225806,10.026,44.402,calendar_day_share
"4""",25-26 Kgs,1.6 mm,16,Running,July,Week 3,15,21,0.225806,10.026,44.402,calendar_day_share
"4""",25-26 Kgs,1.6 mm,16,Running,July,Week 4,22,28,0.225806,10.026,44.402,calendar_day_share
"4""",25-26 Kgs,1.6 mm,16,Running,July,Week 5,29,31,0.096774,4.297,44.402,calendar_day_share
"4""",25-26 Kgs,2 mm,14,Running,July,Week 1,1,7,0.225806,0.057,0.251,calendar_day_share
"4""",25-26 Kgs,2 mm,14,Running,July,Week 2,8,14,0.225806,0.057,0.251,calendar_day_share
"4""",25-26 Kgs,2 mm,14,Running,July,Week 3,15,21,0.225806,0.057,0.251,calendar_day_share
"4""",25-26 Kgs,2 mm,14,Running,July,Week 4,22,28,0.225806,0.057,0.251,calendar_day_share
"4""",25-26 Kgs,2 mm,14,Running,July,Week 5,29,31,0.096774,0.024,0.251,calendar_day_share
"4""",32-34 Kgs,2 mm,14,Running,July,Week 1,1,7,0.225806,21.683,96.026,calendar_day_share
"4""",32-34 Kgs,2 mm,14,Running,July,Week 2,8,14,0.225806,21.683,96.026,calendar_day_share
"4""",32-34 Kgs,2 mm,14,Running,July,Week 3,15,21,0.225806,21.683,96.026,calendar_day_share
"4""",32-34 Kgs,2 mm,14,Running,July,Week 4,22,28,0.225806,21.683,96.026,calendar_day_share
"4""",32-34 Kgs,2 mm,14,Running,July,Week 5,29,31,0.096774,9.293,96.026,calendar_day_share
"4""",40-42 Kgs,2.65 mm,12,Running,July,Week 1,1,7,0.225806,48.342,214.087,calendar_day_share
"4""",40-42 Kgs,2.65 mm,12,Running,July,Week 2,8,14,0.225806,48.342,214.087,calendar_day_share
"4""",40-42 Kgs,2.65 mm,12,Running,July,Week 3,15,21,0.225806,48.342,214.087,calendar_day_share
"4""",40-42 Kgs,2.65 mm,12,Running,July,Week 4,22,28,0.225806,48.342,214.087,calendar_day_share
"4""",40-42 Kgs,2.65 mm,12,Running,July,Week 5,29,31,0.096774,20.718,214.087,calendar_day_share
"4""",45-46 Kgs,3.65 mm,9,Running,July,Week 1,1,7,0.225806,1.217,5.389,calendar_day_share
"4""",45-46 Kgs,3.65 mm,9,Running,July,Week 2,8,14,0.225806,1.217,5.389,calendar_day_share
"4""",45-46 Kgs,3.65 mm,9,Running,July,Week 3,15,21,0.225806,1.217,5.389,calendar_day_share
"4""",45-46 Kgs,3.65 mm,9,Running,July,Week 4,22,28,0.225806,1.217,5.389,calendar_day_share
"4""",45-46 Kgs,3.65 mm,9,Running,July,Week 5,29,31,0.096774,0.522,5.389,calendar_day_share
"4""",48-50 Kgs,3.25 mm,10,Running,July,Week 1,1,7,0.225806,49.654,219.897,calendar_day_share
"4""",48-50 Kgs,3.25 mm,10,Running,July,Week 2,8,14,0.225806,49.654,219.897,calendar_day_share
"4""",48-50 Kgs,3.25 mm,10,Running,July,Week 3,15,21,0.225806,49.654,219.897,calendar_day_share
"4""",48-50 Kgs,3.25 mm,10,Running,July,Week 4,22,28,0.225806,49.654,219.897,calendar_day_share
"4""",48-50 Kgs,3.25 mm,10,Running,July,Week 5,29,31,0.096774,21.28,219.897,calendar_day_share
"4""",50-52 Kgs,4 mm,8,Running,July,Week 1,1,7,0.225806,1.493,6.611,calendar_day_share
"4""",50-52 Kgs,4 mm,8,Running,July,Week 2,8,14,0.225806,1.493,6.611,calendar_day_share
"4""",50-52 Kgs,4 mm,8,Running,July,Week 3,15,21,0.225806,1.493,6.611,calendar_day_share
"4""",50-52 Kgs,4 mm,8,Running,July,Week 4,22,28,0.225806,1.493,6.611,calendar_day_share
"4""",50-52 Kgs,4 mm,8,Running,July,Week 5,29,31,0.096774,0.64,6.611,calendar_day_share
"4""",58-60 Kgs,3.65 mm,9,Running,July,Week 1,1,7,0.225806,27.315,120.968,calendar_day_share
"4""",58-60 Kgs,3.65 mm,9,Running,July,Week 2,8,14,0.225806,27.315,120.968,calendar_day_share
"4""",58-60 Kgs,3.65 mm,9,Running,July,Week 3,15,21,0.225806,27.315,120.968,calendar_day_share
"4""",58-60 Kgs,3.65 mm,9,Running,July,Week 4,22,28,0.225806,27.315,120.968,calendar_day_share
"4""",58-60 Kgs,3.65 mm,9,Running,July,Week 5,29,31,0.096774,11.707,120.968,calendar_day_share
"4""",61-62 Kgs,3.9 mm,9,Running,July,Week 1,1,7,0.225806,7.996,35.412,calendar_day_share
"4""",61-62 Kgs,3.9 mm,9,Running,July,Week 2,8,14,0.225806,7.996,35.412,calendar_day_share
"4""",61-62 Kgs,3.9 mm,9,Running,July,Week 3,15,21,0.225806,7.996,35.412,calendar_day_share
"4""",61-62 Kgs,3.9 mm,9,Running,July,Week 4,22,28,0.225806,7.996,35.412,calendar_day_share
"4""",61-62 Kgs,3.9 mm,9,Running,July,Week 5,29,31,0.096774,3.427,35.412,calendar_day_share
"4""",65-66 Kgs,5 mm,6,Running,July,Week 1,1,7,0.225806,0.023,0.102,calendar_day_share
"4""",65-66 Kgs,5 mm,6,Running,July,Week 2,8,14,0.225806,0.023,0.102,calendar_day_share
"4""",65-66 Kgs,5 mm,6,Running,July,Week 3,15,21,0.225806,0.023,0.102,calendar_day_share
"4""",65-66 Kgs,5 mm,6,Running,July,Week 4,22,28,0.225806,0.023,0.102,calendar_day_share
"4""",65-66 Kgs,5 mm,6,Running,July,Week 5,29,31,0.096774,0.01,0.102,calendar_day_share
"4""",66-67 Kgs,4 mm,8,Running,July,Week 1,1,7,0.225806,4.642,20.558,calendar_day_share
"4""",66-67 Kgs,4 mm,8,Running,July,Week 2,8,14,0.225806,4.642,20.558,calendar_day_share
"4""",66-67 Kgs,4 mm,8,Running,July,Week 3,15,21,0.225806,4.642,20.558,calendar_day_share
"4""",66-67 Kgs,4 mm,8,Running,July,Week 4,22,28,0.225806,4.642,20.558,calendar_day_share
"4""",66-67 Kgs,4 mm,8,Running,July,Week 5,29,31,0.096774,1.989,20.558,calendar_day_share
"4""",75-76 Kgs,4.5 mm,8,Running,July,Week 1,1,7,0.225806,0.335,1.483,calendar_day_share
"4""",75-76 Kgs,4.5 mm,8,Running,July,Week 2,8,14,0.225806,0.335,1.483,calendar_day_share
"4""",75-76 Kgs,4.5 mm,8,Running,July,Week 3,15,21,0.225806,0.335,1.483,calendar_day_share
"4""",75-76 Kgs,4.5 mm,8,Running,July,Week 4,22,28,0.225806,0.335,1.483,calendar_day_share
"4""",75-76 Kgs,4.5 mm,8,Running,July,Week 5,29,31,0.096774,0.144,1.483,calendar_day_share
"4""",95-100 Kgs,6.35 mm,4,Running,July,Week 1,1,7,0.225806,2.915,12.909,calendar_day_share
"4""",95-100 Kgs,6.35 mm,4,Running,July,Week 2,8,14,0.225806,2.915,12.909,calendar_day_share
"4""",95-100 Kgs,6.35 mm,4,Running,July,Week 3,15,21,0.225806,2.915,12.909,calendar_day_share
"4""",95-100 Kgs,6.35 mm,4,Running,July,Week 4,22,28,0.225806,2.915,12.909,calendar_day_share
"4""",95-100 Kgs,6.35 mm,4,Running,July,Week 5,29,31,0.096774,1.249,12.909,calendar_day_share
"5"" O.D",100 -102 Kgs,5 mm,5,New,July,Week 1,1,7,0.225806,0.006,0.027,calendar_day_share
"5"" O.D",100 -102 Kgs,5 mm,5,New,July,Week 2,8,14,0.225806,0.006,0.027,calendar_day_share
"5"" O.D",100 -102 Kgs,5 mm,5,New,July,Week 3,15,21,0.225806,0.006,0.027,calendar_day_share
"5"" O.D",100 -102 Kgs,5 mm,5,New,July,Week 4,22,28,0.225806,0.006,0.027,calendar_day_share
"5"" O.D",100 -102 Kgs,5 mm,5,New,July,Week 5,29,31,0.096774,0.003,0.027,calendar_day_share
"5"" O.D",113-114 Kgs,6 mm,4,Running,July,Week 1,1,7,0.225806,0.1,0.441,calendar_day_share
"5"" O.D",113-114 Kgs,6 mm,4,Running,July,Week 2,8,14,0.225806,0.1,0.441,calendar_day_share
"5"" O.D",113-114 Kgs,6 mm,4,Running,July,Week 3,15,21,0.225806,0.1,0.441,calendar_day_share
"5"" O.D",113-114 Kgs,6 mm,4,Running,July,Week 4,22,28,0.225806,0.1,0.441,calendar_day_share
"5"" O.D",113-114 Kgs,6 mm,4,Running,July,Week 5,29,31,0.096774,0.043,0.441,calendar_day_share
"5"" O.D",120-125 Kgs,6 mm,4,Running,July,Week 1,1,7,0.225806,0.003,0.012,calendar_day_share
"5"" O.D",120-125 Kgs,6 mm,4,Running,July,Week 2,8,14,0.225806,0.003,0.012,calendar_day_share
"5"" O.D",120-125 Kgs,6 mm,4,Running,July,Week 3,15,21,0.225806,0.003,0.012,calendar_day_share
"5"" O.D",120-125 Kgs,6 mm,4,Running,July,Week 4,22,28,0.225806,0.003,0.012,calendar_day_share
"5"" O.D",120-125 Kgs,6 mm,4,Running,July,Week 5,29,31,0.096774,0.001,0.012,calendar_day_share
"5"" O.D",28-29 Kgs,1.2 mm,16,Running,July,Week 1,1,7,0.225806,0.24,1.062,calendar_day_share
"5"" O.D",28-29 Kgs,1.2 mm,16,Running,July,Week 2,8,14,0.225806,0.24,1.062,calendar_day_share
"5"" O.D",28-29 Kgs,1.2 mm,16,Running,July,Week 3,15,21,0.225806,0.24,1.062,calendar_day_share
"5"" O.D",28-29 Kgs,1.2 mm,16,Running,July,Week 4,22,28,0.225806,0.24,1.062,calendar_day_share
"5"" O.D",28-29 Kgs,1.2 mm,16,Running,July,Week 5,29,31,0.096774,0.103,1.062,calendar_day_share
"5"" O.D",37-38 Kgs,2 mm,14,Running,July,Week 1,1,7,0.225806,5.588,24.749,calendar_day_share
"5"" O.D",37-38 Kgs,2 mm,14,Running,July,Week 2,8,14,0.225806,5.588,24.749,calendar_day_share
"5"" O.D",37-38 Kgs,2 mm,14,Running,July,Week 3,15,21,0.225806,5.588,24.749,calendar_day_share
"5"" O.D",37-38 Kgs,2 mm,14,Running,July,Week 4,22,28,0.225806,5.588,24.749,calendar_day_share
"5"" O.D",37-38 Kgs,2 mm,14,Running,July,Week 5,29,31,0.096774,2.395,24.749,calendar_day_share
"5"" O.D",75-76 Kgs,3.65 mm,9,Running,July,Week 1,1,7,0.225806,0.353,1.564,calendar_day_share
"5"" O.D",75-76 Kgs,3.65 mm,9,Running,July,Week 2,8,14,0.225806,0.353,1.564,calendar_day_share
"5"" O.D",75-76 Kgs,3.65 mm,9,Running,July,Week 3,15,21,0.225806,0.353,1.564,calendar_day_share
"5"" O.D",75-76 Kgs,3.65 mm,9,Running,July,Week 4,22,28,0.225806,0.353,1.564,calendar_day_share
"5"" O.D",75-76 Kgs,3.65 mm,9,Running,July,Week 5,29,31,0.096774,0.151,1.564,calendar_day_share
"5"" O.D",88-90 Kgs,4 mm,Unknown,Running,July,Week 1,1,7,0.225806,0.006,0.027,calendar_day_share
"5"" O.D",88-90 Kgs,4 mm,Unknown,Running,July,Week 2,8,14,0.225806,0.006,0.027,calendar_day_share
"5"" O.D",88-90 Kgs,4 mm,Unknown,Running,July,Week 3,15,21,0.225806,0.006,0.027,calendar_day_share
"5"" O.D",88-90 Kgs,4 mm,Unknown,Running,July,Week 4,22,28,0.225806,0.006,0.027,calendar_day_share
"5"" O.D",88-90 Kgs,4 mm,Unknown,Running,July,Week 5,29,31,0.096774,0.003,0.027,calendar_day_share
"5"" O.D",94-95 Kgs,4.5 mm,5,New,July,Week 1,1,7,0.225806,0.006,0.028,calendar_day_share
"5"" O.D",94-95 Kgs,4.5 mm,5,New,July,Week 2,8,14,0.225806,0.006,0.028,calendar_day_share
"5"" O.D",94-95 Kgs,4.5 mm,5,New,July,Week 3,15,21,0.225806,0.006,0.028,calendar_day_share
"5"" O.D",94-95 Kgs,4.5 mm,5,New,July,Week 4,22,28,0.225806,0.006,0.028,calendar_day_share
"5"" O.D",94-95 Kgs,4.5 mm,5,New,July,Week 5,29,31,0.096774,0.003,0.028,calendar_day_share
"5""",100 -102 Kgs,5 mm,5,New,July,Week 1,1,7,0.225806,1.276,5.649,calendar_day_share
"5""",100 -102 Kgs,5 mm,5,New,July,Week 2,8,14,0.225806,1.276,5.649,calendar_day_share
"5""",100 -102 Kgs,5 mm,5,New,July,Week 3,15,21,0.225806,1.276,5.649,calendar_day_share
"5""",100 -102 Kgs,5 mm,5,New,July,Week 4,22,28,0.225806,1.276,5.649,calendar_day_share
"5""",100 -102 Kgs,5 mm,5,New,July,Week 5,29,31,0.096774,0.547,5.649,calendar_day_share
"5""",120-125 Kgs,6 mm,4,Running,July,Week 1,1,7,0.225806,0.716,3.172,calendar_day_share
"5""",120-125 Kgs,6 mm,4,Running,July,Week 2,8,14,0.225806,0.716,3.172,calendar_day_share
"5""",120-125 Kgs,6 mm,4,Running,July,Week 3,15,21,0.225806,0.716,3.172,calendar_day_share
"5""",120-125 Kgs,6 mm,4,Running,July,Week 4,22,28,0.225806,0.716,3.172,calendar_day_share
"5""",120-125 Kgs,6 mm,4,Running,July,Week 5,29,31,0.096774,0.307,3.172,calendar_day_share
"5""",40-42 Kgs,2 mm,14,Running,July,Week 1,1,7,0.225806,15.395,68.18,calendar_day_share
"5""",40-42 Kgs,2 mm,14,Running,July,Week 2,8,14,0.225806,15.395,68.18,calendar_day_share
"5""",40-42 Kgs,2 mm,14,Running,July,Week 3,15,21,0.225806,15.395,68.18,calendar_day_share
"5""",40-42 Kgs,2 mm,14,Running,July,Week 4,22,28,0.225806,15.395,68.18,calendar_day_share
"5""",40-42 Kgs,2 mm,14,Running,July,Week 5,29,31,0.096774,6.598,68.18,calendar_day_share
"5""",48-50 Kgs,2.35 mm,13,Running,July,Week 1,1,7,0.225806,44.643,197.704,calendar_day_share
"5""",48-50 Kgs,2.35 mm,13,Running,July,Week 2,8,14,0.225806,44.643,197.704,calendar_day_share
"5""",48-50 Kgs,2.35 mm,13,Running,July,Week 3,15,21,0.225806,44.643,197.704,calendar_day_share
"5""",48-50 Kgs,2.35 mm,13,Running,July,Week 4,22,28,0.225806,44.643,197.704,calendar_day_share
"5""",48-50 Kgs,2.35 mm,13,Running,July,Week 5,29,31,0.096774,19.133,197.704,calendar_day_share
"5""",54-55 Kgs,2.65 mm,11,Running,July,Week 1,1,7,0.225806,2.476,10.964,calendar_day_share
"5""",54-55 Kgs,2.65 mm,11,Running,July,Week 2,8,14,0.225806,2.476,10.964,calendar_day_share
"5""",54-55 Kgs,2.65 mm,11,Running,July,Week 3,15,21,0.225806,2.476,10.964,calendar_day_share
"5""",54-55 Kgs,2.65 mm,11,Running,July,Week 4,22,28,0.225806,2.476,10.964,calendar_day_share
"5""",54-55 Kgs,2.65 mm,11,Running,July,Week 5,29,31,0.096774,1.061,10.964,calendar_day_share
"5""",54-55 Kgs,2.65 mm,12,Running,July,Week 1,1,7,0.225806,0.007,0.032,calendar_day_share
"5""",54-55 Kgs,2.65 mm,12,Running,July,Week 2,8,14,0.225806,0.007,0.032,calendar_day_share
"5""",54-55 Kgs,2.65 mm,12,Running,July,Week 3,15,21,0.225806,0.007,0.032,calendar_day_share
"5""",54-55 Kgs,2.65 mm,12,Running,July,Week 4,22,28,0.225806,0.007,0.032,calendar_day_share
"5""",54-55 Kgs,2.65 mm,12,Running,July,Week 5,29,31,0.096774,0.003,0.032,calendar_day_share
"5""",60-62 Kgs,3.25 mm,10,Running,July,Week 1,1,7,0.225806,47.437,210.077,calendar_day_share
"5""",60-62 Kgs,3.25 mm,10,Running,July,Week 2,8,14,0.225806,47.437,210.077,calendar_day_share
"5""",60-62 Kgs,3.25 mm,10,Running,July,Week 3,15,21,0.225806,47.437,210.077,calendar_day_share
"5""",60-62 Kgs,3.25 mm,10,Running,July,Week 4,22,28,0.225806,47.437,210.077,calendar_day_share
"5""",60-62 Kgs,3.25 mm,10,Running,July,Week 5,29,31,0.096774,20.33,210.077,calendar_day_share
"5""",65-65 Kgs,Unknown,Unknown,Running,July,Week 1,1,7,0.225806,0.969,4.293,calendar_day_share
"5""",65-65 Kgs,Unknown,Unknown,Running,July,Week 2,8,14,0.225806,0.969,4.293,calendar_day_share
"5""",65-65 Kgs,Unknown,Unknown,Running,July,Week 3,15,21,0.225806,0.969,4.293,calendar_day_share
"5""",65-65 Kgs,Unknown,Unknown,Running,July,Week 4,22,28,0.225806,0.969,4.293,calendar_day_share
"5""",65-65 Kgs,Unknown,Unknown,Running,July,Week 5,29,31,0.096774,0.415,4.293,calendar_day_share
"5""",66-67 Kgs,4 mm,8,Running,July,Week 1,1,7,0.225806,0.006,0.026,calendar_day_share
"5""",66-67 Kgs,4 mm,8,Running,July,Week 2,8,14,0.225806,0.006,0.026,calendar_day_share
"5""",66-67 Kgs,4 mm,8,Running,July,Week 3,15,21,0.225806,0.006,0.026,calendar_day_share
"5""",66-67 Kgs,4 mm,8,Running,July,Week 4,22,28,0.225806,0.006,0.026,calendar_day_share
"5""",66-67 Kgs,4 mm,8,Running,July,Week 5,29,31,0.096774,0.003,0.026,calendar_day_share
"5""",70-72 Kgs,3.65 mm,9,Running,July,Week 1,1,7,0.225806,46.777,207.154,calendar_day_share
"5""",70-72 Kgs,3.65 mm,9,Running,July,Week 2,8,14,0.225806,46.777,207.154,calendar_day_share
"5""",70-72 Kgs,3.65 mm,9,Running,July,Week 3,15,21,0.225806,46.777,207.154,calendar_day_share
"5""",70-72 Kgs,3.65 mm,9,Running,July,Week 4,22,28,0.225806,46.777,207.154,calendar_day_share
"5""",70-72 Kgs,3.65 mm,9,Running,July,Week 5,29,31,0.096774,20.047,207.154,calendar_day_share
"5""",75-76 Kgs,4.5 mm,8,Running,July,Week 1,1,7,0.225806,1.24,5.493,calendar_day_share
"5""",75-76 Kgs,4.5 mm,8,Running,July,Week 2,8,14,0.225806,1.24,5.493,calendar_day_share
"5""",75-76 Kgs,4.5 mm,8,Running,July,Week 3,15,21,0.225806,1.24,5.493,calendar_day_share
"5""",75-76 Kgs,4.5 mm,8,Running,July,Week 4,22,28,0.225806,1.24,5.493,calendar_day_share
"5""",75-76 Kgs,4.5 mm,8,Running,July,Week 5,29,31,0.096774,0.532,5.493,calendar_day_share
"5""",80-82 Kgs,4 mm,8,Running,July,Week 1,1,7,0.225806,21.932,97.128,calendar_day_share
"5""",80-82 Kgs,4 mm,8,Running,July,Week 2,8,14,0.225806,21.932,97.128,calendar_day_share
"5""",80-82 Kgs,4 mm,8,Running,July,Week 3,15,21,0.225806,21.932,97.128,calendar_day_share
"5""",80-82 Kgs,4 mm,8,Running,July,Week 4,22,28,0.225806,21.932,97.128,calendar_day_share
"5""",80-82 Kgs,4 mm,8,Running,July,Week 5,29,31,0.096774,9.399,97.128,calendar_day_share
"5""",88-90 Kgs,4 mm,Unknown,Running,July,Week 1,1,7,0.225806,0.24,1.063,calendar_day_share
"5""",88-90 Kgs,4 mm,Unknown,Running,July,Week 2,8,14,0.225806,0.24,1.063,calendar_day_share
"5""",88-90 Kgs,4 mm,Unknown,Running,July,Week 3,15,21,0.225806,0.24,1.063,calendar_day_share
"5""",88-90 Kgs,4 mm,Unknown,Running,July,Week 4,22,28,0.225806,0.24,1.063,calendar_day_share
"5""",88-90 Kgs,4 mm,Unknown,Running,July,Week 5,29,31,0.096774,0.103,1.063,calendar_day_share
"5""",94-95 Kgs,4.5 mm,5,New,July,Week 1,1,7,0.225806,13.928,61.682,calendar_day_share
"5""",94-95 Kgs,4.5 mm,5,New,July,Week 2,8,14,0.225806,13.928,61.682,calendar_day_share
"5""",94-95 Kgs,4.5 mm,5,New,July,Week 3,15,21,0.225806,13.928,61.682,calendar_day_share
"5""",94-95 Kgs,4.5 mm,5,New,July,Week 4,22,28,0.225806,13.928,61.682,calendar_day_share
"5""",94-95 Kgs,4.5 mm,5,New,July,Week 5,29,31,0.096774,5.969,61.682,calendar_day_share
"5""",95-100 Kgs,6.35 mm,4,Running,July,Week 1,1,7,0.225806,0.003,0.015,calendar_day_share
"5""",95-100 Kgs,6.35 mm,4,Running,July,Week 2,8,14,0.225806,0.003,0.015,calendar_day_share
"5""",95-100 Kgs,6.35 mm,4,Running,July,Week 3,15,21,0.225806,0.003,0.015,calendar_day_share
"5""",95-100 Kgs,6.35 mm,4,Running,July,Week 4,22,28,0.225806,0.003,0.015,calendar_day_share
"5""",95-100 Kgs,6.35 mm,4,Running,July,Week 5,29,31,0.096774,0.001,0.015,calendar_day_share
"6"" O.D",100-103 Kgs,4.25 mm,Unknown,Running,July,Week 1,1,7,0.225806,0.023,0.102,calendar_day_share
"6"" O.D",100-103 Kgs,4.25 mm,Unknown,Running,July,Week 2,8,14,0.225806,0.023,0.102,calendar_day_share
"6"" O.D",100-103 Kgs,4.25 mm,Unknown,Running,July,Week 3,15,21,0.225806,0.023,0.102,calendar_day_share
"6"" O.D",100-103 Kgs,4.25 mm,Unknown,Running,July,Week 4,22,28,0.225806,0.023,0.102,calendar_day_share
"6"" O.D",100-103 Kgs,4.25 mm,Unknown,Running,July,Week 5,29,31,0.096774,0.01,0.102,calendar_day_share
"6"" O.D",108-110 Kgs,4.5 mm,7,Running,July,Week 1,1,7,0.225806,0.003,0.013,calendar_day_share
"6"" O.D",108-110 Kgs,4.5 mm,7,Running,July,Week 2,8,14,0.225806,0.003,0.013,calendar_day_share
"6"" O.D",108-110 Kgs,4.5 mm,7,Running,July,Week 3,15,21,0.225806,0.003,0.013,calendar_day_share
"6"" O.D",108-110 Kgs,4.5 mm,7,Running,July,Week 4,22,28,0.225806,0.003,0.013,calendar_day_share
"6"" O.D",108-110 Kgs,4.5 mm,7,Running,July,Week 5,29,31,0.096774,0.001,0.013,calendar_day_share
"6"" O.D",140-145 Kgs,Unknown,Unknown,Unknown,July,Week 1,1,7,0.225806,0.028,0.123,calendar_day_share
"6"" O.D",140-145 Kgs,Unknown,Unknown,Unknown,July,Week 2,8,14,0.225806,0.028,0.123,calendar_day_share
"6"" O.D",140-145 Kgs,Unknown,Unknown,Unknown,July,Week 3,15,21,0.225806,0.028,0.123,calendar_day_share
"6"" O.D",140-145 Kgs,Unknown,Unknown,Unknown,July,Week 4,22,28,0.225806,0.028,0.123,calendar_day_share
"6"" O.D",140-145 Kgs,Unknown,Unknown,Unknown,July,Week 5,29,31,0.096774,0.012,0.123,calendar_day_share
"6"" O.D",96-97 Kgs,4 mm,Unknown,Running,July,Week 1,1,7,0.225806,0.006,0.027,calendar_day_share
"6"" O.D",96-97 Kgs,4 mm,Unknown,Running,July,Week 2,8,14,0.225806,0.006,0.027,calendar_day_share
"6"" O.D",96-97 Kgs,4 mm,Unknown,Running,July,Week 3,15,21,0.225806,0.006,0.027,calendar_day_share
"6"" O.D",96-97 Kgs,4 mm,Unknown,Running,July,Week 4,22,28,0.225806,0.006,0.027,calendar_day_share
"6"" O.D",96-97 Kgs,4 mm,Unknown,Running,July,Week 5,29,31,0.096774,0.003,0.027,calendar_day_share
"6""",100-103 Kgs,4.25 mm,Unknown,Running,July,Week 1,1,7,0.225806,0.094,0.417,calendar_day_share
"6""",100-103 Kgs,4.25 mm,Unknown,Running,July,Week 2,8,14,0.225806,0.094,0.417,calendar_day_share
"6""",100-103 Kgs,4.25 mm,Unknown,Running,July,Week 3,15,21,0.225806,0.094,0.417,calendar_day_share
"6""",100-103 Kgs,4.25 mm,Unknown,Running,July,Week 4,22,28,0.225806,0.094,0.417,calendar_day_share
"6""",100-103 Kgs,4.25 mm,Unknown,Running,July,Week 5,29,31,0.096774,0.04,0.417,calendar_day_share
"6""",108-110 Kgs,4.5 mm,7,Running,July,Week 1,1,7,0.225806,0.041,0.18,calendar_day_share
"6""",108-110 Kgs,4.5 mm,7,Running,July,Week 2,8,14,0.225806,0.041,0.18,calendar_day_share
"6""",108-110 Kgs,4.5 mm,7,Running,July,Week 3,15,21,0.225806,0.041,0.18,calendar_day_share
"6""",108-110 Kgs,4.5 mm,7,Running,July,Week 4,22,28,0.225806,0.041,0.18,calendar_day_share
"6""",108-110 Kgs,4.5 mm,7,Running,July,Week 5,29,31,0.096774,0.017,0.18,calendar_day_share
"6""",112-114 Kgs,4.75 mm,6,Running,July,Week 1,1,7,0.225806,10.582,46.865,calendar_day_share
"6""",112-114 Kgs,4.75 mm,6,Running,July,Week 2,8,14,0.225806,10.582,46.865,calendar_day_share
"6""",112-114 Kgs,4.75 mm,6,Running,July,Week 3,15,21,0.225806,10.582,46.865,calendar_day_share
"6""",112-114 Kgs,4.75 mm,6,Running,July,Week 4,22,28,0.225806,10.582,46.865,calendar_day_share
"6""",112-114 Kgs,4.75 mm,6,Running,July,Week 5,29,31,0.096774,4.535,46.865,calendar_day_share
"6""",113-114 Kgs,6 mm,4,Running,July,Week 1,1,7,0.225806,0.003,0.012,calendar_day_share
"6""",113-114 Kgs,6 mm,4,Running,July,Week 2,8,14,0.225806,0.003,0.012,calendar_day_share
"6""",113-114 Kgs,6 mm,4,Running,July,Week 3,15,21,0.225806,0.003,0.012,calendar_day_share
"6""",113-114 Kgs,6 mm,4,Running,July,Week 4,22,28,0.225806,0.003,0.012,calendar_day_share
"6""",113-114 Kgs,6 mm,4,Running,July,Week 5,29,31,0.096774,0.001,0.012,calendar_day_share
"6""",35- 36 Kgs,1.6 mm,16,Running,July,Week 1,1,7,0.225806,0.234,1.035,calendar_day_share
"6""",35- 36 Kgs,1.6 mm,16,Running,July,Week 2,8,14,0.225806,0.234,1.035,calendar_day_share
"6""",35- 36 Kgs,1.6 mm,16,Running,July,Week 3,15,21,0.225806,0.234,1.035,calendar_day_share
"6""",35- 36 Kgs,1.6 mm,16,Running,July,Week 4,22,28,0.225806,0.234,1.035,calendar_day_share
"6""",35- 36 Kgs,1.6 mm,16,Running,July,Week 5,29,31,0.096774,0.1,1.035,calendar_day_share
"6""",37-38 Kgs,2 mm,14,Running,July,Week 1,1,7,0.225806,0.006,0.028,calendar_day_share
"6""",37-38 Kgs,2 mm,14,Running,July,Week 2,8,14,0.225806,0.006,0.028,calendar_day_share
"6""",37-38 Kgs,2 mm,14,Running,July,Week 3,15,21,0.225806,0.006,0.028,calendar_day_share
"6""",37-38 Kgs,2 mm,14,Running,July,Week 4,22,28,0.225806,0.006,0.028,calendar_day_share
"6""",37-38 Kgs,2 mm,14,Running,July,Week 5,29,31,0.096774,0.003,0.028,calendar_day_share
"6""",48-50 Kgs,2 mm,14,Running,July,Week 1,1,7,0.225806,0.441,1.955,calendar_day_share
"6""",48-50 Kgs,2 mm,14,Running,July,Week 2,8,14,0.225806,0.441,1.955,calendar_day_share
"6""",48-50 Kgs,2 mm,14,Running,July,Week 3,15,21,0.225806,0.441,1.955,calendar_day_share
"6""",48-50 Kgs,2 mm,14,Running,July,Week 4,22,28,0.225806,0.441,1.955,calendar_day_share
"6""",48-50 Kgs,2 mm,14,Running,July,Week 5,29,31,0.096774,0.189,1.955,calendar_day_share
"6""",52-54 Kgs,2 mm,14,Running,July,Week 1,1,7,0.225806,0.483,2.138,calendar_day_share
"6""",52-54 Kgs,2 mm,14,Running,July,Week 2,8,14,0.225806,0.483,2.138,calendar_day_share
"6""",52-54 Kgs,2 mm,14,Running,July,Week 3,15,21,0.225806,0.483,2.138,calendar_day_share
"6""",52-54 Kgs,2 mm,14,Running,July,Week 4,22,28,0.225806,0.483,2.138,calendar_day_share
"6""",52-54 Kgs,2 mm,14,Running,July,Week 5,29,31,0.096774,0.207,2.138,calendar_day_share
"6""",60-62 Kgs,2.35 mm,12,Running,July,Week 1,1,7,0.225806,4.85,21.476,calendar_day_share
"6""",60-62 Kgs,2.35 mm,12,Running,July,Week 2,8,14,0.225806,4.85,21.476,calendar_day_share
"6""",60-62 Kgs,2.35 mm,12,Running,July,Week 3,15,21,0.225806,4.85,21.476,calendar_day_share
"6""",60-62 Kgs,2.35 mm,12,Running,July,Week 4,22,28,0.225806,4.85,21.476,calendar_day_share
"6""",60-62 Kgs,2.35 mm,12,Running,July,Week 5,29,31,0.096774,2.078,21.476,calendar_day_share
"6""",68-69 Kgs,Unknown,Unknown,Running,July,Week 1,1,7,0.225806,0.03,0.135,calendar_day_share
"6""",68-69 Kgs,Unknown,Unknown,Running,July,Week 2,8,14,0.225806,0.03,0.135,calendar_day_share
"6""",68-69 Kgs,Unknown,Unknown,Running,July,Week 3,15,21,0.225806,0.03,0.135,calendar_day_share
"6""",68-69 Kgs,Unknown,Unknown,Running,July,Week 4,22,28,0.225806,0.03,0.135,calendar_day_share
"6""",68-69 Kgs,Unknown,Unknown,Running,July,Week 5,29,31,0.096774,0.013,0.135,calendar_day_share
"6""",72-74 Kgs,3.25 mm,10,Running,July,Week 1,1,7,0.225806,40.213,178.088,calendar_day_share
"6""",72-74 Kgs,3.25 mm,10,Running,July,Week 2,8,14,0.225806,40.213,178.088,calendar_day_share
"6""",72-74 Kgs,3.25 mm,10,Running,July,Week 3,15,21,0.225806,40.213,178.088,calendar_day_share
"6""",72-74 Kgs,3.25 mm,10,Running,July,Week 4,22,28,0.225806,40.213,178.088,calendar_day_share
"6""",72-74 Kgs,3.25 mm,10,Running,July,Week 5,29,31,0.096774,17.234,178.088,calendar_day_share
"6""",75-76 Kgs,3.65 mm,9,Running,July,Week 1,1,7,0.225806,1.004,4.447,calendar_day_share
"6""",75-76 Kgs,3.65 mm,9,Running,July,Week 2,8,14,0.225806,1.004,4.447,calendar_day_share
"6""",75-76 Kgs,3.65 mm,9,Running,July,Week 3,15,21,0.225806,1.004,4.447,calendar_day_share
"6""",75-76 Kgs,3.65 mm,9,Running,July,Week 4,22,28,0.225806,1.004,4.447,calendar_day_share
"6""",75-76 Kgs,3.65 mm,9,Running,July,Week 5,29,31,0.096774,0.43,4.447,calendar_day_share
"6""",78-80 Kgs,3.65 mm,9,Running,July,Week 1,1,7,0.225806,0.077,0.339,calendar_day_share
"6""",78-80 Kgs,3.65 mm,9,Running,July,Week 2,8,14,0.225806,0.077,0.339,calendar_day_share
"6""",78-80 Kgs,3.65 mm,9,Running,July,Week 3,15,21,0.225806,0.077,0.339,calendar_day_share
"6""",78-80 Kgs,3.65 mm,9,Running,July,Week 4,22,28,0.225806,0.077,0.339,calendar_day_share
"6""",78-80 Kgs,3.65 mm,9,Running,July,Week 5,29,31,0.096774,0.033,0.339,calendar_day_share
"6""",84-86 Kgs,3.65 mm,9,Running,July,Week 1,1,7,0.225806,17.982,79.636,calendar_day_share
"6""",84-86 Kgs,3.65 mm,9,Running,July,Week 2,8,14,0.225806,17.982,79.636,calendar_day_share
"6""",84-86 Kgs,3.65 mm,9,Running,July,Week 3,15,21,0.225806,17.982,79.636,calendar_day_share
"6""",84-86 Kgs,3.65 mm,9,Running,July,Week 4,22,28,0.225806,17.982,79.636,calendar_day_share
"6""",84-86 Kgs,3.65 mm,9,Running,July,Week 5,29,31,0.096774,7.707,79.636,calendar_day_share
"6""",96-97 Kgs,4 mm,Unknown,Running,July,Week 1,1,7,0.225806,19.234,85.18,calendar_day_share
"6""",96-97 Kgs,4 mm,Unknown,Running,July,Week 2,8,14,0.225806,19.234,85.18,calendar_day_share
"6""",96-97 Kgs,4 mm,Unknown,Running,July,Week 3,15,21,0.225806,19.234,85.18,calendar_day_share
"6""",96-97 Kgs,4 mm,Unknown,Running,July,Week 4,22,28,0.225806,19.234,85.18,calendar_day_share
"6""",96-97 Kgs,4 mm,Unknown,Running,July,Week 5,29,31,0.096774,8.243,85.18,calendar_day_share
"7""",100-103 Kgs,4.25 mm,Unknown,Running,July,Week 1,1,7,0.225806,0.003,0.014,calendar_day_share
"7""",100-103 Kgs,4.25 mm,Unknown,Running,July,Week 2,8,14,0.225806,0.003,0.014,calendar_day_share
"7""",100-103 Kgs,4.25 mm,Unknown,Running,July,Week 3,15,21,0.225806,0.003,0.014,calendar_day_share
"7""",100-103 Kgs,4.25 mm,Unknown,Running,July,Week 4,22,28,0.225806,0.003,0.014,calendar_day_share
"7""",100-103 Kgs,4.25 mm,Unknown,Running,July,Week 5,29,31,0.096774,0.001,0.014,calendar_day_share
"7""",108-110 Kgs,4.5 mm,7,Running,July,Week 1,1,7,0.225806,0.003,0.013,calendar_day_share
"7""",108-110 Kgs,4.5 mm,7,Running,July,Week 2,8,14,0.225806,0.003,0.013,calendar_day_share
"7""",108-110 Kgs,4.5 mm,7,Running,July,Week 3,15,21,0.225806,0.003,0.013,calendar_day_share
"7""",108-110 Kgs,4.5 mm,7,Running,July,Week 4,22,28,0.225806,0.003,0.013,calendar_day_share
"7""",108-110 Kgs,4.5 mm,7,Running,July,Week 5,29,31,0.096774,0.001,0.013,calendar_day_share
"7""",110-112 Kgs,Unknown,Unknown,Running,July,Week 1,1,7,0.225806,0.003,0.013,calendar_day_share
"7""",110-112 Kgs,Unknown,Unknown,Running,July,Week 2,8,14,0.225806,0.003,0.013,calendar_day_share
"7""",110-112 Kgs,Unknown,Unknown,Running,July,Week 3,15,21,0.225806,0.003,0.013,calendar_day_share
"7""",110-112 Kgs,Unknown,Unknown,Running,July,Week 4,22,28,0.225806,0.003,0.013,calendar_day_share
"7""",110-112 Kgs,Unknown,Unknown,Running,July,Week 5,29,31,0.096774,0.001,0.013,calendar_day_share
"7""",112-114 Kgs,4.75 mm,6,Running,July,Week 1,1,7,0.225806,0.023,0.1,calendar_day_share
"7""",112-114 Kgs,4.75 mm,6,Running,July,Week 2,8,14,0.225806,0.023,0.1,calendar_day_share
"7""",112-114 Kgs,4.75 mm,6,Running,July,Week 3,15,21,0.225806,0.023,0.1,calendar_day_share
"7""",112-114 Kgs,4.75 mm,6,Running,July,Week 4,22,28,0.225806,0.023,0.1,calendar_day_share
"7""",112-114 Kgs,4.75 mm,6,Running,July,Week 5,29,31,0.096774,0.01,0.1,calendar_day_share
"7""",140-145 Kgs,Unknown,Unknown,Unknown,July,Week 1,1,7,0.225806,0.048,0.21,calendar_day_share
"7""",140-145 Kgs,Unknown,Unknown,Unknown,July,Week 2,8,14,0.225806,0.048,0.21,calendar_day_share
"7""",140-145 Kgs,Unknown,Unknown,Unknown,July,Week 3,15,21,0.225806,0.048,0.21,calendar_day_share
"7""",140-145 Kgs,Unknown,Unknown,Unknown,July,Week 4,22,28,0.225806,0.048,0.21,calendar_day_share
"7""",140-145 Kgs,Unknown,Unknown,Unknown,July,Week 5,29,31,0.096774,0.02,0.21,calendar_day_share
"7""",60-62 Kgs,Unknown,Unknown,Running,July,Week 1,1,7,0.225806,0.046,0.202,calendar_day_share
"7""",60-62 Kgs,Unknown,Unknown,Running,July,Week 2,8,14,0.225806,0.046,0.202,calendar_day_share
"7""",60-62 Kgs,Unknown,Unknown,Running,July,Week 3,15,21,0.225806,0.046,0.202,calendar_day_share
"7""",60-62 Kgs,Unknown,Unknown,Running,July,Week 4,22,28,0.225806,0.046,0.202,calendar_day_share
"7""",60-62 Kgs,Unknown,Unknown,Running,July,Week 5,29,31,0.096774,0.02,0.202,calendar_day_share
¾”,4-4½ Kgs,1.2 mm,18,Running,July,Week 1,1,7,0.225806,0.201,0.891,calendar_day_share
¾”,4-4½ Kgs,1.2 mm,18,Running,July,Week 2,8,14,0.225806,0.201,0.891,calendar_day_share
¾”,4-4½ Kgs,1.2 mm,18,Running,July,Week 3,15,21,0.225806,0.201,0.891,calendar_day_share
¾”,4-4½ Kgs,1.2 mm,18,Running,July,Week 4,22,28,0.225806,0.201,0.891,calendar_day_share
¾”,4-4½ Kgs,1.2 mm,18,Running,July,Week 5,29,31,0.096774,0.086,0.891,calendar_day_share
¾”,5½-6 Kgs,1.6 mm,16,Running,July,Week 1,1,7,0.225806,2.217,9.82,calendar_day_share
¾”,5½-6 Kgs,1.6 mm,16,Running,July,Week 2,8,14,0.225806,2.217,9.82,calendar_day_share
¾”,5½-6 Kgs,1.6 mm,16,Running,July,Week 3,15,21,0.225806,2.217,9.82,calendar_day_share
¾”,5½-6 Kgs,1.6 mm,16,Running,July,Week 4,22,28,0.225806,2.217,9.82,calendar_day_share
¾”,5½-6 Kgs,1.6 mm,16,Running,July,Week 5,29,31,0.096774,0.95,9.82,calendar_day_share
¾”,6 -7 Kgs,2 mm,14,Running,July,Week 1,1,7,0.225806,9.453,41.865,calendar_day_share
¾”,6 -7 Kgs,2 mm,14,Running,July,Week 2,8,14,0.225806,9.453,41.865,calendar_day_share
¾”,6 -7 Kgs,2 mm,14,Running,July,Week 3,15,21,0.225806,9.453,41.865,calendar_day_share
¾”,6 -7 Kgs,2 mm,14,Running,July,Week 4,22,28,0.225806,9.453,41.865,calendar_day_share
¾”,6 -7 Kgs,2 mm,14,Running,July,Week 5,29,31,0.096774,4.051,41.865,calendar_day_share
¾”,7 -7½ Kgs,2 mm,14,Running,July,Week 1,1,7,0.225806,1.157,5.123,calendar_day_share
¾”,7 -7½ Kgs,2 mm,14,Running,July,Week 2,8,14,0.225806,1.157,5.123,calendar_day_share
¾”,7 -7½ Kgs,2 mm,14,Running,July,Week 3,15,21,0.225806,1.157,5.123,calendar_day_share
¾”,7 -7½ Kgs,2 mm,14,Running,July,Week 4,22,28,0.225806,1.157,5.123,calendar_day_share
¾”,7 -7½ Kgs,2 mm,14,Running,July,Week 5,29,31,0.096774,0.496,5.123,calendar_day_share
¾”,8-8½ Kgs,2.35 mm,12,Running,July,Week 1,1,7,0.225806,5.06,22.41,calendar_day_share
¾”,8-8½ Kgs,2.35 mm,12,Running,July,Week 2,8,14,0.225806,5.06,22.41,calendar_day_share
¾”,8-8½ Kgs,2.35 mm,12,Running,July,Week 3,15,21,0.225806,5.06,22.41,calendar_day_share
¾”,8-8½ Kgs,2.35 mm,12,Running,July,Week 4,22,28,0.225806,5.06,22.41,calendar_day_share
¾”,8-8½ Kgs,2.35 mm,12,Running,July,Week 5,29,31,0.096774,2.169,22.41,calendar_day_share
"1""",11-12 Kgs,2.35 mm,12,Running,August,Week 1,1,7,0.225806,73.328,324.738,calendar_day_share
"1""",11-12 Kgs,2.35 mm,12,Running,August,Week 2,8,14,0.225806,73.328,324.738,calendar_day_share
"1""",11-12 Kgs,2.35 mm,12,Running,August,Week 3,15,21,0.225806,73.328,324.738,calendar_day_share
"1""",11-12 Kgs,2.35 mm,12,Running,August,Week 4,22,28,0.225806,73.328,324.738,calendar_day_share
"1""",11-12 Kgs,2.35 mm,12,Running,August,Week 5,29,31,0.096774,31.426,324.738,calendar_day_share
"1""",13-14 Kgs,2.35 mm,10,Running,August,Week 1,1,7,0.225806,0.024,0.106,calendar_day_share
"1""",13-14 Kgs,2.35 mm,10,Running,August,Week 2,8,14,0.225806,0.024,0.106,calendar_day_share
"1""",13-14 Kgs,2.35 mm,10,Running,August,Week 3,15,21,0.225806,0.024,0.106,calendar_day_share
"1""",13-14 Kgs,2.35 mm,10,Running,August,Week 4,22,28,0.225806,0.024,0.106,calendar_day_share
"1""",13-14 Kgs,2.35 mm,10,Running,August,Week 5,29,31,0.096774,0.01,0.106,calendar_day_share
"1""",13-14 Kgs,3.25 mm,10,Running,August,Week 1,1,7,0.225806,9.592,42.479,calendar_day_share
"1""",13-14 Kgs,3.25 mm,10,Running,August,Week 2,8,14,0.225806,9.592,42.479,calendar_day_share
"1""",13-14 Kgs,3.25 mm,10,Running,August,Week 3,15,21,0.225806,9.592,42.479,calendar_day_share
"1""",13-14 Kgs,3.25 mm,10,Running,August,Week 4,22,28,0.225806,9.592,42.479,calendar_day_share
"1""",13-14 Kgs,3.25 mm,10,Running,August,Week 5,29,31,0.096774,4.111,42.479,calendar_day_share
"1""",17-18 Kgs,3.25 mm,10,Running,August,Week 1,1,7,0.225806,0.015,0.068,calendar_day_share
"1""",17-18 Kgs,3.25 mm,10,Running,August,Week 2,8,14,0.225806,0.015,0.068,calendar_day_share
"1""",17-18 Kgs,3.25 mm,10,Running,August,Week 3,15,21,0.225806,0.015,0.068,calendar_day_share
"1""",17-18 Kgs,3.25 mm,10,Running,August,Week 4,22,28,0.225806,0.015,0.068,calendar_day_share
"1""",17-18 Kgs,3.25 mm,10,Running,August,Week 5,29,31,0.096774,0.007,0.068,calendar_day_share
"1""",7-8 Kgs,1.6 mm,16,Running,August,Week 1,1,7,0.225806,9.135,40.456,calendar_day_share
"1""",7-8 Kgs,1.6 mm,16,Running,August,Week 2,8,14,0.225806,9.135,40.456,calendar_day_share
"1""",7-8 Kgs,1.6 mm,16,Running,August,Week 3,15,21,0.225806,9.135,40.456,calendar_day_share
"1""",7-8 Kgs,1.6 mm,16,Running,August,Week 4,22,28,0.225806,9.135,40.456,calendar_day_share
"1""",7-8 Kgs,1.6 mm,16,Running,August,Week 5,29,31,0.096774,3.915,40.456,calendar_day_share
"1""",9-10 Kgs,2 mm,14,Running,August,Week 1,1,7,0.225806,19.332,85.612,calendar_day_share
"1""",9-10 Kgs,2 mm,14,Running,August,Week 2,8,14,0.225806,19.332,85.612,calendar_day_share
"1""",9-10 Kgs,2 mm,14,Running,August,Week 3,15,21,0.225806,19.332,85.612,calendar_day_share
"1""",9-10 Kgs,2 mm,14,Running,August,Week 4,22,28,0.225806,19.332,85.612,calendar_day_share
"1""",9-10 Kgs,2 mm,14,Running,August,Week 5,29,31,0.096774,8.285,85.612,calendar_day_share
"1""",Unknown,Unknown,10,Running,August,Week 1,1,7,0.225806,3.444,15.25,calendar_day_share
"1""",Unknown,Unknown,10,Running,August,Week 2,8,14,0.225806,3.444,15.25,calendar_day_share
"1""",Unknown,Unknown,10,Running,August,Week 3,15,21,0.225806,3.444,15.25,calendar_day_share
"1""",Unknown,Unknown,10,Running,August,Week 4,22,28,0.225806,3.444,15.25,calendar_day_share
"1""",Unknown,Unknown,10,Running,August,Week 5,29,31,0.096774,1.476,15.25,calendar_day_share
"1¼""",10-11 Kgs,1.6 mm,16,Running,August,Week 1,1,7,0.225806,63.749,282.318,calendar_day_share
"1¼""",10-11 Kgs,1.6 mm,16,Running,August,Week 2,8,14,0.225806,63.749,282.318,calendar_day_share
"1¼""",10-11 Kgs,1.6 mm,16,Running,August,Week 3,15,21,0.225806,63.749,282.318,calendar_day_share
"1¼""",10-11 Kgs,1.6 mm,16,Running,August,Week 4,22,28,0.225806,63.749,282.318,calendar_day_share
"1¼""",10-11 Kgs,1.6 mm,16,Running,August,Week 5,29,31,0.096774,27.321,282.318,calendar_day_share
"1¼""",12-13 Kgs,2 mm,14,Running,August,Week 1,1,7,0.225806,30.317,134.263,calendar_day_share
"1¼""",12-13 Kgs,2 mm,14,Running,August,Week 2,8,14,0.225806,30.317,134.263,calendar_day_share
"1¼""",12-13 Kgs,2 mm,14,Running,August,Week 3,15,21,0.225806,30.317,134.263,calendar_day_share
"1¼""",12-13 Kgs,2 mm,14,Running,August,Week 4,22,28,0.225806,30.317,134.263,calendar_day_share
"1¼""",12-13 Kgs,2 mm,14,Running,August,Week 5,29,31,0.096774,12.993,134.263,calendar_day_share
"1¼""",15-16 Kgs,2.65 mm,12,Running,August,Week 1,1,7,0.225806,0.061,0.272,calendar_day_share
"1¼""",15-16 Kgs,2.65 mm,12,Running,August,Week 2,8,14,0.225806,0.061,0.272,calendar_day_share
"1¼""",15-16 Kgs,2.65 mm,12,Running,August,Week 3,15,21,0.225806,0.061,0.272,calendar_day_share
"1¼""",15-16 Kgs,2.65 mm,12,Running,August,Week 4,22,28,0.225806,0.061,0.272,calendar_day_share
"1¼""",15-16 Kgs,2.65 mm,12,Running,August,Week 5,29,31,0.096774,0.026,0.272,calendar_day_share
"1¼""",17-18 Kgs,2.65 mm,12,Running,August,Week 1,1,7,0.225806,27.85,123.338,calendar_day_share
"1¼""",17-18 Kgs,2.65 mm,12,Running,August,Week 2,8,14,0.225806,27.85,123.338,calendar_day_share
"1¼""",17-18 Kgs,2.65 mm,12,Running,August,Week 3,15,21,0.225806,27.85,123.338,calendar_day_share
"1¼""",17-18 Kgs,2.65 mm,12,Running,August,Week 4,22,28,0.225806,27.85,123.338,calendar_day_share
"1¼""",17-18 Kgs,2.65 mm,12,Running,August,Week 5,29,31,0.096774,11.936,123.338,calendar_day_share
"1¼""",17-18 Kgs,3 mm,10,Running,August,Week 1,1,7,0.225806,0.015,0.068,calendar_day_share
"1¼""",17-18 Kgs,3 mm,10,Running,August,Week 2,8,14,0.225806,0.015,0.068,calendar_day_share
"1¼""",17-18 Kgs,3 mm,10,Running,August,Week 3,15,21,0.225806,0.015,0.068,calendar_day_share
"1¼""",17-18 Kgs,3 mm,10,Running,August,Week 4,22,28,0.225806,0.015,0.068,calendar_day_share
"1¼""",17-18 Kgs,3 mm,10,Running,August,Week 5,29,31,0.096774,0.007,0.068,calendar_day_share
"1¼""",19-20 Kgs,3 mm,10,Running,August,Week 1,1,7,0.225806,4.888,21.649,calendar_day_share
"1¼""",19-20 Kgs,3 mm,10,Running,August,Week 2,8,14,0.225806,4.888,21.649,calendar_day_share
"1¼""",19-20 Kgs,3 mm,10,Running,August,Week 3,15,21,0.225806,4.888,21.649,calendar_day_share
"1¼""",19-20 Kgs,3 mm,10,Running,August,Week 4,22,28,0.225806,4.888,21.649,calendar_day_share
"1¼""",19-20 Kgs,3 mm,10,Running,August,Week 5,29,31,0.096774,2.095,21.649,calendar_day_share
"1¼""",21-22 Kgs,3.65 mm,9,Running,August,Week 1,1,7,0.225806,0.787,3.485,calendar_day_share
"1¼""",21-22 Kgs,3.65 mm,9,Running,August,Week 2,8,14,0.225806,0.787,3.485,calendar_day_share
"1¼""",21-22 Kgs,3.65 mm,9,Running,August,Week 3,15,21,0.225806,0.787,3.485,calendar_day_share
"1¼""",21-22 Kgs,3.65 mm,9,Running,August,Week 4,22,28,0.225806,0.787,3.485,calendar_day_share
"1¼""",21-22 Kgs,3.65 mm,9,Running,August,Week 5,29,31,0.096774,0.337,3.485,calendar_day_share
"1¼""",22-23 Kgs,3.65 mm,9,Running,August,Week 1,1,7,0.225806,0.547,2.424,calendar_day_share
"1¼""",22-23 Kgs,3.65 mm,9,Running,August,Week 2,8,14,0.225806,0.547,2.424,calendar_day_share
"1¼""",22-23 Kgs,3.65 mm,9,Running,August,Week 3,15,21,0.225806,0.547,2.424,calendar_day_share
"1¼""",22-23 Kgs,3.65 mm,9,Running,August,Week 4,22,28,0.225806,0.547,2.424,calendar_day_share
"1¼""",22-23 Kgs,3.65 mm,9,Running,August,Week 5,29,31,0.096774,0.235,2.424,calendar_day_share
"1¼""",8-9 Kgs,1.2 mm,18,Running,August,Week 1,1,7,0.225806,0.02,0.09,calendar_day_share
"1¼""",8-9 Kgs,1.2 mm,18,Running,August,Week 2,8,14,0.225806,0.02,0.09,calendar_day_share
"1¼""",8-9 Kgs,1.2 mm,18,Running,August,Week 3,15,21,0.225806,0.02,0.09,calendar_day_share
"1¼""",8-9 Kgs,1.2 mm,18,Running,August,Week 4,22,28,0.225806,0.02,0.09,calendar_day_share
"1¼""",8-9 Kgs,1.2 mm,18,Running,August,Week 5,29,31,0.096774,0.009,0.09,calendar_day_share
"1½""",10-11 Kgs,1.6 mm,16,Running,August,Week 1,1,7,0.225806,27.428,121.468,calendar_day_share
"1½""",10-11 Kgs,1.6 mm,16,Running,August,Week 2,8,14,0.225806,27.428,121.468,calendar_day_share
"1½""",10-11 Kgs,1.6 mm,16,Running,August,Week 3,15,21,0.225806,27.428,121.468,calendar_day_share
"1½""",10-11 Kgs,1.6 mm,16,Running,August,Week 4,22,28,0.225806,27.428,121.468,calendar_day_share
"1½""",10-11 Kgs,1.6 mm,16,Running,August,Week 5,29,31,0.096774,11.755,121.468,calendar_day_share
"1½""",13-14 Kgs,1.8 mm,14,Running,August,Week 1,1,7,0.225806,71.494,316.617,calendar_day_share
"1½""",13-14 Kgs,1.8 mm,14,Running,August,Week 2,8,14,0.225806,71.494,316.617,calendar_day_share
"1½""",13-14 Kgs,1.8 mm,14,Running,August,Week 3,15,21,0.225806,71.494,316.617,calendar_day_share
"1½""",13-14 Kgs,1.8 mm,14,Running,August,Week 4,22,28,0.225806,71.494,316.617,calendar_day_share
"1½""",13-14 Kgs,1.8 mm,14,Running,August,Week 5,29,31,0.096774,30.64,316.617,calendar_day_share
"1½""",13-14 Kgs,2 mm,14,Running,August,Week 1,1,7,0.225806,0.011,0.047,calendar_day_share
"1½""",13-14 Kgs,2 mm,14,Running,August,Week 2,8,14,0.225806,0.011,0.047,calendar_day_share
"1½""",13-14 Kgs,2 mm,14,Running,August,Week 3,15,21,0.225806,0.011,0.047,calendar_day_share
"1½""",13-14 Kgs,2 mm,14,Running,August,Week 4,22,28,0.225806,0.011,0.047,calendar_day_share
"1½""",13-14 Kgs,2 mm,14,Running,August,Week 5,29,31,0.096774,0.005,0.047,calendar_day_share
"1½""",15-16 Kgs,2 mm,12,Running,August,Week 1,1,7,0.225806,4.8,21.256,calendar_day_share
"1½""",15-16 Kgs,2 mm,12,Running,August,Week 2,8,14,0.225806,4.8,21.256,calendar_day_share
"1½""",15-16 Kgs,2 mm,12,Running,August,Week 3,15,21,0.225806,4.8,21.256,calendar_day_share
"1½""",15-16 Kgs,2 mm,12,Running,August,Week 4,22,28,0.225806,4.8,21.256,calendar_day_share
"1½""",15-16 Kgs,2 mm,12,Running,August,Week 5,29,31,0.096774,2.057,21.256,calendar_day_share
"1½""",17-18 Kgs,2.65 mm,10,Running,August,Week 1,1,7,0.225806,0.01,0.046,calendar_day_share
"1½""",17-18 Kgs,2.65 mm,10,Running,August,Week 2,8,14,0.225806,0.01,0.046,calendar_day_share
"1½""",17-18 Kgs,2.65 mm,10,Running,August,Week 3,15,21,0.225806,0.01,0.046,calendar_day_share
"1½""",17-18 Kgs,2.65 mm,10,Running,August,Week 4,22,28,0.225806,0.01,0.046,calendar_day_share
"1½""",17-18 Kgs,2.65 mm,10,Running,August,Week 5,29,31,0.096774,0.004,0.046,calendar_day_share
"1½""",17-18 Kgs,2.65 mm,11,Running,August,Week 1,1,7,0.225806,1.418,6.281,calendar_day_share
"1½""",17-18 Kgs,2.65 mm,11,Running,August,Week 2,8,14,0.225806,1.418,6.281,calendar_day_share
"1½""",17-18 Kgs,2.65 mm,11,Running,August,Week 3,15,21,0.225806,1.418,6.281,calendar_day_share
"1½""",17-18 Kgs,2.65 mm,11,Running,August,Week 4,22,28,0.225806,1.418,6.281,calendar_day_share
"1½""",17-18 Kgs,2.65 mm,11,Running,August,Week 5,29,31,0.096774,0.608,6.281,calendar_day_share
"1½""",20-21 Kgs,2.9 mm,10,Running,August,Week 1,1,7,0.225806,26.09,115.541,calendar_day_share
"1½""",20-21 Kgs,2.9 mm,10,Running,August,Week 2,8,14,0.225806,26.09,115.541,calendar_day_share
"1½""",20-21 Kgs,2.9 mm,10,Running,August,Week 3,15,21,0.225806,26.09,115.541,calendar_day_share
"1½""",20-21 Kgs,2.9 mm,10,Running,August,Week 4,22,28,0.225806,26.09,115.541,calendar_day_share
"1½""",20-21 Kgs,2.9 mm,10,Running,August,Week 5,29,31,0.096774,11.181,115.541,calendar_day_share
"1½""",23-24 Kgs,3.65 mm,9,Running,August,Week 1,1,7,0.225806,0.007,0.029,calendar_day_share
"1½""",23-24 Kgs,3.65 mm,9,Running,August,Week 2,8,14,0.225806,0.007,0.029,calendar_day_share
"1½""",23-24 Kgs,3.65 mm,9,Running,August,Week 3,15,21,0.225806,0.007,0.029,calendar_day_share
"1½""",23-24 Kgs,3.65 mm,9,Running,August,Week 4,22,28,0.225806,0.007,0.029,calendar_day_share
"1½""",23-24 Kgs,3.65 mm,9,Running,August,Week 5,29,31,0.096774,0.003,0.029,calendar_day_share
"1½""",25-26 Kgs,4 mm,8,Running,August,Week 1,1,7,0.225806,0.162,0.717,calendar_day_share
"1½""",25-26 Kgs,4 mm,8,Running,August,Week 2,8,14,0.225806,0.162,0.717,calendar_day_share
"1½""",25-26 Kgs,4 mm,8,Running,August,Week 3,15,21,0.225806,0.162,0.717,calendar_day_share
"1½""",25-26 Kgs,4 mm,8,Running,August,Week 4,22,28,0.225806,0.162,0.717,calendar_day_share
"1½""",25-26 Kgs,4 mm,8,Running,August,Week 5,29,31,0.096774,0.069,0.717,calendar_day_share
"2""",13-14 Kgs,1.6 mm,16,Running,August,Week 1,1,7,0.225806,73.732,326.529,calendar_day_share
"2""",13-14 Kgs,1.6 mm,16,Running,August,Week 2,8,14,0.225806,73.732,326.529,calendar_day_share
"2""",13-14 Kgs,1.6 mm,16,Running,August,Week 3,15,21,0.225806,73.732,326.529,calendar_day_share
"2""",13-14 Kgs,1.6 mm,16,Running,August,Week 4,22,28,0.225806,73.732,326.529,calendar_day_share
"2""",13-14 Kgs,1.6 mm,16,Running,August,Week 5,29,31,0.096774,31.6,326.529,calendar_day_share
"2""",16-17 Kgs,2.0 mm,14,Running,August,Week 1,1,7,0.225806,63.697,282.085,calendar_day_share
"2""",16-17 Kgs,2.0 mm,14,Running,August,Week 2,8,14,0.225806,63.697,282.085,calendar_day_share
"2""",16-17 Kgs,2.0 mm,14,Running,August,Week 3,15,21,0.225806,63.697,282.085,calendar_day_share
"2""",16-17 Kgs,2.0 mm,14,Running,August,Week 4,22,28,0.225806,63.697,282.085,calendar_day_share
"2""",16-17 Kgs,2.0 mm,14,Running,August,Week 5,29,31,0.096774,27.299,282.085,calendar_day_share
"2""",16-17½ Kgs,2 mm,14,Running,August,Week 1,1,7,0.225806,6.778,30.015,calendar_day_share
"2""",16-17½ Kgs,2 mm,14,Running,August,Week 2,8,14,0.225806,6.778,30.015,calendar_day_share
"2""",16-17½ Kgs,2 mm,14,Running,August,Week 3,15,21,0.225806,6.778,30.015,calendar_day_share
"2""",16-17½ Kgs,2 mm,14,Running,August,Week 4,22,28,0.225806,6.778,30.015,calendar_day_share
"2""",16-17½ Kgs,2 mm,14,Running,August,Week 5,29,31,0.096774,2.905,30.015,calendar_day_share
"2""",20-21 Kgs,2.35 mm,12,Running,August,Week 1,1,7,0.225806,64.583,286.011,calendar_day_share
"2""",20-21 Kgs,2.35 mm,12,Running,August,Week 2,8,14,0.225806,64.583,286.011,calendar_day_share
"2""",20-21 Kgs,2.35 mm,12,Running,August,Week 3,15,21,0.225806,64.583,286.011,calendar_day_share
"2""",20-21 Kgs,2.35 mm,12,Running,August,Week 4,22,28,0.225806,64.583,286.011,calendar_day_share
"2""",20-21 Kgs,2.35 mm,12,Running,August,Week 5,29,31,0.096774,27.679,286.011,calendar_day_share
"2""",25-26 Kgs,3.25 mm,10,Running,August,Week 1,1,7,0.225806,14.767,65.397,calendar_day_share
"2""",25-26 Kgs,3.25 mm,10,Running,August,Week 2,8,14,0.225806,14.767,65.397,calendar_day_share
"2""",25-26 Kgs,3.25 mm,10,Running,August,Week 3,15,21,0.225806,14.767,65.397,calendar_day_share
"2""",25-26 Kgs,3.25 mm,10,Running,August,Week 4,22,28,0.225806,14.767,65.397,calendar_day_share
"2""",25-26 Kgs,3.25 mm,10,Running,August,Week 5,29,31,0.096774,6.329,65.397,calendar_day_share
"2""",29-30 Kgs,3.65 mm,9,Running,August,Week 1,1,7,0.225806,22.371,99.072,calendar_day_share
"2""",29-30 Kgs,3.65 mm,9,Running,August,Week 2,8,14,0.225806,22.371,99.072,calendar_day_share
"2""",29-30 Kgs,3.65 mm,9,Running,August,Week 3,15,21,0.225806,22.371,99.072,calendar_day_share
"2""",29-30 Kgs,3.65 mm,9,Running,August,Week 4,22,28,0.225806,22.371,99.072,calendar_day_share
"2""",29-30 Kgs,3.65 mm,9,Running,August,Week 5,29,31,0.096774,9.588,99.072,calendar_day_share
"2""",32-34 Kgs,4 mm,8,Running,August,Week 1,1,7,0.225806,5.918,26.209,calendar_day_share
"2""",32-34 Kgs,4 mm,8,Running,August,Week 2,8,14,0.225806,5.918,26.209,calendar_day_share
"2""",32-34 Kgs,4 mm,8,Running,August,Week 3,15,21,0.225806,5.918,26.209,calendar_day_share
"2""",32-34 Kgs,4 mm,8,Running,August,Week 4,22,28,0.225806,5.918,26.209,calendar_day_share
"2""",32-34 Kgs,4 mm,8,Running,August,Week 5,29,31,0.096774,2.536,26.209,calendar_day_share
"2""",32-34 Kgs,5 mm,5,Running,August,Week 1,1,7,0.225806,1.717,7.605,calendar_day_share
"2""",32-34 Kgs,5 mm,5,Running,August,Week 2,8,14,0.225806,1.717,7.605,calendar_day_share
"2""",32-34 Kgs,5 mm,5,Running,August,Week 3,15,21,0.225806,1.717,7.605,calendar_day_share
"2""",32-34 Kgs,5 mm,5,Running,August,Week 4,22,28,0.225806,1.717,7.605,calendar_day_share
"2""",32-34 Kgs,5 mm,5,Running,August,Week 5,29,31,0.096774,0.736,7.605,calendar_day_share
"2""",9½-10 Kgs,1.2 mm,18,Running,August,Week 1,1,7,0.225806,0.297,1.316,calendar_day_share
"2""",9½-10 Kgs,1.2 mm,18,Running,August,Week 2,8,14,0.225806,0.297,1.316,calendar_day_share
"2""",9½-10 Kgs,1.2 mm,18,Running,August,Week 3,15,21,0.225806,0.297,1.316,calendar_day_share
"2""",9½-10 Kgs,1.2 mm,18,Running,August,Week 4,22,28,0.225806,0.297,1.316,calendar_day_share
"2""",9½-10 Kgs,1.2 mm,18,Running,August,Week 5,29,31,0.096774,0.127,1.316,calendar_day_share
"2""",Unknown,Unknown,Unknown,Unknown,August,Week 1,1,7,0.225806,0.007,0.029,calendar_day_share
"2""",Unknown,Unknown,Unknown,Unknown,August,Week 2,8,14,0.225806,0.007,0.029,calendar_day_share
"2""",Unknown,Unknown,Unknown,Unknown,August,Week 3,15,21,0.225806,0.007,0.029,calendar_day_share
"2""",Unknown,Unknown,Unknown,Unknown,August,Week 4,22,28,0.225806,0.007,0.029,calendar_day_share
"2""",Unknown,Unknown,Unknown,Unknown,August,Week 5,29,31,0.096774,0.003,0.029,calendar_day_share
"2½""",10-11 Kgs,Unknown,Unknown,Running,August,Week 1,1,7,0.225806,0.367,1.624,calendar_day_share
"2½""",10-11 Kgs,Unknown,Unknown,Running,August,Week 2,8,14,0.225806,0.367,1.624,calendar_day_share
"2½""",10-11 Kgs,Unknown,Unknown,Running,August,Week 3,15,21,0.225806,0.367,1.624,calendar_day_share
"2½""",10-11 Kgs,Unknown,Unknown,Running,August,Week 4,22,28,0.225806,0.367,1.624,calendar_day_share
"2½""",10-11 Kgs,Unknown,Unknown,Running,August,Week 5,29,31,0.096774,0.157,1.624,calendar_day_share
"2½""",16-17 Kgs,1.6 mm,16,Running,August,Week 1,1,7,0.225806,18.841,83.439,calendar_day_share
"2½""",16-17 Kgs,1.6 mm,16,Running,August,Week 2,8,14,0.225806,18.841,83.439,calendar_day_share
"2½""",16-17 Kgs,1.6 mm,16,Running,August,Week 3,15,21,0.225806,18.841,83.439,calendar_day_share
"2½""",16-17 Kgs,1.6 mm,16,Running,August,Week 4,22,28,0.225806,18.841,83.439,calendar_day_share
"2½""",16-17 Kgs,1.6 mm,16,Running,August,Week 5,29,31,0.096774,8.075,83.439,calendar_day_share
"2½""",21-22 Kgs,2 mm,14,Running,August,Week 1,1,7,0.225806,56.441,249.953,calendar_day_share
"2½""",21-22 Kgs,2 mm,14,Running,August,Week 2,8,14,0.225806,56.441,249.953,calendar_day_share
"2½""",21-22 Kgs,2 mm,14,Running,August,Week 3,15,21,0.225806,56.441,249.953,calendar_day_share
"2½""",21-22 Kgs,2 mm,14,Running,August,Week 4,22,28,0.225806,56.441,249.953,calendar_day_share
"2½""",21-22 Kgs,2 mm,14,Running,August,Week 5,29,31,0.096774,24.189,249.953,calendar_day_share
"2½""",27-28 Kgs,2.65 mm,12,Running,August,Week 1,1,7,0.225806,3.435,15.213,calendar_day_share
"2½""",27-28 Kgs,2.65 mm,12,Running,August,Week 2,8,14,0.225806,3.435,15.213,calendar_day_share
"2½""",27-28 Kgs,2.65 mm,12,Running,August,Week 3,15,21,0.225806,3.435,15.213,calendar_day_share
"2½""",27-28 Kgs,2.65 mm,12,Running,August,Week 4,22,28,0.225806,3.435,15.213,calendar_day_share
"2½""",27-28 Kgs,2.65 mm,12,Running,August,Week 5,29,31,0.096774,1.472,15.213,calendar_day_share
"2½""",32-34 Kgs,3 mm,10,Running,August,Week 1,1,7,0.225806,30.174,133.628,calendar_day_share
"2½""",32-34 Kgs,3 mm,10,Running,August,Week 2,8,14,0.225806,30.174,133.628,calendar_day_share
"2½""",32-34 Kgs,3 mm,10,Running,August,Week 3,15,21,0.225806,30.174,133.628,calendar_day_share
"2½""",32-34 Kgs,3 mm,10,Running,August,Week 4,22,28,0.225806,30.174,133.628,calendar_day_share
"2½""",32-34 Kgs,3 mm,10,Running,August,Week 5,29,31,0.096774,12.932,133.628,calendar_day_share
"2½""",32-34 Kgs,5 mm,5,Running,August,Week 1,1,7,0.225806,0.075,0.33,calendar_day_share
"2½""",32-34 Kgs,5 mm,5,Running,August,Week 2,8,14,0.225806,0.075,0.33,calendar_day_share
"2½""",32-34 Kgs,5 mm,5,Running,August,Week 3,15,21,0.225806,0.075,0.33,calendar_day_share
"2½""",32-34 Kgs,5 mm,5,Running,August,Week 4,22,28,0.225806,0.075,0.33,calendar_day_share
"2½""",32-34 Kgs,5 mm,5,Running,August,Week 5,29,31,0.096774,0.032,0.33,calendar_day_share
"2½""",37-38 Kgs,3.65 mm,9,Running,August,Week 1,1,7,0.225806,12.672,56.118,calendar_day_share
"2½""",37-38 Kgs,3.65 mm,9,Running,August,Week 2,8,14,0.225806,12.672,56.118,calendar_day_share
"2½""",37-38 Kgs,3.65 mm,9,Running,August,Week 3,15,21,0.225806,12.672,56.118,calendar_day_share
"2½""",37-38 Kgs,3.65 mm,9,Running,August,Week 4,22,28,0.225806,12.672,56.118,calendar_day_share
"2½""",37-38 Kgs,3.65 mm,9,Running,August,Week 5,29,31,0.096774,5.431,56.118,calendar_day_share
"2½""",52-54 Kgs,5 mm,6,Running,August,Week 1,1,7,0.225806,3.645,16.141,calendar_day_share
"2½""",52-54 Kgs,5 mm,6,Running,August,Week 2,8,14,0.225806,3.645,16.141,calendar_day_share
"2½""",52-54 Kgs,5 mm,6,Running,August,Week 3,15,21,0.225806,3.645,16.141,calendar_day_share
"2½""",52-54 Kgs,5 mm,6,Running,August,Week 4,22,28,0.225806,3.645,16.141,calendar_day_share
"2½""",52-54 Kgs,5 mm,6,Running,August,Week 5,29,31,0.096774,1.562,16.141,calendar_day_share
"3""",32-34 Kgs,2.65 mm,12,Running,August,Week 1,1,7,0.225806,43.467,192.497,calendar_day_share
"3""",32-34 Kgs,2.65 mm,12,Running,August,Week 2,8,14,0.225806,43.467,192.497,calendar_day_share
"3""",32-34 Kgs,2.65 mm,12,Running,August,Week 3,15,21,0.225806,43.467,192.497,calendar_day_share
"3""",32-34 Kgs,2.65 mm,12,Running,August,Week 4,22,28,0.225806,43.467,192.497,calendar_day_share
"3""",32-34 Kgs,2.65 mm,12,Running,August,Week 5,29,31,0.096774,18.629,192.497,calendar_day_share
"3""",37-38 Kgs,3.65 mm,9,Running,August,Week 1,1,7,0.225806,0.051,0.225,calendar_day_share
"3""",37-38 Kgs,3.65 mm,9,Running,August,Week 2,8,14,0.225806,0.051,0.225,calendar_day_share
"3""",37-38 Kgs,3.65 mm,9,Running,August,Week 3,15,21,0.225806,0.051,0.225,calendar_day_share
"3""",37-38 Kgs,3.65 mm,9,Running,August,Week 4,22,28,0.225806,0.051,0.225,calendar_day_share
"3""",37-38 Kgs,3.65 mm,9,Running,August,Week 5,29,31,0.096774,0.022,0.225,calendar_day_share
"3""",38-39 Kgs,3.25 mm,10,Running,August,Week 1,1,7,0.225806,42.531,188.353,calendar_day_share
"3""",38-39 Kgs,3.25 mm,10,Running,August,Week 2,8,14,0.225806,42.531,188.353,calendar_day_share
"3""",38-39 Kgs,3.25 mm,10,Running,August,Week 3,15,21,0.225806,42.531,188.353,calendar_day_share
"3""",38-39 Kgs,3.25 mm,10,Running,August,Week 4,22,28,0.225806,42.531,188.353,calendar_day_share
"3""",38-39 Kgs,3.25 mm,10,Running,August,Week 5,29,31,0.096774,18.228,188.353,calendar_day_share
"3""",45-46 Kgs,3.65 mm,9,Running,August,Week 1,1,7,0.225806,3.815,16.895,calendar_day_share
"3""",45-46 Kgs,3.65 mm,9,Running,August,Week 2,8,14,0.225806,3.815,16.895,calendar_day_share
"3""",45-46 Kgs,3.65 mm,9,Running,August,Week 3,15,21,0.225806,3.815,16.895,calendar_day_share
"3""",45-46 Kgs,3.65 mm,9,Running,August,Week 4,22,28,0.225806,3.815,16.895,calendar_day_share
"3""",45-46 Kgs,3.65 mm,9,Running,August,Week 5,29,31,0.096774,1.635,16.895,calendar_day_share
"3""",50-52 Kgs,4 mm,8,Running,August,Week 1,1,7,0.225806,13.232,58.597,calendar_day_share
"3""",50-52 Kgs,4 mm,8,Running,August,Week 2,8,14,0.225806,13.232,58.597,calendar_day_share
"3""",50-52 Kgs,4 mm,8,Running,August,Week 3,15,21,0.225806,13.232,58.597,calendar_day_share
"3""",50-52 Kgs,4 mm,8,Running,August,Week 4,22,28,0.225806,13.232,58.597,calendar_day_share
"3""",50-52 Kgs,4 mm,8,Running,August,Week 5,29,31,0.096774,5.671,58.597,calendar_day_share
"3""",52-54 Kgs,5 mm,6,Running,August,Week 1,1,7,0.225806,0.011,0.047,calendar_day_share
"3""",52-54 Kgs,5 mm,6,Running,August,Week 2,8,14,0.225806,0.011,0.047,calendar_day_share
"3""",52-54 Kgs,5 mm,6,Running,August,Week 3,15,21,0.225806,0.011,0.047,calendar_day_share
"3""",52-54 Kgs,5 mm,6,Running,August,Week 4,22,28,0.225806,0.011,0.047,calendar_day_share
"3""",52-54 Kgs,5 mm,6,Running,August,Week 5,29,31,0.096774,0.005,0.047,calendar_day_share
"3""",64-65 Kgs,6 mm,5,Unknown,August,Week 1,1,7,0.225806,1.324,5.863,calendar_day_share
"3""",64-65 Kgs,6 mm,5,Unknown,August,Week 2,8,14,0.225806,1.324,5.863,calendar_day_share
"3""",64-65 Kgs,6 mm,5,Unknown,August,Week 3,15,21,0.225806,1.324,5.863,calendar_day_share
"3""",64-65 Kgs,6 mm,5,Unknown,August,Week 4,22,28,0.225806,1.324,5.863,calendar_day_share
"3""",64-65 Kgs,6 mm,5,Unknown,August,Week 5,29,31,0.096774,0.567,5.863,calendar_day_share
"3""",65-66 Kgs,5 mm,6,Running,August,Week 1,1,7,0.225806,0.06,0.264,calendar_day_share
"3""",65-66 Kgs,5 mm,6,Running,August,Week 2,8,14,0.225806,0.06,0.264,calendar_day_share
"3""",65-66 Kgs,5 mm,6,Running,August,Week 3,15,21,0.225806,0.06,0.264,calendar_day_share
"3""",65-66 Kgs,5 mm,6,Running,August,Week 4,22,28,0.225806,0.06,0.264,calendar_day_share
"3""",65-66 Kgs,5 mm,6,Running,August,Week 5,29,31,0.096774,0.026,0.264,calendar_day_share
"4"" OD",65-65 Kgs,Unknown,Unknown,Running,August,Week 1,1,7,0.225806,0.007,0.029,calendar_day_share
"4"" OD",65-65 Kgs,Unknown,Unknown,Running,August,Week 2,8,14,0.225806,0.007,0.029,calendar_day_share
"4"" OD",65-65 Kgs,Unknown,Unknown,Running,August,Week 3,15,21,0.225806,0.007,0.029,calendar_day_share
"4"" OD",65-65 Kgs,Unknown,Unknown,Running,August,Week 4,22,28,0.225806,0.007,0.029,calendar_day_share
"4"" OD",65-65 Kgs,Unknown,Unknown,Running,August,Week 5,29,31,0.096774,0.003,0.029,calendar_day_share
"4"" OD",66-67 Kgs,4 mm,8,Running,August,Week 1,1,7,0.225806,0.007,0.029,calendar_day_share
"4"" OD",66-67 Kgs,4 mm,8,Running,August,Week 2,8,14,0.225806,0.007,0.029,calendar_day_share
"4"" OD",66-67 Kgs,4 mm,8,Running,August,Week 3,15,21,0.225806,0.007,0.029,calendar_day_share
"4"" OD",66-67 Kgs,4 mm,8,Running,August,Week 4,22,28,0.225806,0.007,0.029,calendar_day_share
"4"" OD",66-67 Kgs,4 mm,8,Running,August,Week 5,29,31,0.096774,0.003,0.029,calendar_day_share
"4"" OD",75-76 Kgs,4.5 mm,8,Running,August,Week 1,1,7,0.225806,0.701,3.105,calendar_day_share
"4"" OD",75-76 Kgs,4.5 mm,8,Running,August,Week 2,8,14,0.225806,0.701,3.105,calendar_day_share
"4"" OD",75-76 Kgs,4.5 mm,8,Running,August,Week 3,15,21,0.225806,0.701,3.105,calendar_day_share
"4"" OD",75-76 Kgs,4.5 mm,8,Running,August,Week 4,22,28,0.225806,0.701,3.105,calendar_day_share
"4"" OD",75-76 Kgs,4.5 mm,8,Running,August,Week 5,29,31,0.096774,0.3,3.105,calendar_day_share
"4""",25-26 Kgs,1.6 mm,16,Running,August,Week 1,1,7,0.225806,4.212,18.651,calendar_day_share
"4""",25-26 Kgs,1.6 mm,16,Running,August,Week 2,8,14,0.225806,4.212,18.651,calendar_day_share
"4""",25-26 Kgs,1.6 mm,16,Running,August,Week 3,15,21,0.225806,4.212,18.651,calendar_day_share
"4""",25-26 Kgs,1.6 mm,16,Running,August,Week 4,22,28,0.225806,4.212,18.651,calendar_day_share
"4""",25-26 Kgs,1.6 mm,16,Running,August,Week 5,29,31,0.096774,1.805,18.651,calendar_day_share
"4""",25-26 Kgs,2 mm,14,Running,August,Week 1,1,7,0.225806,7.021,31.095,calendar_day_share
"4""",25-26 Kgs,2 mm,14,Running,August,Week 2,8,14,0.225806,7.021,31.095,calendar_day_share
"4""",25-26 Kgs,2 mm,14,Running,August,Week 3,15,21,0.225806,7.021,31.095,calendar_day_share
"4""",25-26 Kgs,2 mm,14,Running,August,Week 4,22,28,0.225806,7.021,31.095,calendar_day_share
"4""",25-26 Kgs,2 mm,14,Running,August,Week 5,29,31,0.096774,3.009,31.095,calendar_day_share
"4""",32-34 Kgs,2 mm,14,Running,August,Week 1,1,7,0.225806,18.015,79.78,calendar_day_share
"4""",32-34 Kgs,2 mm,14,Running,August,Week 2,8,14,0.225806,18.015,79.78,calendar_day_share
"4""",32-34 Kgs,2 mm,14,Running,August,Week 3,15,21,0.225806,18.015,79.78,calendar_day_share
"4""",32-34 Kgs,2 mm,14,Running,August,Week 4,22,28,0.225806,18.015,79.78,calendar_day_share
"4""",32-34 Kgs,2 mm,14,Running,August,Week 5,29,31,0.096774,7.721,79.78,calendar_day_share
"4""",40-42 Kgs,2.65 mm,12,Running,August,Week 1,1,7,0.225806,58.495,259.048,calendar_day_share
"4""",40-42 Kgs,2.65 mm,12,Running,August,Week 2,8,14,0.225806,58.495,259.048,calendar_day_share
"4""",40-42 Kgs,2.65 mm,12,Running,August,Week 3,15,21,0.225806,58.495,259.048,calendar_day_share
"4""",40-42 Kgs,2.65 mm,12,Running,August,Week 4,22,28,0.225806,58.495,259.048,calendar_day_share
"4""",40-42 Kgs,2.65 mm,12,Running,August,Week 5,29,31,0.096774,25.069,259.048,calendar_day_share
"4""",45-46 Kgs,3.65 mm,9,Running,August,Week 1,1,7,0.225806,0.051,0.225,calendar_day_share
"4""",45-46 Kgs,3.65 mm,9,Running,August,Week 2,8,14,0.225806,0.051,0.225,calendar_day_share
"4""",45-46 Kgs,3.65 mm,9,Running,August,Week 3,15,21,0.225806,0.051,0.225,calendar_day_share
"4""",45-46 Kgs,3.65 mm,9,Running,August,Week 4,22,28,0.225806,0.051,0.225,calendar_day_share
"4""",45-46 Kgs,3.65 mm,9,Running,August,Week 5,29,31,0.096774,0.022,0.225,calendar_day_share
"4""",48-50 Kgs,3.25 mm,10,Running,August,Week 1,1,7,0.225806,50.72,224.617,calendar_day_share
"4""",48-50 Kgs,3.25 mm,10,Running,August,Week 2,8,14,0.225806,50.72,224.617,calendar_day_share
"4""",48-50 Kgs,3.25 mm,10,Running,August,Week 3,15,21,0.225806,50.72,224.617,calendar_day_share
"4""",48-50 Kgs,3.25 mm,10,Running,August,Week 4,22,28,0.225806,50.72,224.617,calendar_day_share
"4""",48-50 Kgs,3.25 mm,10,Running,August,Week 5,29,31,0.096774,21.737,224.617,calendar_day_share
"4""",50-52 Kgs,4 mm,8,Running,August,Week 1,1,7,0.225806,0.069,0.304,calendar_day_share
"4""",50-52 Kgs,4 mm,8,Running,August,Week 2,8,14,0.225806,0.069,0.304,calendar_day_share
"4""",50-52 Kgs,4 mm,8,Running,August,Week 3,15,21,0.225806,0.069,0.304,calendar_day_share
"4""",50-52 Kgs,4 mm,8,Running,August,Week 4,22,28,0.225806,0.069,0.304,calendar_day_share
"4""",50-52 Kgs,4 mm,8,Running,August,Week 5,29,31,0.096774,0.029,0.304,calendar_day_share
"4""",58-60 Kgs,3.65 mm,9,Running,August,Week 1,1,7,0.225806,21.211,93.934,calendar_day_share
"4""",58-60 Kgs,3.65 mm,9,Running,August,Week 2,8,14,0.225806,21.211,93.934,calendar_day_share
"4""",58-60 Kgs,3.65 mm,9,Running,August,Week 3,15,21,0.225806,21.211,93.934,calendar_day_share
"4""",58-60 Kgs,3.65 mm,9,Running,August,Week 4,22,28,0.225806,21.211,93.934,calendar_day_share
"4""",58-60 Kgs,3.65 mm,9,Running,August,Week 5,29,31,0.096774,9.09,93.934,calendar_day_share
"4""",61-62 Kgs,3.9 mm,9,Running,August,Week 1,1,7,0.225806,0.422,1.867,calendar_day_share
"4""",61-62 Kgs,3.9 mm,9,Running,August,Week 2,8,14,0.225806,0.422,1.867,calendar_day_share
"4""",61-62 Kgs,3.9 mm,9,Running,August,Week 3,15,21,0.225806,0.422,1.867,calendar_day_share
"4""",61-62 Kgs,3.9 mm,9,Running,August,Week 4,22,28,0.225806,0.422,1.867,calendar_day_share
"4""",61-62 Kgs,3.9 mm,9,Running,August,Week 5,29,31,0.096774,0.181,1.867,calendar_day_share
"4""",65-66 Kgs,5 mm,6,Running,August,Week 1,1,7,0.225806,2.419,10.715,calendar_day_share
"4""",65-66 Kgs,5 mm,6,Running,August,Week 2,8,14,0.225806,2.419,10.715,calendar_day_share
"4""",65-66 Kgs,5 mm,6,Running,August,Week 3,15,21,0.225806,2.419,10.715,calendar_day_share
"4""",65-66 Kgs,5 mm,6,Running,August,Week 4,22,28,0.225806,2.419,10.715,calendar_day_share
"4""",65-66 Kgs,5 mm,6,Running,August,Week 5,29,31,0.096774,1.037,10.715,calendar_day_share
"4""",66-67 Kgs,4 mm,8,Running,August,Week 1,1,7,0.225806,8.233,36.46,calendar_day_share
"4""",66-67 Kgs,4 mm,8,Running,August,Week 2,8,14,0.225806,8.233,36.46,calendar_day_share
"4""",66-67 Kgs,4 mm,8,Running,August,Week 3,15,21,0.225806,8.233,36.46,calendar_day_share
"4""",66-67 Kgs,4 mm,8,Running,August,Week 4,22,28,0.225806,8.233,36.46,calendar_day_share
"4""",66-67 Kgs,4 mm,8,Running,August,Week 5,29,31,0.096774,3.528,36.46,calendar_day_share
"4""",75-76 Kgs,4.5 mm,8,Running,August,Week 1,1,7,0.225806,0.007,0.029,calendar_day_share
"4""",75-76 Kgs,4.5 mm,8,Running,August,Week 2,8,14,0.225806,0.007,0.029,calendar_day_share
"4""",75-76 Kgs,4.5 mm,8,Running,August,Week 3,15,21,0.225806,0.007,0.029,calendar_day_share
"4""",75-76 Kgs,4.5 mm,8,Running,August,Week 4,22,28,0.225806,0.007,0.029,calendar_day_share
"4""",75-76 Kgs,4.5 mm,8,Running,August,Week 5,29,31,0.096774,0.003,0.029,calendar_day_share
"4""",95-100 Kgs,6.35 mm,4,Running,August,Week 1,1,7,0.225806,0.115,0.51,calendar_day_share
"4""",95-100 Kgs,6.35 mm,4,Running,August,Week 2,8,14,0.225806,0.115,0.51,calendar_day_share
"4""",95-100 Kgs,6.35 mm,4,Running,August,Week 3,15,21,0.225806,0.115,0.51,calendar_day_share
"4""",95-100 Kgs,6.35 mm,4,Running,August,Week 4,22,28,0.225806,0.115,0.51,calendar_day_share
"4""",95-100 Kgs,6.35 mm,4,Running,August,Week 5,29,31,0.096774,0.049,0.51,calendar_day_share
"5"" O.D",100 -102 Kgs,5 mm,5,New,August,Week 1,1,7,0.225806,0.139,0.618,calendar_day_share
"5"" O.D",100 -102 Kgs,5 mm,5,New,August,Week 2,8,14,0.225806,0.139,0.618,calendar_day_share
"5"" O.D",100 -102 Kgs,5 mm,5,New,August,Week 3,15,21,0.225806,0.139,0.618,calendar_day_share
"5"" O.D",100 -102 Kgs,5 mm,5,New,August,Week 4,22,28,0.225806,0.139,0.618,calendar_day_share
"5"" O.D",100 -102 Kgs,5 mm,5,New,August,Week 5,29,31,0.096774,0.06,0.618,calendar_day_share
"5"" O.D",113-114 Kgs,6 mm,4,Running,August,Week 1,1,7,0.225806,0.011,0.047,calendar_day_share
"5"" O.D",113-114 Kgs,6 mm,4,Running,August,Week 2,8,14,0.225806,0.011,0.047,calendar_day_share
"5"" O.D",113-114 Kgs,6 mm,4,Running,August,Week 3,15,21,0.225806,0.011,0.047,calendar_day_share
"5"" O.D",113-114 Kgs,6 mm,4,Running,August,Week 4,22,28,0.225806,0.011,0.047,calendar_day_share
"5"" O.D",113-114 Kgs,6 mm,4,Running,August,Week 5,29,31,0.096774,0.005,0.047,calendar_day_share
"5"" O.D",120-125 Kgs,6 mm,4,Running,August,Week 1,1,7,0.225806,0.093,0.41,calendar_day_share
"5"" O.D",120-125 Kgs,6 mm,4,Running,August,Week 2,8,14,0.225806,0.093,0.41,calendar_day_share
"5"" O.D",120-125 Kgs,6 mm,4,Running,August,Week 3,15,21,0.225806,0.093,0.41,calendar_day_share
"5"" O.D",120-125 Kgs,6 mm,4,Running,August,Week 4,22,28,0.225806,0.093,0.41,calendar_day_share
"5"" O.D",120-125 Kgs,6 mm,4,Running,August,Week 5,29,31,0.096774,0.04,0.41,calendar_day_share
"5"" O.D",28-29 Kgs,1.2 mm,16,Running,August,Week 1,1,7,0.225806,0.204,0.904,calendar_day_share
"5"" O.D",28-29 Kgs,1.2 mm,16,Running,August,Week 2,8,14,0.225806,0.204,0.904,calendar_day_share
"5"" O.D",28-29 Kgs,1.2 mm,16,Running,August,Week 3,15,21,0.225806,0.204,0.904,calendar_day_share
"5"" O.D",28-29 Kgs,1.2 mm,16,Running,August,Week 4,22,28,0.225806,0.204,0.904,calendar_day_share
"5"" O.D",28-29 Kgs,1.2 mm,16,Running,August,Week 5,29,31,0.096774,0.088,0.904,calendar_day_share
"5"" O.D",37-38 Kgs,2 mm,14,Running,August,Week 1,1,7,0.225806,3.223,14.271,calendar_day_share
"5"" O.D",37-38 Kgs,2 mm,14,Running,August,Week 2,8,14,0.225806,3.223,14.271,calendar_day_share
"5"" O.D",37-38 Kgs,2 mm,14,Running,August,Week 3,15,21,0.225806,3.223,14.271,calendar_day_share
"5"" O.D",37-38 Kgs,2 mm,14,Running,August,Week 4,22,28,0.225806,3.223,14.271,calendar_day_share
"5"" O.D",37-38 Kgs,2 mm,14,Running,August,Week 5,29,31,0.096774,1.381,14.271,calendar_day_share
"5"" O.D",75-76 Kgs,3.65 mm,9,Running,August,Week 1,1,7,0.225806,0.018,0.078,calendar_day_share
"5"" O.D",75-76 Kgs,3.65 mm,9,Running,August,Week 2,8,14,0.225806,0.018,0.078,calendar_day_share
"5"" O.D",75-76 Kgs,3.65 mm,9,Running,August,Week 3,15,21,0.225806,0.018,0.078,calendar_day_share
"5"" O.D",75-76 Kgs,3.65 mm,9,Running,August,Week 4,22,28,0.225806,0.018,0.078,calendar_day_share
"5"" O.D",75-76 Kgs,3.65 mm,9,Running,August,Week 5,29,31,0.096774,0.008,0.078,calendar_day_share
"5"" O.D",88-90 Kgs,4 mm,Unknown,Running,August,Week 1,1,7,0.225806,0.007,0.029,calendar_day_share
"5"" O.D",88-90 Kgs,4 mm,Unknown,Running,August,Week 2,8,14,0.225806,0.007,0.029,calendar_day_share
"5"" O.D",88-90 Kgs,4 mm,Unknown,Running,August,Week 3,15,21,0.225806,0.007,0.029,calendar_day_share
"5"" O.D",88-90 Kgs,4 mm,Unknown,Running,August,Week 4,22,28,0.225806,0.007,0.029,calendar_day_share
"5"" O.D",88-90 Kgs,4 mm,Unknown,Running,August,Week 5,29,31,0.096774,0.003,0.029,calendar_day_share
"5"" O.D",94-95 Kgs,4.5 mm,5,New,August,Week 1,1,7,0.225806,0.031,0.138,calendar_day_share
"5"" O.D",94-95 Kgs,4.5 mm,5,New,August,Week 2,8,14,0.225806,0.031,0.138,calendar_day_share
"5"" O.D",94-95 Kgs,4.5 mm,5,New,August,Week 3,15,21,0.225806,0.031,0.138,calendar_day_share
"5"" O.D",94-95 Kgs,4.5 mm,5,New,August,Week 4,22,28,0.225806,0.031,0.138,calendar_day_share
"5"" O.D",94-95 Kgs,4.5 mm,5,New,August,Week 5,29,31,0.096774,0.013,0.138,calendar_day_share
"5""",100 -102 Kgs,5 mm,5,New,August,Week 1,1,7,0.225806,0.049,0.219,calendar_day_share
"5""",100 -102 Kgs,5 mm,5,New,August,Week 2,8,14,0.225806,0.049,0.219,calendar_day_share
"5""",100 -102 Kgs,5 mm,5,New,August,Week 3,15,21,0.225806,0.049,0.219,calendar_day_share
"5""",100 -102 Kgs,5 mm,5,New,August,Week 4,22,28,0.225806,0.049,0.219,calendar_day_share
"5""",100 -102 Kgs,5 mm,5,New,August,Week 5,29,31,0.096774,0.021,0.219,calendar_day_share
"5""",120-125 Kgs,6 mm,4,Running,August,Week 1,1,7,0.225806,0.013,0.056,calendar_day_share
"5""",120-125 Kgs,6 mm,4,Running,August,Week 2,8,14,0.225806,0.013,0.056,calendar_day_share
"5""",120-125 Kgs,6 mm,4,Running,August,Week 3,15,21,0.225806,0.013,0.056,calendar_day_share
"5""",120-125 Kgs,6 mm,4,Running,August,Week 4,22,28,0.225806,0.013,0.056,calendar_day_share
"5""",120-125 Kgs,6 mm,4,Running,August,Week 5,29,31,0.096774,0.005,0.056,calendar_day_share
"5""",40-42 Kgs,2 mm,14,Running,August,Week 1,1,7,0.225806,13.572,60.105,calendar_day_share
"5""",40-42 Kgs,2 mm,14,Running,August,Week 2,8,14,0.225806,13.572,60.105,calendar_day_share
"5""",40-42 Kgs,2 mm,14,Running,August,Week 3,15,21,0.225806,13.572,60.105,calendar_day_share
"5""",40-42 Kgs,2 mm,14,Running,August,Week 4,22,28,0.225806,13.572,60.105,calendar_day_share
"5""",40-42 Kgs,2 mm,14,Running,August,Week 5,29,31,0.096774,5.817,60.105,calendar_day_share
"5""",48-50 Kgs,2.35 mm,13,Running,August,Week 1,1,7,0.225806,38.813,171.885,calendar_day_share
"5""",48-50 Kgs,2.35 mm,13,Running,August,Week 2,8,14,0.225806,38.813,171.885,calendar_day_share
"5""",48-50 Kgs,2.35 mm,13,Running,August,Week 3,15,21,0.225806,38.813,171.885,calendar_day_share
"5""",48-50 Kgs,2.35 mm,13,Running,August,Week 4,22,28,0.225806,38.813,171.885,calendar_day_share
"5""",48-50 Kgs,2.35 mm,13,Running,August,Week 5,29,31,0.096774,16.634,171.885,calendar_day_share
"5""",54-55 Kgs,2.65 mm,11,Running,August,Week 1,1,7,0.225806,0.022,0.098,calendar_day_share
"5""",54-55 Kgs,2.65 mm,11,Running,August,Week 2,8,14,0.225806,0.022,0.098,calendar_day_share
"5""",54-55 Kgs,2.65 mm,11,Running,August,Week 3,15,21,0.225806,0.022,0.098,calendar_day_share
"5""",54-55 Kgs,2.65 mm,11,Running,August,Week 4,22,28,0.225806,0.022,0.098,calendar_day_share
"5""",54-55 Kgs,2.65 mm,11,Running,August,Week 5,29,31,0.096774,0.009,0.098,calendar_day_share
"5""",54-55 Kgs,2.65 mm,12,Running,August,Week 1,1,7,0.225806,15.154,67.109,calendar_day_share
"5""",54-55 Kgs,2.65 mm,12,Running,August,Week 2,8,14,0.225806,15.154,67.109,calendar_day_share
"5""",54-55 Kgs,2.65 mm,12,Running,August,Week 3,15,21,0.225806,15.154,67.109,calendar_day_share
"5""",54-55 Kgs,2.65 mm,12,Running,August,Week 4,22,28,0.225806,15.154,67.109,calendar_day_share
"5""",54-55 Kgs,2.65 mm,12,Running,August,Week 5,29,31,0.096774,6.494,67.109,calendar_day_share
"5""",60-62 Kgs,3.25 mm,10,Running,August,Week 1,1,7,0.225806,36.674,162.413,calendar_day_share
"5""",60-62 Kgs,3.25 mm,10,Running,August,Week 2,8,14,0.225806,36.674,162.413,calendar_day_share
"5""",60-62 Kgs,3.25 mm,10,Running,August,Week 3,15,21,0.225806,36.674,162.413,calendar_day_share
"5""",60-62 Kgs,3.25 mm,10,Running,August,Week 4,22,28,0.225806,36.674,162.413,calendar_day_share
"5""",60-62 Kgs,3.25 mm,10,Running,August,Week 5,29,31,0.096774,15.717,162.413,calendar_day_share
"5""",65-65 Kgs,Unknown,Unknown,Running,August,Week 1,1,7,0.225806,0.242,1.071,calendar_day_share
"5""",65-65 Kgs,Unknown,Unknown,Running,August,Week 2,8,14,0.225806,0.242,1.071,calendar_day_share
"5""",65-65 Kgs,Unknown,Unknown,Running,August,Week 3,15,21,0.225806,0.242,1.071,calendar_day_share
"5""",65-65 Kgs,Unknown,Unknown,Running,August,Week 4,22,28,0.225806,0.242,1.071,calendar_day_share
"5""",65-65 Kgs,Unknown,Unknown,Running,August,Week 5,29,31,0.096774,0.104,1.071,calendar_day_share
"5""",66-67 Kgs,4 mm,8,Running,August,Week 1,1,7,0.225806,0.007,0.029,calendar_day_share
"5""",66-67 Kgs,4 mm,8,Running,August,Week 2,8,14,0.225806,0.007,0.029,calendar_day_share
"5""",66-67 Kgs,4 mm,8,Running,August,Week 3,15,21,0.225806,0.007,0.029,calendar_day_share
"5""",66-67 Kgs,4 mm,8,Running,August,Week 4,22,28,0.225806,0.007,0.029,calendar_day_share
"5""",66-67 Kgs,4 mm,8,Running,August,Week 5,29,31,0.096774,0.003,0.029,calendar_day_share
"5""",70-72 Kgs,3.65 mm,9,Running,August,Week 1,1,7,0.225806,46.558,206.184,calendar_day_share
"5""",70-72 Kgs,3.65 mm,9,Running,August,Week 2,8,14,0.225806,46.558,206.184,calendar_day_share
"5""",70-72 Kgs,3.65 mm,9,Running,August,Week 3,15,21,0.225806,46.558,206.184,calendar_day_share
"5""",70-72 Kgs,3.65 mm,9,Running,August,Week 4,22,28,0.225806,46.558,206.184,calendar_day_share
"5""",70-72 Kgs,3.65 mm,9,Running,August,Week 5,29,31,0.096774,19.953,206.184,calendar_day_share
"5""",75-76 Kgs,4.5 mm,8,Running,August,Week 1,1,7,0.225806,0.204,0.903,calendar_day_share
"5""",75-76 Kgs,4.5 mm,8,Running,August,Week 2,8,14,0.225806,0.204,0.903,calendar_day_share
"5""",75-76 Kgs,4.5 mm,8,Running,August,Week 3,15,21,0.225806,0.204,0.903,calendar_day_share
"5""",75-76 Kgs,4.5 mm,8,Running,August,Week 4,22,28,0.225806,0.204,0.903,calendar_day_share
"5""",75-76 Kgs,4.5 mm,8,Running,August,Week 5,29,31,0.096774,0.087,0.903,calendar_day_share
"5""",80-82 Kgs,4 mm,8,Running,August,Week 1,1,7,0.225806,11.447,50.693,calendar_day_share
"5""",80-82 Kgs,4 mm,8,Running,August,Week 2,8,14,0.225806,11.447,50.693,calendar_day_share
"5""",80-82 Kgs,4 mm,8,Running,August,Week 3,15,21,0.225806,11.447,50.693,calendar_day_share
"5""",80-82 Kgs,4 mm,8,Running,August,Week 4,22,28,0.225806,11.447,50.693,calendar_day_share
"5""",80-82 Kgs,4 mm,8,Running,August,Week 5,29,31,0.096774,4.906,50.693,calendar_day_share
"5""",88-90 Kgs,4 mm,Unknown,Running,August,Week 1,1,7,0.225806,0.18,0.798,calendar_day_share
"5""",88-90 Kgs,4 mm,Unknown,Running,August,Week 2,8,14,0.225806,0.18,0.798,calendar_day_share
"5""",88-90 Kgs,4 mm,Unknown,Running,August,Week 3,15,21,0.225806,0.18,0.798,calendar_day_share
"5""",88-90 Kgs,4 mm,Unknown,Running,August,Week 4,22,28,0.225806,0.18,0.798,calendar_day_share
"5""",88-90 Kgs,4 mm,Unknown,Running,August,Week 5,29,31,0.096774,0.077,0.798,calendar_day_share
"5""",94-95 Kgs,4.5 mm,5,New,August,Week 1,1,7,0.225806,6.764,29.954,calendar_day_share
"5""",94-95 Kgs,4.5 mm,5,New,August,Week 2,8,14,0.225806,6.764,29.954,calendar_day_share
"5""",94-95 Kgs,4.5 mm,5,New,August,Week 3,15,21,0.225806,6.764,29.954,calendar_day_share
"5""",94-95 Kgs,4.5 mm,5,New,August,Week 4,22,28,0.225806,6.764,29.954,calendar_day_share
"5""",94-95 Kgs,4.5 mm,5,New,August,Week 5,29,31,0.096774,2.899,29.954,calendar_day_share
"5""",95-100 Kgs,6.35 mm,4,Running,August,Week 1,1,7,0.225806,9.256,40.989,calendar_day_share
"5""",95-100 Kgs,6.35 mm,4,Running,August,Week 2,8,14,0.225806,9.256,40.989,calendar_day_share
"5""",95-100 Kgs,6.35 mm,4,Running,August,Week 3,15,21,0.225806,9.256,40.989,calendar_day_share
"5""",95-100 Kgs,6.35 mm,4,Running,August,Week 4,22,28,0.225806,9.256,40.989,calendar_day_share
"5""",95-100 Kgs,6.35 mm,4,Running,August,Week 5,29,31,0.096774,3.967,40.989,calendar_day_share
"6"" O.D",100-103 Kgs,4.25 mm,Unknown,Running,August,Week 1,1,7,0.225806,0.02,0.087,calendar_day_share
"6"" O.D",100-103 Kgs,4.25 mm,Unknown,Running,August,Week 2,8,14,0.225806,0.02,0.087,calendar_day_share
"6"" O.D",100-103 Kgs,4.25 mm,Unknown,Running,August,Week 3,15,21,0.225806,0.02,0.087,calendar_day_share
"6"" O.D",100-103 Kgs,4.25 mm,Unknown,Running,August,Week 4,22,28,0.225806,0.02,0.087,calendar_day_share
"6"" O.D",100-103 Kgs,4.25 mm,Unknown,Running,August,Week 5,29,31,0.096774,0.008,0.087,calendar_day_share
"6"" O.D",108-110 Kgs,4.5 mm,7,Running,August,Week 1,1,7,0.225806,0.109,0.481,calendar_day_share
"6"" O.D",108-110 Kgs,4.5 mm,7,Running,August,Week 2,8,14,0.225806,0.109,0.481,calendar_day_share
"6"" O.D",108-110 Kgs,4.5 mm,7,Running,August,Week 3,15,21,0.225806,0.109,0.481,calendar_day_share
"6"" O.D",108-110 Kgs,4.5 mm,7,Running,August,Week 4,22,28,0.225806,0.109,0.481,calendar_day_share
"6"" O.D",108-110 Kgs,4.5 mm,7,Running,August,Week 5,29,31,0.096774,0.047,0.481,calendar_day_share
"6"" O.D",140-145 Kgs,Unknown,Unknown,Unknown,August,Week 1,1,7,0.225806,0.007,0.029,calendar_day_share
"6"" O.D",140-145 Kgs,Unknown,Unknown,Unknown,August,Week 2,8,14,0.225806,0.007,0.029,calendar_day_share
"6"" O.D",140-145 Kgs,Unknown,Unknown,Unknown,August,Week 3,15,21,0.225806,0.007,0.029,calendar_day_share
"6"" O.D",140-145 Kgs,Unknown,Unknown,Unknown,August,Week 4,22,28,0.225806,0.007,0.029,calendar_day_share
"6"" O.D",140-145 Kgs,Unknown,Unknown,Unknown,August,Week 5,29,31,0.096774,0.003,0.029,calendar_day_share
"6"" O.D",96-97 Kgs,4 mm,Unknown,Running,August,Week 1,1,7,0.225806,0.007,0.029,calendar_day_share
"6"" O.D",96-97 Kgs,4 mm,Unknown,Running,August,Week 2,8,14,0.225806,0.007,0.029,calendar_day_share
"6"" O.D",96-97 Kgs,4 mm,Unknown,Running,August,Week 3,15,21,0.225806,0.007,0.029,calendar_day_share
"6"" O.D",96-97 Kgs,4 mm,Unknown,Running,August,Week 4,22,28,0.225806,0.007,0.029,calendar_day_share
"6"" O.D",96-97 Kgs,4 mm,Unknown,Running,August,Week 5,29,31,0.096774,0.003,0.029,calendar_day_share
"6""",100-103 Kgs,4.25 mm,Unknown,Running,August,Week 1,1,7,0.225806,0.082,0.365,calendar_day_share
"6""",100-103 Kgs,4.25 mm,Unknown,Running,August,Week 2,8,14,0.225806,0.082,0.365,calendar_day_share
"6""",100-103 Kgs,4.25 mm,Unknown,Running,August,Week 3,15,21,0.225806,0.082,0.365,calendar_day_share
"6""",100-103 Kgs,4.25 mm,Unknown,Running,August,Week 4,22,28,0.225806,0.082,0.365,calendar_day_share
"6""",100-103 Kgs,4.25 mm,Unknown,Running,August,Week 5,29,31,0.096774,0.035,0.365,calendar_day_share
"6""",108-110 Kgs,4.5 mm,7,Running,August,Week 1,1,7,0.225806,0.009,0.039,calendar_day_share
"6""",108-110 Kgs,4.5 mm,7,Running,August,Week 2,8,14,0.225806,0.009,0.039,calendar_day_share
"6""",108-110 Kgs,4.5 mm,7,Running,August,Week 3,15,21,0.225806,0.009,0.039,calendar_day_share
"6""",108-110 Kgs,4.5 mm,7,Running,August,Week 4,22,28,0.225806,0.009,0.039,calendar_day_share
"6""",108-110 Kgs,4.5 mm,7,Running,August,Week 5,29,31,0.096774,0.004,0.039,calendar_day_share
"6""",112-114 Kgs,4.75 mm,6,Running,August,Week 1,1,7,0.225806,0.32,1.417,calendar_day_share
"6""",112-114 Kgs,4.75 mm,6,Running,August,Week 2,8,14,0.225806,0.32,1.417,calendar_day_share
"6""",112-114 Kgs,4.75 mm,6,Running,August,Week 3,15,21,0.225806,0.32,1.417,calendar_day_share
"6""",112-114 Kgs,4.75 mm,6,Running,August,Week 4,22,28,0.225806,0.32,1.417,calendar_day_share
"6""",112-114 Kgs,4.75 mm,6,Running,August,Week 5,29,31,0.096774,0.137,1.417,calendar_day_share
"6""",113-114 Kgs,6 mm,4,Running,August,Week 1,1,7,0.225806,0.139,0.614,calendar_day_share
"6""",113-114 Kgs,6 mm,4,Running,August,Week 2,8,14,0.225806,0.139,0.614,calendar_day_share
"6""",113-114 Kgs,6 mm,4,Running,August,Week 3,15,21,0.225806,0.139,0.614,calendar_day_share
"6""",113-114 Kgs,6 mm,4,Running,August,Week 4,22,28,0.225806,0.139,0.614,calendar_day_share
"6""",113-114 Kgs,6 mm,4,Running,August,Week 5,29,31,0.096774,0.059,0.614,calendar_day_share
"6""",35- 36 Kgs,1.6 mm,16,Running,August,Week 1,1,7,0.225806,0.191,0.844,calendar_day_share
"6""",35- 36 Kgs,1.6 mm,16,Running,August,Week 2,8,14,0.225806,0.191,0.844,calendar_day_share
"6""",35- 36 Kgs,1.6 mm,16,Running,August,Week 3,15,21,0.225806,0.191,0.844,calendar_day_share
"6""",35- 36 Kgs,1.6 mm,16,Running,August,Week 4,22,28,0.225806,0.191,0.844,calendar_day_share
"6""",35- 36 Kgs,1.6 mm,16,Running,August,Week 5,29,31,0.096774,0.082,0.844,calendar_day_share
"6""",37-38 Kgs,2 mm,14,Running,August,Week 1,1,7,0.225806,0.01,0.046,calendar_day_share
"6""",37-38 Kgs,2 mm,14,Running,August,Week 2,8,14,0.225806,0.01,0.046,calendar_day_share
"6""",37-38 Kgs,2 mm,14,Running,August,Week 3,15,21,0.225806,0.01,0.046,calendar_day_share
"6""",37-38 Kgs,2 mm,14,Running,August,Week 4,22,28,0.225806,0.01,0.046,calendar_day_share
"6""",37-38 Kgs,2 mm,14,Running,August,Week 5,29,31,0.096774,0.004,0.046,calendar_day_share
"6""",48-50 Kgs,2 mm,14,Running,August,Week 1,1,7,0.225806,0.361,1.598,calendar_day_share
"6""",48-50 Kgs,2 mm,14,Running,August,Week 2,8,14,0.225806,0.361,1.598,calendar_day_share
"6""",48-50 Kgs,2 mm,14,Running,August,Week 3,15,21,0.225806,0.361,1.598,calendar_day_share
"6""",48-50 Kgs,2 mm,14,Running,August,Week 4,22,28,0.225806,0.361,1.598,calendar_day_share
"6""",48-50 Kgs,2 mm,14,Running,August,Week 5,29,31,0.096774,0.155,1.598,calendar_day_share
"6""",52-54 Kgs,2 mm,14,Running,August,Week 1,1,7,0.225806,0.238,1.056,calendar_day_share
"6""",52-54 Kgs,2 mm,14,Running,August,Week 2,8,14,0.225806,0.238,1.056,calendar_day_share
"6""",52-54 Kgs,2 mm,14,Running,August,Week 3,15,21,0.225806,0.238,1.056,calendar_day_share
"6""",52-54 Kgs,2 mm,14,Running,August,Week 4,22,28,0.225806,0.238,1.056,calendar_day_share
"6""",52-54 Kgs,2 mm,14,Running,August,Week 5,29,31,0.096774,0.102,1.056,calendar_day_share
"6""",60-62 Kgs,2.35 mm,12,Running,August,Week 1,1,7,0.225806,3.638,16.11,calendar_day_share
"6""",60-62 Kgs,2.35 mm,12,Running,August,Week 2,8,14,0.225806,3.638,16.11,calendar_day_share
"6""",60-62 Kgs,2.35 mm,12,Running,August,Week 3,15,21,0.225806,3.638,16.11,calendar_day_share
"6""",60-62 Kgs,2.35 mm,12,Running,August,Week 4,22,28,0.225806,3.638,16.11,calendar_day_share
"6""",60-62 Kgs,2.35 mm,12,Running,August,Week 5,29,31,0.096774,1.559,16.11,calendar_day_share
"6""",68-69 Kgs,Unknown,Unknown,Running,August,Week 1,1,7,0.225806,0.082,0.365,calendar_day_share
"6""",68-69 Kgs,Unknown,Unknown,Running,August,Week 2,8,14,0.225806,0.082,0.365,calendar_day_share
"6""",68-69 Kgs,Unknown,Unknown,Running,August,Week 3,15,21,0.225806,0.082,0.365,calendar_day_share
"6""",68-69 Kgs,Unknown,Unknown,Running,August,Week 4,22,28,0.225806,0.082,0.365,calendar_day_share
"6""",68-69 Kgs,Unknown,Unknown,Running,August,Week 5,29,31,0.096774,0.035,0.365,calendar_day_share
"6""",72-74 Kgs,3.25 mm,10,Running,August,Week 1,1,7,0.225806,21.931,97.121,calendar_day_share
"6""",72-74 Kgs,3.25 mm,10,Running,August,Week 2,8,14,0.225806,21.931,97.121,calendar_day_share
"6""",72-74 Kgs,3.25 mm,10,Running,August,Week 3,15,21,0.225806,21.931,97.121,calendar_day_share
"6""",72-74 Kgs,3.25 mm,10,Running,August,Week 4,22,28,0.225806,21.931,97.121,calendar_day_share
"6""",72-74 Kgs,3.25 mm,10,Running,August,Week 5,29,31,0.096774,9.399,97.121,calendar_day_share
"6""",75-76 Kgs,3.65 mm,9,Running,August,Week 1,1,7,0.225806,0.914,4.048,calendar_day_share
"6""",75-76 Kgs,3.65 mm,9,Running,August,Week 2,8,14,0.225806,0.914,4.048,calendar_day_share
"6""",75-76 Kgs,3.65 mm,9,Running,August,Week 3,15,21,0.225806,0.914,4.048,calendar_day_share
"6""",75-76 Kgs,3.65 mm,9,Running,August,Week 4,22,28,0.225806,0.914,4.048,calendar_day_share
"6""",75-76 Kgs,3.65 mm,9,Running,August,Week 5,29,31,0.096774,0.392,4.048,calendar_day_share
"6""",78-80 Kgs,3.65 mm,9,Running,August,Week 1,1,7,0.225806,0.163,0.723,calendar_day_share
"6""",78-80 Kgs,3.65 mm,9,Running,August,Week 2,8,14,0.225806,0.163,0.723,calendar_day_share
"6""",78-80 Kgs,3.65 mm,9,Running,August,Week 3,15,21,0.225806,0.163,0.723,calendar_day_share
"6""",78-80 Kgs,3.65 mm,9,Running,August,Week 4,22,28,0.225806,0.163,0.723,calendar_day_share
"6""",78-80 Kgs,3.65 mm,9,Running,August,Week 5,29,31,0.096774,0.07,0.723,calendar_day_share
"6""",84-86 Kgs,3.65 mm,9,Running,August,Week 1,1,7,0.225806,34.732,153.813,calendar_day_share
"6""",84-86 Kgs,3.65 mm,9,Running,August,Week 2,8,14,0.225806,34.732,153.813,calendar_day_share
"6""",84-86 Kgs,3.65 mm,9,Running,August,Week 3,15,21,0.225806,34.732,153.813,calendar_day_share
"6""",84-86 Kgs,3.65 mm,9,Running,August,Week 4,22,28,0.225806,34.732,153.813,calendar_day_share
"6""",84-86 Kgs,3.65 mm,9,Running,August,Week 5,29,31,0.096774,14.885,153.813,calendar_day_share
"6""",96-97 Kgs,4 mm,Unknown,Running,August,Week 1,1,7,0.225806,8.69,38.485,calendar_day_share
"6""",96-97 Kgs,4 mm,Unknown,Running,August,Week 2,8,14,0.225806,8.69,38.485,calendar_day_share
"6""",96-97 Kgs,4 mm,Unknown,Running,August,Week 3,15,21,0.225806,8.69,38.485,calendar_day_share
"6""",96-97 Kgs,4 mm,Unknown,Running,August,Week 4,22,28,0.225806,8.69,38.485,calendar_day_share
"6""",96-97 Kgs,4 mm,Unknown,Running,August,Week 5,29,31,0.096774,3.724,38.485,calendar_day_share
"7""",100-103 Kgs,4.25 mm,Unknown,Running,August,Week 1,1,7,0.225806,0.02,0.087,calendar_day_share
"7""",100-103 Kgs,4.25 mm,Unknown,Running,August,Week 2,8,14,0.225806,0.02,0.087,calendar_day_share
"7""",100-103 Kgs,4.25 mm,Unknown,Running,August,Week 3,15,21,0.225806,0.02,0.087,calendar_day_share
"7""",100-103 Kgs,4.25 mm,Unknown,Running,August,Week 4,22,28,0.225806,0.02,0.087,calendar_day_share
"7""",100-103 Kgs,4.25 mm,Unknown,Running,August,Week 5,29,31,0.096774,0.008,0.087,calendar_day_share
"7""",108-110 Kgs,4.5 mm,7,Running,August,Week 1,1,7,0.225806,0.009,0.039,calendar_day_share
"7""",108-110 Kgs,4.5 mm,7,Running,August,Week 2,8,14,0.225806,0.009,0.039,calendar_day_share
"7""",108-110 Kgs,4.5 mm,7,Running,August,Week 3,15,21,0.225806,0.009,0.039,calendar_day_share
"7""",108-110 Kgs,4.5 mm,7,Running,August,Week 4,22,28,0.225806,0.009,0.039,calendar_day_share
"7""",108-110 Kgs,4.5 mm,7,Running,August,Week 5,29,31,0.096774,0.004,0.039,calendar_day_share
"7""",110-112 Kgs,Unknown,Unknown,Running,August,Week 1,1,7,0.225806,0.009,0.038,calendar_day_share
"7""",110-112 Kgs,Unknown,Unknown,Running,August,Week 2,8,14,0.225806,0.009,0.038,calendar_day_share
"7""",110-112 Kgs,Unknown,Unknown,Running,August,Week 3,15,21,0.225806,0.009,0.038,calendar_day_share
"7""",110-112 Kgs,Unknown,Unknown,Running,August,Week 4,22,28,0.225806,0.009,0.038,calendar_day_share
"7""",110-112 Kgs,Unknown,Unknown,Running,August,Week 5,29,31,0.096774,0.004,0.038,calendar_day_share
"7""",112-114 Kgs,4.75 mm,6,Running,August,Week 1,1,7,0.225806,13.378,59.247,calendar_day_share
"7""",112-114 Kgs,4.75 mm,6,Running,August,Week 2,8,14,0.225806,13.378,59.247,calendar_day_share
"7""",112-114 Kgs,4.75 mm,6,Running,August,Week 3,15,21,0.225806,13.378,59.247,calendar_day_share
"7""",112-114 Kgs,4.75 mm,6,Running,August,Week 4,22,28,0.225806,13.378,59.247,calendar_day_share
"7""",112-114 Kgs,4.75 mm,6,Running,August,Week 5,29,31,0.096774,5.734,59.247,calendar_day_share
"7""",140-145 Kgs,Unknown,Unknown,Unknown,August,Week 1,1,7,0.225806,0.1,0.441,calendar_day_share
"7""",140-145 Kgs,Unknown,Unknown,Unknown,August,Week 2,8,14,0.225806,0.1,0.441,calendar_day_share
"7""",140-145 Kgs,Unknown,Unknown,Unknown,August,Week 3,15,21,0.225806,0.1,0.441,calendar_day_share
"7""",140-145 Kgs,Unknown,Unknown,Unknown,August,Week 4,22,28,0.225806,0.1,0.441,calendar_day_share
"7""",140-145 Kgs,Unknown,Unknown,Unknown,August,Week 5,29,31,0.096774,0.043,0.441,calendar_day_share
"7""",60-62 Kgs,Unknown,Unknown,Running,August,Week 1,1,7,0.225806,0.05,0.221,calendar_day_share
"7""",60-62 Kgs,Unknown,Unknown,Running,August,Week 2,8,14,0.225806,0.05,0.221,calendar_day_share
"7""",60-62 Kgs,Unknown,Unknown,Running,August,Week 3,15,21,0.225806,0.05,0.221,calendar_day_share
"7""",60-62 Kgs,Unknown,Unknown,Running,August,Week 4,22,28,0.225806,0.05,0.221,calendar_day_share
"7""",60-62 Kgs,Unknown,Unknown,Running,August,Week 5,29,31,0.096774,0.021,0.221,calendar_day_share
¾”,4-4½ Kgs,1.2 mm,18,Running,August,Week 1,1,7,0.225806,0.146,0.648,calendar_day_share
¾”,4-4½ Kgs,1.2 mm,18,Running,August,Week 2,8,14,0.225806,0.146,0.648,calendar_day_share
¾”,4-4½ Kgs,1.2 mm,18,Running,August,Week 3,15,21,0.225806,0.146,0.648,calendar_day_share
¾”,4-4½ Kgs,1.2 mm,18,Running,August,Week 4,22,28,0.225806,0.146,0.648,calendar_day_share
¾”,4-4½ Kgs,1.2 mm,18,Running,August,Week 5,29,31,0.096774,0.063,0.648,calendar_day_share
¾”,5½-6 Kgs,1.6 mm,16,Running,August,Week 1,1,7,0.225806,6.454,28.583,calendar_day_share
¾”,5½-6 Kgs,1.6 mm,16,Running,August,Week 2,8,14,0.225806,6.454,28.583,calendar_day_share
¾”,5½-6 Kgs,1.6 mm,16,Running,August,Week 3,15,21,0.225806,6.454,28.583,calendar_day_share
¾”,5½-6 Kgs,1.6 mm,16,Running,August,Week 4,22,28,0.225806,6.454,28.583,calendar_day_share
¾”,5½-6 Kgs,1.6 mm,16,Running,August,Week 5,29,31,0.096774,2.766,28.583,calendar_day_share
¾”,6 -7 Kgs,2 mm,14,Running,August,Week 1,1,7,0.225806,35.152,155.673,calendar_day_share
¾”,6 -7 Kgs,2 mm,14,Running,August,Week 2,8,14,0.225806,35.152,155.673,calendar_day_share
¾”,6 -7 Kgs,2 mm,14,Running,August,Week 3,15,21,0.225806,35.152,155.673,calendar_day_share
¾”,6 -7 Kgs,2 mm,14,Running,August,Week 4,22,28,0.225806,35.152,155.673,calendar_day_share
¾”,6 -7 Kgs,2 mm,14,Running,August,Week 5,29,31,0.096774,15.065,155.673,calendar_day_share
¾”,7 -7½ Kgs,2 mm,14,Running,August,Week 1,1,7,0.225806,0.228,1.008,calendar_day_share
¾”,7 -7½ Kgs,2 mm,14,Running,August,Week 2,8,14,0.225806,0.228,1.008,calendar_day_share
¾”,7 -7½ Kgs,2 mm,14,Running,August,Week 3,15,21,0.225806,0.228,1.008,calendar_day_share
¾”,7 -7½ Kgs,2 mm,14,Running,August,Week 4,22,28,0.225806,0.228,1.008,calendar_day_share
¾”,7 -7½ Kgs,2 mm,14,Running,August,Week 5,29,31,0.096774,0.098,1.008,calendar_day_share
¾”,8-8½ Kgs,2.35 mm,12,Running,August,Week 1,1,7,0.225806,1.825,8.084,calendar_day_share
¾”,8-8½ Kgs,2.35 mm,12,Running,August,Week 2,8,14,0.225806,1.825,8.084,calendar_day_share
¾”,8-8½ Kgs,2.35 mm,12,Running,August,Week 3,15,21,0.225806,1.825,8.084,calendar_day_share
¾”,8-8½ Kgs,2.35 mm,12,Running,August,Week 4,22,28,0.225806,1.825,8.084,calendar_day_share
¾”,8-8½ Kgs,2.35 mm,12,Running,August,Week 5,29,31,0.096774,0.782,8.084,calendar_day_share
"1""",11-12 Kgs,2.35 mm,12,Running,September,Week 1,1,7,0.233333,41.315,177.065,calendar_day_share
"1""",11-12 Kgs,2.35 mm,12,Running,September,Week 2,8,14,0.233333,41.315,177.065,calendar_day_share
"1""",11-12 Kgs,2.35 mm,12,Running,September,Week 3,15,21,0.233333,41.315,177.065,calendar_day_share
"1""",11-12 Kgs,2.35 mm,12,Running,September,Week 4,22,28,0.233333,41.315,177.065,calendar_day_share
"1""",11-12 Kgs,2.35 mm,12,Running,September,Week 5,29,30,0.066667,11.804,177.065,calendar_day_share
"1""",13-14 Kgs,2.35 mm,10,Running,September,Week 1,1,7,0.233333,60.761,260.405,calendar_day_share
"1""",13-14 Kgs,2.35 mm,10,Running,September,Week 2,8,14,0.233333,60.761,260.405,calendar_day_share
"1""",13-14 Kgs,2.35 mm,10,Running,September,Week 3,15,21,0.233333,60.761,260.405,calendar_day_share
"1""",13-14 Kgs,2.35 mm,10,Running,September,Week 4,22,28,0.233333,60.761,260.405,calendar_day_share
"1""",13-14 Kgs,2.35 mm,10,Running,September,Week 5,29,30,0.066667,17.36,260.405,calendar_day_share
"1""",13-14 Kgs,3.25 mm,10,Running,September,Week 1,1,7,0.233333,5.302,22.721,calendar_day_share
"1""",13-14 Kgs,3.25 mm,10,Running,September,Week 2,8,14,0.233333,5.302,22.721,calendar_day_share
"1""",13-14 Kgs,3.25 mm,10,Running,September,Week 3,15,21,0.233333,5.302,22.721,calendar_day_share
"1""",13-14 Kgs,3.25 mm,10,Running,September,Week 4,22,28,0.233333,5.302,22.721,calendar_day_share
"1""",13-14 Kgs,3.25 mm,10,Running,September,Week 5,29,30,0.066667,1.515,22.721,calendar_day_share
"1""",17-18 Kgs,3.25 mm,10,Running,September,Week 1,1,7,0.233333,5.598,23.993,calendar_day_share
"1""",17-18 Kgs,3.25 mm,10,Running,September,Week 2,8,14,0.233333,5.598,23.993,calendar_day_share
"1""",17-18 Kgs,3.25 mm,10,Running,September,Week 3,15,21,0.233333,5.598,23.993,calendar_day_share
"1""",17-18 Kgs,3.25 mm,10,Running,September,Week 4,22,28,0.233333,5.598,23.993,calendar_day_share
"1""",17-18 Kgs,3.25 mm,10,Running,September,Week 5,29,30,0.066667,1.6,23.993,calendar_day_share
"1""",7-8 Kgs,1.6 mm,16,Running,September,Week 1,1,7,0.233333,37.205,159.45,calendar_day_share
"1""",7-8 Kgs,1.6 mm,16,Running,September,Week 2,8,14,0.233333,37.205,159.45,calendar_day_share
"1""",7-8 Kgs,1.6 mm,16,Running,September,Week 3,15,21,0.233333,37.205,159.45,calendar_day_share
"1""",7-8 Kgs,1.6 mm,16,Running,September,Week 4,22,28,0.233333,37.205,159.45,calendar_day_share
"1""",7-8 Kgs,1.6 mm,16,Running,September,Week 5,29,30,0.066667,10.63,159.45,calendar_day_share
"1""",9-10 Kgs,2 mm,14,Running,September,Week 1,1,7,0.233333,19.243,82.469,calendar_day_share
"1""",9-10 Kgs,2 mm,14,Running,September,Week 2,8,14,0.233333,19.243,82.469,calendar_day_share
"1""",9-10 Kgs,2 mm,14,Running,September,Week 3,15,21,0.233333,19.243,82.469,calendar_day_share
"1""",9-10 Kgs,2 mm,14,Running,September,Week 4,22,28,0.233333,19.243,82.469,calendar_day_share
"1""",9-10 Kgs,2 mm,14,Running,September,Week 5,29,30,0.066667,5.498,82.469,calendar_day_share
"1""",Unknown,Unknown,10,Running,September,Week 1,1,7,0.233333,0.073,0.311,calendar_day_share
"1""",Unknown,Unknown,10,Running,September,Week 2,8,14,0.233333,0.073,0.311,calendar_day_share
"1""",Unknown,Unknown,10,Running,September,Week 3,15,21,0.233333,0.073,0.311,calendar_day_share
"1""",Unknown,Unknown,10,Running,September,Week 4,22,28,0.233333,0.073,0.311,calendar_day_share
"1""",Unknown,Unknown,10,Running,September,Week 5,29,30,0.066667,0.021,0.311,calendar_day_share
"1¼""",10-11 Kgs,1.6 mm,16,Running,September,Week 1,1,7,0.233333,63.513,272.198,calendar_day_share
"1¼""",10-11 Kgs,1.6 mm,16,Running,September,Week 2,8,14,0.233333,63.513,272.198,calendar_day_share
"1¼""",10-11 Kgs,1.6 mm,16,Running,September,Week 3,15,21,0.233333,63.513,272.198,calendar_day_share
"1¼""",10-11 Kgs,1.6 mm,16,Running,September,Week 4,22,28,0.233333,63.513,272.198,calendar_day_share
"1¼""",10-11 Kgs,1.6 mm,16,Running,September,Week 5,29,30,0.066667,18.147,272.198,calendar_day_share
"1¼""",12-13 Kgs,2 mm,14,Running,September,Week 1,1,7,0.233333,28.218,120.934,calendar_day_share
"1¼""",12-13 Kgs,2 mm,14,Running,September,Week 2,8,14,0.233333,28.218,120.934,calendar_day_share
"1¼""",12-13 Kgs,2 mm,14,Running,September,Week 3,15,21,0.233333,28.218,120.934,calendar_day_share
"1¼""",12-13 Kgs,2 mm,14,Running,September,Week 4,22,28,0.233333,28.218,120.934,calendar_day_share
"1¼""",12-13 Kgs,2 mm,14,Running,September,Week 5,29,30,0.066667,8.062,120.934,calendar_day_share
"1¼""",15-16 Kgs,2.65 mm,12,Running,September,Week 1,1,7,0.233333,0.012,0.051,calendar_day_share
"1¼""",15-16 Kgs,2.65 mm,12,Running,September,Week 2,8,14,0.233333,0.012,0.051,calendar_day_share
"1¼""",15-16 Kgs,2.65 mm,12,Running,September,Week 3,15,21,0.233333,0.012,0.051,calendar_day_share
"1¼""",15-16 Kgs,2.65 mm,12,Running,September,Week 4,22,28,0.233333,0.012,0.051,calendar_day_share
"1¼""",15-16 Kgs,2.65 mm,12,Running,September,Week 5,29,30,0.066667,0.003,0.051,calendar_day_share
"1¼""",17-18 Kgs,2.65 mm,12,Running,September,Week 1,1,7,0.233333,10.924,46.818,calendar_day_share
"1¼""",17-18 Kgs,2.65 mm,12,Running,September,Week 2,8,14,0.233333,10.924,46.818,calendar_day_share
"1¼""",17-18 Kgs,2.65 mm,12,Running,September,Week 3,15,21,0.233333,10.924,46.818,calendar_day_share
"1¼""",17-18 Kgs,2.65 mm,12,Running,September,Week 4,22,28,0.233333,10.924,46.818,calendar_day_share
"1¼""",17-18 Kgs,2.65 mm,12,Running,September,Week 5,29,30,0.066667,3.121,46.818,calendar_day_share
"1¼""",17-18 Kgs,3 mm,10,Running,September,Week 1,1,7,0.233333,0.013,0.057,calendar_day_share
"1¼""",17-18 Kgs,3 mm,10,Running,September,Week 2,8,14,0.233333,0.013,0.057,calendar_day_share
"1¼""",17-18 Kgs,3 mm,10,Running,September,Week 3,15,21,0.233333,0.013,0.057,calendar_day_share
"1¼""",17-18 Kgs,3 mm,10,Running,September,Week 4,22,28,0.233333,0.013,0.057,calendar_day_share
"1¼""",17-18 Kgs,3 mm,10,Running,September,Week 5,29,30,0.066667,0.004,0.057,calendar_day_share
"1¼""",19-20 Kgs,3 mm,10,Running,September,Week 1,1,7,0.233333,3.531,15.135,calendar_day_share
"1¼""",19-20 Kgs,3 mm,10,Running,September,Week 2,8,14,0.233333,3.531,15.135,calendar_day_share
"1¼""",19-20 Kgs,3 mm,10,Running,September,Week 3,15,21,0.233333,3.531,15.135,calendar_day_share
"1¼""",19-20 Kgs,3 mm,10,Running,September,Week 4,22,28,0.233333,3.531,15.135,calendar_day_share
"1¼""",19-20 Kgs,3 mm,10,Running,September,Week 5,29,30,0.066667,1.009,15.135,calendar_day_share
"1¼""",21-22 Kgs,3.65 mm,9,Running,September,Week 1,1,7,0.233333,0.565,2.423,calendar_day_share
"1¼""",21-22 Kgs,3.65 mm,9,Running,September,Week 2,8,14,0.233333,0.565,2.423,calendar_day_share
"1¼""",21-22 Kgs,3.65 mm,9,Running,September,Week 3,15,21,0.233333,0.565,2.423,calendar_day_share
"1¼""",21-22 Kgs,3.65 mm,9,Running,September,Week 4,22,28,0.233333,0.565,2.423,calendar_day_share
"1¼""",21-22 Kgs,3.65 mm,9,Running,September,Week 5,29,30,0.066667,0.162,2.423,calendar_day_share
"1¼""",22-23 Kgs,3.65 mm,9,Running,September,Week 1,1,7,0.233333,5.484,23.504,calendar_day_share
"1¼""",22-23 Kgs,3.65 mm,9,Running,September,Week 2,8,14,0.233333,5.484,23.504,calendar_day_share
"1¼""",22-23 Kgs,3.65 mm,9,Running,September,Week 3,15,21,0.233333,5.484,23.504,calendar_day_share
"1¼""",22-23 Kgs,3.65 mm,9,Running,September,Week 4,22,28,0.233333,5.484,23.504,calendar_day_share
"1¼""",22-23 Kgs,3.65 mm,9,Running,September,Week 5,29,30,0.066667,1.567,23.504,calendar_day_share
"1¼""",8-9 Kgs,1.2 mm,18,Running,September,Week 1,1,7,0.233333,0.026,0.111,calendar_day_share
"1¼""",8-9 Kgs,1.2 mm,18,Running,September,Week 2,8,14,0.233333,0.026,0.111,calendar_day_share
"1¼""",8-9 Kgs,1.2 mm,18,Running,September,Week 3,15,21,0.233333,0.026,0.111,calendar_day_share
"1¼""",8-9 Kgs,1.2 mm,18,Running,September,Week 4,22,28,0.233333,0.026,0.111,calendar_day_share
"1¼""",8-9 Kgs,1.2 mm,18,Running,September,Week 5,29,30,0.066667,0.007,0.111,calendar_day_share
"1½""",10-11 Kgs,1.6 mm,16,Running,September,Week 1,1,7,0.233333,29.093,124.685,calendar_day_share
"1½""",10-11 Kgs,1.6 mm,16,Running,September,Week 2,8,14,0.233333,29.093,124.685,calendar_day_share
"1½""",10-11 Kgs,1.6 mm,16,Running,September,Week 3,15,21,0.233333,29.093,124.685,calendar_day_share
"1½""",10-11 Kgs,1.6 mm,16,Running,September,Week 4,22,28,0.233333,29.093,124.685,calendar_day_share
"1½""",10-11 Kgs,1.6 mm,16,Running,September,Week 5,29,30,0.066667,8.312,124.685,calendar_day_share
"1½""",13-14 Kgs,1.8 mm,14,Running,September,Week 1,1,7,0.233333,8.381,35.92,calendar_day_share
"1½""",13-14 Kgs,1.8 mm,14,Running,September,Week 2,8,14,0.233333,8.381,35.92,calendar_day_share
"1½""",13-14 Kgs,1.8 mm,14,Running,September,Week 3,15,21,0.233333,8.381,35.92,calendar_day_share
"1½""",13-14 Kgs,1.8 mm,14,Running,September,Week 4,22,28,0.233333,8.381,35.92,calendar_day_share
"1½""",13-14 Kgs,1.8 mm,14,Running,September,Week 5,29,30,0.066667,2.395,35.92,calendar_day_share
"1½""",13-14 Kgs,2 mm,14,Running,September,Week 1,1,7,0.233333,76.742,328.894,calendar_day_share
"1½""",13-14 Kgs,2 mm,14,Running,September,Week 2,8,14,0.233333,76.742,328.894,calendar_day_share
"1½""",13-14 Kgs,2 mm,14,Running,September,Week 3,15,21,0.233333,76.742,328.894,calendar_day_share
"1½""",13-14 Kgs,2 mm,14,Running,September,Week 4,22,28,0.233333,76.742,328.894,calendar_day_share
"1½""",13-14 Kgs,2 mm,14,Running,September,Week 5,29,30,0.066667,21.926,328.894,calendar_day_share
"1½""",15-16 Kgs,2 mm,12,Running,September,Week 1,1,7,0.233333,1.077,4.614,calendar_day_share
"1½""",15-16 Kgs,2 mm,12,Running,September,Week 2,8,14,0.233333,1.077,4.614,calendar_day_share
"1½""",15-16 Kgs,2 mm,12,Running,September,Week 3,15,21,0.233333,1.077,4.614,calendar_day_share
"1½""",15-16 Kgs,2 mm,12,Running,September,Week 4,22,28,0.233333,1.077,4.614,calendar_day_share
"1½""",15-16 Kgs,2 mm,12,Running,September,Week 5,29,30,0.066667,0.308,4.614,calendar_day_share
"1½""",17-18 Kgs,2.65 mm,10,Running,September,Week 1,1,7,0.233333,1.246,5.339,calendar_day_share
"1½""",17-18 Kgs,2.65 mm,10,Running,September,Week 2,8,14,0.233333,1.246,5.339,calendar_day_share
"1½""",17-18 Kgs,2.65 mm,10,Running,September,Week 3,15,21,0.233333,1.246,5.339,calendar_day_share
"1½""",17-18 Kgs,2.65 mm,10,Running,September,Week 4,22,28,0.233333,1.246,5.339,calendar_day_share
"1½""",17-18 Kgs,2.65 mm,10,Running,September,Week 5,29,30,0.066667,0.356,5.339,calendar_day_share
"1½""",17-18 Kgs,2.65 mm,11,Running,September,Week 1,1,7,0.233333,8.94,38.316,calendar_day_share
"1½""",17-18 Kgs,2.65 mm,11,Running,September,Week 2,8,14,0.233333,8.94,38.316,calendar_day_share
"1½""",17-18 Kgs,2.65 mm,11,Running,September,Week 3,15,21,0.233333,8.94,38.316,calendar_day_share
"1½""",17-18 Kgs,2.65 mm,11,Running,September,Week 4,22,28,0.233333,8.94,38.316,calendar_day_share
"1½""",17-18 Kgs,2.65 mm,11,Running,September,Week 5,29,30,0.066667,2.554,38.316,calendar_day_share
"1½""",20-21 Kgs,2.9 mm,10,Running,September,Week 1,1,7,0.233333,2.36,10.114,calendar_day_share
"1½""",20-21 Kgs,2.9 mm,10,Running,September,Week 2,8,14,0.233333,2.36,10.114,calendar_day_share
"1½""",20-21 Kgs,2.9 mm,10,Running,September,Week 3,15,21,0.233333,2.36,10.114,calendar_day_share
"1½""",20-21 Kgs,2.9 mm,10,Running,September,Week 4,22,28,0.233333,2.36,10.114,calendar_day_share
"1½""",20-21 Kgs,2.9 mm,10,Running,September,Week 5,29,30,0.066667,0.674,10.114,calendar_day_share
"1½""",23-24 Kgs,3.65 mm,9,Running,September,Week 1,1,7,0.233333,0.075,0.322,calendar_day_share
"1½""",23-24 Kgs,3.65 mm,9,Running,September,Week 2,8,14,0.233333,0.075,0.322,calendar_day_share
"1½""",23-24 Kgs,3.65 mm,9,Running,September,Week 3,15,21,0.233333,0.075,0.322,calendar_day_share
"1½""",23-24 Kgs,3.65 mm,9,Running,September,Week 4,22,28,0.233333,0.075,0.322,calendar_day_share
"1½""",23-24 Kgs,3.65 mm,9,Running,September,Week 5,29,30,0.066667,0.021,0.322,calendar_day_share
"1½""",25-26 Kgs,4 mm,8,Running,September,Week 1,1,7,0.233333,0.007,0.031,calendar_day_share
"1½""",25-26 Kgs,4 mm,8,Running,September,Week 2,8,14,0.233333,0.007,0.031,calendar_day_share
"1½""",25-26 Kgs,4 mm,8,Running,September,Week 3,15,21,0.233333,0.007,0.031,calendar_day_share
"1½""",25-26 Kgs,4 mm,8,Running,September,Week 4,22,28,0.233333,0.007,0.031,calendar_day_share
"1½""",25-26 Kgs,4 mm,8,Running,September,Week 5,29,30,0.066667,0.002,0.031,calendar_day_share
"2""",13-14 Kgs,1.6 mm,16,Running,September,Week 1,1,7,0.233333,57.359,245.824,calendar_day_share
"2""",13-14 Kgs,1.6 mm,16,Running,September,Week 2,8,14,0.233333,57.359,245.824,calendar_day_share
"2""",13-14 Kgs,1.6 mm,16,Running,September,Week 3,15,21,0.233333,57.359,245.824,calendar_day_share
"2""",13-14 Kgs,1.6 mm,16,Running,September,Week 4,22,28,0.233333,57.359,245.824,calendar_day_share
"2""",13-14 Kgs,1.6 mm,16,Running,September,Week 5,29,30,0.066667,16.388,245.824,calendar_day_share
"2""",16-17 Kgs,2.0 mm,14,Running,September,Week 1,1,7,0.233333,97.188,416.519,calendar_day_share
"2""",16-17 Kgs,2.0 mm,14,Running,September,Week 2,8,14,0.233333,97.188,416.519,calendar_day_share
"2""",16-17 Kgs,2.0 mm,14,Running,September,Week 3,15,21,0.233333,97.188,416.519,calendar_day_share
"2""",16-17 Kgs,2.0 mm,14,Running,September,Week 4,22,28,0.233333,97.188,416.519,calendar_day_share
"2""",16-17 Kgs,2.0 mm,14,Running,September,Week 5,29,30,0.066667,27.768,416.519,calendar_day_share
"2""",16-17½ Kgs,2 mm,14,Running,September,Week 1,1,7,0.233333,2.015,8.636,calendar_day_share
"2""",16-17½ Kgs,2 mm,14,Running,September,Week 2,8,14,0.233333,2.015,8.636,calendar_day_share
"2""",16-17½ Kgs,2 mm,14,Running,September,Week 3,15,21,0.233333,2.015,8.636,calendar_day_share
"2""",16-17½ Kgs,2 mm,14,Running,September,Week 4,22,28,0.233333,2.015,8.636,calendar_day_share
"2""",16-17½ Kgs,2 mm,14,Running,September,Week 5,29,30,0.066667,0.576,8.636,calendar_day_share
"2""",20-21 Kgs,2.35 mm,12,Running,September,Week 1,1,7,0.233333,46.696,200.124,calendar_day_share
"2""",20-21 Kgs,2.35 mm,12,Running,September,Week 2,8,14,0.233333,46.696,200.124,calendar_day_share
"2""",20-21 Kgs,2.35 mm,12,Running,September,Week 3,15,21,0.233333,46.696,200.124,calendar_day_share
"2""",20-21 Kgs,2.35 mm,12,Running,September,Week 4,22,28,0.233333,46.696,200.124,calendar_day_share
"2""",20-21 Kgs,2.35 mm,12,Running,September,Week 5,29,30,0.066667,13.342,200.124,calendar_day_share
"2""",25-26 Kgs,3.25 mm,10,Running,September,Week 1,1,7,0.233333,31.869,136.583,calendar_day_share
"2""",25-26 Kgs,3.25 mm,10,Running,September,Week 2,8,14,0.233333,31.869,136.583,calendar_day_share
"2""",25-26 Kgs,3.25 mm,10,Running,September,Week 3,15,21,0.233333,31.869,136.583,calendar_day_share
"2""",25-26 Kgs,3.25 mm,10,Running,September,Week 4,22,28,0.233333,31.869,136.583,calendar_day_share
"2""",25-26 Kgs,3.25 mm,10,Running,September,Week 5,29,30,0.066667,9.106,136.583,calendar_day_share
"2""",29-30 Kgs,3.65 mm,9,Running,September,Week 1,1,7,0.233333,15.048,64.49,calendar_day_share
"2""",29-30 Kgs,3.65 mm,9,Running,September,Week 2,8,14,0.233333,15.048,64.49,calendar_day_share
"2""",29-30 Kgs,3.65 mm,9,Running,September,Week 3,15,21,0.233333,15.048,64.49,calendar_day_share
"2""",29-30 Kgs,3.65 mm,9,Running,September,Week 4,22,28,0.233333,15.048,64.49,calendar_day_share
"2""",29-30 Kgs,3.65 mm,9,Running,September,Week 5,29,30,0.066667,4.299,64.49,calendar_day_share
"2""",32-34 Kgs,4 mm,8,Running,September,Week 1,1,7,0.233333,21.927,93.974,calendar_day_share
"2""",32-34 Kgs,4 mm,8,Running,September,Week 2,8,14,0.233333,21.927,93.974,calendar_day_share
"2""",32-34 Kgs,4 mm,8,Running,September,Week 3,15,21,0.233333,21.927,93.974,calendar_day_share
"2""",32-34 Kgs,4 mm,8,Running,September,Week 4,22,28,0.233333,21.927,93.974,calendar_day_share
"2""",32-34 Kgs,4 mm,8,Running,September,Week 5,29,30,0.066667,6.265,93.974,calendar_day_share
"2""",32-34 Kgs,5 mm,5,Running,September,Week 1,1,7,0.233333,0.023,0.1,calendar_day_share
"2""",32-34 Kgs,5 mm,5,Running,September,Week 2,8,14,0.233333,0.023,0.1,calendar_day_share
"2""",32-34 Kgs,5 mm,5,Running,September,Week 3,15,21,0.233333,0.023,0.1,calendar_day_share
"2""",32-34 Kgs,5 mm,5,Running,September,Week 4,22,28,0.233333,0.023,0.1,calendar_day_share
"2""",32-34 Kgs,5 mm,5,Running,September,Week 5,29,30,0.066667,0.007,0.1,calendar_day_share
"2""",9½-10 Kgs,1.2 mm,18,Running,September,Week 1,1,7,0.233333,0.332,1.421,calendar_day_share
"2""",9½-10 Kgs,1.2 mm,18,Running,September,Week 2,8,14,0.233333,0.332,1.421,calendar_day_share
"2""",9½-10 Kgs,1.2 mm,18,Running,September,Week 3,15,21,0.233333,0.332,1.421,calendar_day_share
"2""",9½-10 Kgs,1.2 mm,18,Running,September,Week 4,22,28,0.233333,0.332,1.421,calendar_day_share
"2""",9½-10 Kgs,1.2 mm,18,Running,September,Week 5,29,30,0.066667,0.095,1.421,calendar_day_share
"2""",Unknown,Unknown,Unknown,Unknown,September,Week 1,1,7,0.233333,0.006,0.024,calendar_day_share
"2""",Unknown,Unknown,Unknown,Unknown,September,Week 2,8,14,0.233333,0.006,0.024,calendar_day_share
"2""",Unknown,Unknown,Unknown,Unknown,September,Week 3,15,21,0.233333,0.006,0.024,calendar_day_share
"2""",Unknown,Unknown,Unknown,Unknown,September,Week 4,22,28,0.233333,0.006,0.024,calendar_day_share
"2""",Unknown,Unknown,Unknown,Unknown,September,Week 5,29,30,0.066667,0.002,0.024,calendar_day_share
"2½""",10-11 Kgs,Unknown,Unknown,Running,September,Week 1,1,7,0.233333,0.539,2.308,calendar_day_share
"2½""",10-11 Kgs,Unknown,Unknown,Running,September,Week 2,8,14,0.233333,0.539,2.308,calendar_day_share
"2½""",10-11 Kgs,Unknown,Unknown,Running,September,Week 3,15,21,0.233333,0.539,2.308,calendar_day_share
"2½""",10-11 Kgs,Unknown,Unknown,Running,September,Week 4,22,28,0.233333,0.539,2.308,calendar_day_share
"2½""",10-11 Kgs,Unknown,Unknown,Running,September,Week 5,29,30,0.066667,0.154,2.308,calendar_day_share
"2½""",16-17 Kgs,1.6 mm,16,Running,September,Week 1,1,7,0.233333,23.211,99.474,calendar_day_share
"2½""",16-17 Kgs,1.6 mm,16,Running,September,Week 2,8,14,0.233333,23.211,99.474,calendar_day_share
"2½""",16-17 Kgs,1.6 mm,16,Running,September,Week 3,15,21,0.233333,23.211,99.474,calendar_day_share
"2½""",16-17 Kgs,1.6 mm,16,Running,September,Week 4,22,28,0.233333,23.211,99.474,calendar_day_share
"2½""",16-17 Kgs,1.6 mm,16,Running,September,Week 5,29,30,0.066667,6.632,99.474,calendar_day_share
"2½""",21-22 Kgs,2 mm,14,Running,September,Week 1,1,7,0.233333,89.202,382.293,calendar_day_share
"2½""",21-22 Kgs,2 mm,14,Running,September,Week 2,8,14,0.233333,89.202,382.293,calendar_day_share
"2½""",21-22 Kgs,2 mm,14,Running,September,Week 3,15,21,0.233333,89.202,382.293,calendar_day_share
"2½""",21-22 Kgs,2 mm,14,Running,September,Week 4,22,28,0.233333,89.202,382.293,calendar_day_share
"2½""",21-22 Kgs,2 mm,14,Running,September,Week 5,29,30,0.066667,25.486,382.293,calendar_day_share
"2½""",27-28 Kgs,2.65 mm,12,Running,September,Week 1,1,7,0.233333,0.435,1.864,calendar_day_share
"2½""",27-28 Kgs,2.65 mm,12,Running,September,Week 2,8,14,0.233333,0.435,1.864,calendar_day_share
"2½""",27-28 Kgs,2.65 mm,12,Running,September,Week 3,15,21,0.233333,0.435,1.864,calendar_day_share
"2½""",27-28 Kgs,2.65 mm,12,Running,September,Week 4,22,28,0.233333,0.435,1.864,calendar_day_share
"2½""",27-28 Kgs,2.65 mm,12,Running,September,Week 5,29,30,0.066667,0.124,1.864,calendar_day_share
"2½""",32-34 Kgs,3 mm,10,Running,September,Week 1,1,7,0.233333,24.637,105.586,calendar_day_share
"2½""",32-34 Kgs,3 mm,10,Running,September,Week 2,8,14,0.233333,24.637,105.586,calendar_day_share
"2½""",32-34 Kgs,3 mm,10,Running,September,Week 3,15,21,0.233333,24.637,105.586,calendar_day_share
"2½""",32-34 Kgs,3 mm,10,Running,September,Week 4,22,28,0.233333,24.637,105.586,calendar_day_share
"2½""",32-34 Kgs,3 mm,10,Running,September,Week 5,29,30,0.066667,7.039,105.586,calendar_day_share
"2½""",32-34 Kgs,5 mm,5,Running,September,Week 1,1,7,0.233333,0.618,2.647,calendar_day_share
"2½""",32-34 Kgs,5 mm,5,Running,September,Week 2,8,14,0.233333,0.618,2.647,calendar_day_share
"2½""",32-34 Kgs,5 mm,5,Running,September,Week 3,15,21,0.233333,0.618,2.647,calendar_day_share
"2½""",32-34 Kgs,5 mm,5,Running,September,Week 4,22,28,0.233333,0.618,2.647,calendar_day_share
"2½""",32-34 Kgs,5 mm,5,Running,September,Week 5,29,30,0.066667,0.176,2.647,calendar_day_share
"2½""",37-38 Kgs,3.65 mm,9,Running,September,Week 1,1,7,0.233333,2.341,10.035,calendar_day_share
"2½""",37-38 Kgs,3.65 mm,9,Running,September,Week 2,8,14,0.233333,2.341,10.035,calendar_day_share
"2½""",37-38 Kgs,3.65 mm,9,Running,September,Week 3,15,21,0.233333,2.341,10.035,calendar_day_share
"2½""",37-38 Kgs,3.65 mm,9,Running,September,Week 4,22,28,0.233333,2.341,10.035,calendar_day_share
"2½""",37-38 Kgs,3.65 mm,9,Running,September,Week 5,29,30,0.066667,0.669,10.035,calendar_day_share
"2½""",52-54 Kgs,5 mm,6,Running,September,Week 1,1,7,0.233333,0.137,0.586,calendar_day_share
"2½""",52-54 Kgs,5 mm,6,Running,September,Week 2,8,14,0.233333,0.137,0.586,calendar_day_share
"2½""",52-54 Kgs,5 mm,6,Running,September,Week 3,15,21,0.233333,0.137,0.586,calendar_day_share
"2½""",52-54 Kgs,5 mm,6,Running,September,Week 4,22,28,0.233333,0.137,0.586,calendar_day_share
"2½""",52-54 Kgs,5 mm,6,Running,September,Week 5,29,30,0.066667,0.039,0.586,calendar_day_share
"3""",32-34 Kgs,2.65 mm,12,Running,September,Week 1,1,7,0.233333,30.584,131.075,calendar_day_share
"3""",32-34 Kgs,2.65 mm,12,Running,September,Week 2,8,14,0.233333,30.584,131.075,calendar_day_share
"3""",32-34 Kgs,2.65 mm,12,Running,September,Week 3,15,21,0.233333,30.584,131.075,calendar_day_share
"3""",32-34 Kgs,2.65 mm,12,Running,September,Week 4,22,28,0.233333,30.584,131.075,calendar_day_share
"3""",32-34 Kgs,2.65 mm,12,Running,September,Week 5,29,30,0.066667,8.738,131.075,calendar_day_share
"3""",37-38 Kgs,3.65 mm,9,Running,September,Week 1,1,7,0.233333,10.025,42.965,calendar_day_share
"3""",37-38 Kgs,3.65 mm,9,Running,September,Week 2,8,14,0.233333,10.025,42.965,calendar_day_share
"3""",37-38 Kgs,3.65 mm,9,Running,September,Week 3,15,21,0.233333,10.025,42.965,calendar_day_share
"3""",37-38 Kgs,3.65 mm,9,Running,September,Week 4,22,28,0.233333,10.025,42.965,calendar_day_share
"3""",37-38 Kgs,3.65 mm,9,Running,September,Week 5,29,30,0.066667,2.864,42.965,calendar_day_share
"3""",38-39 Kgs,3.25 mm,10,Running,September,Week 1,1,7,0.233333,37.934,162.576,calendar_day_share
"3""",38-39 Kgs,3.25 mm,10,Running,September,Week 2,8,14,0.233333,37.934,162.576,calendar_day_share
"3""",38-39 Kgs,3.25 mm,10,Running,September,Week 3,15,21,0.233333,37.934,162.576,calendar_day_share
"3""",38-39 Kgs,3.25 mm,10,Running,September,Week 4,22,28,0.233333,37.934,162.576,calendar_day_share
"3""",38-39 Kgs,3.25 mm,10,Running,September,Week 5,29,30,0.066667,10.838,162.576,calendar_day_share
"3""",45-46 Kgs,3.65 mm,9,Running,September,Week 1,1,7,0.233333,0.22,0.945,calendar_day_share
"3""",45-46 Kgs,3.65 mm,9,Running,September,Week 2,8,14,0.233333,0.22,0.945,calendar_day_share
"3""",45-46 Kgs,3.65 mm,9,Running,September,Week 3,15,21,0.233333,0.22,0.945,calendar_day_share
"3""",45-46 Kgs,3.65 mm,9,Running,September,Week 4,22,28,0.233333,0.22,0.945,calendar_day_share
"3""",45-46 Kgs,3.65 mm,9,Running,September,Week 5,29,30,0.066667,0.063,0.945,calendar_day_share
"3""",50-52 Kgs,4 mm,8,Running,September,Week 1,1,7,0.233333,1.059,4.541,calendar_day_share
"3""",50-52 Kgs,4 mm,8,Running,September,Week 2,8,14,0.233333,1.059,4.541,calendar_day_share
"3""",50-52 Kgs,4 mm,8,Running,September,Week 3,15,21,0.233333,1.059,4.541,calendar_day_share
"3""",50-52 Kgs,4 mm,8,Running,September,Week 4,22,28,0.233333,1.059,4.541,calendar_day_share
"3""",50-52 Kgs,4 mm,8,Running,September,Week 5,29,30,0.066667,0.303,4.541,calendar_day_share
"3""",52-54 Kgs,5 mm,6,Running,September,Week 1,1,7,0.233333,9.197,39.416,calendar_day_share
"3""",52-54 Kgs,5 mm,6,Running,September,Week 2,8,14,0.233333,9.197,39.416,calendar_day_share
"3""",52-54 Kgs,5 mm,6,Running,September,Week 3,15,21,0.233333,9.197,39.416,calendar_day_share
"3""",52-54 Kgs,5 mm,6,Running,September,Week 4,22,28,0.233333,9.197,39.416,calendar_day_share
"3""",52-54 Kgs,5 mm,6,Running,September,Week 5,29,30,0.066667,2.628,39.416,calendar_day_share
"3""",64-65 Kgs,6 mm,5,Unknown,September,Week 1,1,7,0.233333,0.349,1.494,calendar_day_share
"3""",64-65 Kgs,6 mm,5,Unknown,September,Week 2,8,14,0.233333,0.349,1.494,calendar_day_share
"3""",64-65 Kgs,6 mm,5,Unknown,September,Week 3,15,21,0.233333,0.349,1.494,calendar_day_share
"3""",64-65 Kgs,6 mm,5,Unknown,September,Week 4,22,28,0.233333,0.349,1.494,calendar_day_share
"3""",64-65 Kgs,6 mm,5,Unknown,September,Week 5,29,30,0.066667,0.1,1.494,calendar_day_share
"3""",65-66 Kgs,5 mm,6,Running,September,Week 1,1,7,0.233333,0.008,0.036,calendar_day_share
"3""",65-66 Kgs,5 mm,6,Running,September,Week 2,8,14,0.233333,0.008,0.036,calendar_day_share
"3""",65-66 Kgs,5 mm,6,Running,September,Week 3,15,21,0.233333,0.008,0.036,calendar_day_share
"3""",65-66 Kgs,5 mm,6,Running,September,Week 4,22,28,0.233333,0.008,0.036,calendar_day_share
"3""",65-66 Kgs,5 mm,6,Running,September,Week 5,29,30,0.066667,0.002,0.036,calendar_day_share
"4"" OD",65-65 Kgs,Unknown,Unknown,Running,September,Week 1,1,7,0.233333,0.007,0.03,calendar_day_share
"4"" OD",65-65 Kgs,Unknown,Unknown,Running,September,Week 2,8,14,0.233333,0.007,0.03,calendar_day_share
"4"" OD",65-65 Kgs,Unknown,Unknown,Running,September,Week 3,15,21,0.233333,0.007,0.03,calendar_day_share
"4"" OD",65-65 Kgs,Unknown,Unknown,Running,September,Week 4,22,28,0.233333,0.007,0.03,calendar_day_share
"4"" OD",65-65 Kgs,Unknown,Unknown,Running,September,Week 5,29,30,0.066667,0.002,0.03,calendar_day_share
"4"" OD",66-67 Kgs,4 mm,8,Running,September,Week 1,1,7,0.233333,0.044,0.19,calendar_day_share
"4"" OD",66-67 Kgs,4 mm,8,Running,September,Week 2,8,14,0.233333,0.044,0.19,calendar_day_share
"4"" OD",66-67 Kgs,4 mm,8,Running,September,Week 3,15,21,0.233333,0.044,0.19,calendar_day_share
"4"" OD",66-67 Kgs,4 mm,8,Running,September,Week 4,22,28,0.233333,0.044,0.19,calendar_day_share
"4"" OD",66-67 Kgs,4 mm,8,Running,September,Week 5,29,30,0.066667,0.013,0.19,calendar_day_share
"4"" OD",75-76 Kgs,4.5 mm,8,Running,September,Week 1,1,7,0.233333,0.071,0.303,calendar_day_share
"4"" OD",75-76 Kgs,4.5 mm,8,Running,September,Week 2,8,14,0.233333,0.071,0.303,calendar_day_share
"4"" OD",75-76 Kgs,4.5 mm,8,Running,September,Week 3,15,21,0.233333,0.071,0.303,calendar_day_share
"4"" OD",75-76 Kgs,4.5 mm,8,Running,September,Week 4,22,28,0.233333,0.071,0.303,calendar_day_share
"4"" OD",75-76 Kgs,4.5 mm,8,Running,September,Week 5,29,30,0.066667,0.02,0.303,calendar_day_share
"4""",25-26 Kgs,1.6 mm,16,Running,September,Week 1,1,7,0.233333,4.322,18.525,calendar_day_share
"4""",25-26 Kgs,1.6 mm,16,Running,September,Week 2,8,14,0.233333,4.322,18.525,calendar_day_share
"4""",25-26 Kgs,1.6 mm,16,Running,September,Week 3,15,21,0.233333,4.322,18.525,calendar_day_share
"4""",25-26 Kgs,1.6 mm,16,Running,September,Week 4,22,28,0.233333,4.322,18.525,calendar_day_share
"4""",25-26 Kgs,1.6 mm,16,Running,September,Week 5,29,30,0.066667,1.235,18.525,calendar_day_share
"4""",25-26 Kgs,2 mm,14,Running,September,Week 1,1,7,0.233333,1.009,4.324,calendar_day_share
"4""",25-26 Kgs,2 mm,14,Running,September,Week 2,8,14,0.233333,1.009,4.324,calendar_day_share
"4""",25-26 Kgs,2 mm,14,Running,September,Week 3,15,21,0.233333,1.009,4.324,calendar_day_share
"4""",25-26 Kgs,2 mm,14,Running,September,Week 4,22,28,0.233333,1.009,4.324,calendar_day_share
"4""",25-26 Kgs,2 mm,14,Running,September,Week 5,29,30,0.066667,0.288,4.324,calendar_day_share
"4""",32-34 Kgs,2 mm,14,Running,September,Week 1,1,7,0.233333,14.499,62.138,calendar_day_share
"4""",32-34 Kgs,2 mm,14,Running,September,Week 2,8,14,0.233333,14.499,62.138,calendar_day_share
"4""",32-34 Kgs,2 mm,14,Running,September,Week 3,15,21,0.233333,14.499,62.138,calendar_day_share
"4""",32-34 Kgs,2 mm,14,Running,September,Week 4,22,28,0.233333,14.499,62.138,calendar_day_share
"4""",32-34 Kgs,2 mm,14,Running,September,Week 5,29,30,0.066667,4.143,62.138,calendar_day_share
"4""",40-42 Kgs,2.65 mm,12,Running,September,Week 1,1,7,0.233333,39.756,170.383,calendar_day_share
"4""",40-42 Kgs,2.65 mm,12,Running,September,Week 2,8,14,0.233333,39.756,170.383,calendar_day_share
"4""",40-42 Kgs,2.65 mm,12,Running,September,Week 3,15,21,0.233333,39.756,170.383,calendar_day_share
"4""",40-42 Kgs,2.65 mm,12,Running,September,Week 4,22,28,0.233333,39.756,170.383,calendar_day_share
"4""",40-42 Kgs,2.65 mm,12,Running,September,Week 5,29,30,0.066667,11.359,170.383,calendar_day_share
"4""",45-46 Kgs,3.65 mm,9,Running,September,Week 1,1,7,0.233333,13.251,56.791,calendar_day_share
"4""",45-46 Kgs,3.65 mm,9,Running,September,Week 2,8,14,0.233333,13.251,56.791,calendar_day_share
"4""",45-46 Kgs,3.65 mm,9,Running,September,Week 3,15,21,0.233333,13.251,56.791,calendar_day_share
"4""",45-46 Kgs,3.65 mm,9,Running,September,Week 4,22,28,0.233333,13.251,56.791,calendar_day_share
"4""",45-46 Kgs,3.65 mm,9,Running,September,Week 5,29,30,0.066667,3.786,56.791,calendar_day_share
"4""",48-50 Kgs,3.25 mm,10,Running,September,Week 1,1,7,0.233333,79.513,340.772,calendar_day_share
"4""",48-50 Kgs,3.25 mm,10,Running,September,Week 2,8,14,0.233333,79.513,340.772,calendar_day_share
"4""",48-50 Kgs,3.25 mm,10,Running,September,Week 3,15,21,0.233333,79.513,340.772,calendar_day_share
"4""",48-50 Kgs,3.25 mm,10,Running,September,Week 4,22,28,0.233333,79.513,340.772,calendar_day_share
"4""",48-50 Kgs,3.25 mm,10,Running,September,Week 5,29,30,0.066667,22.718,340.772,calendar_day_share
"4""",50-52 Kgs,4 mm,8,Running,September,Week 1,1,7,0.233333,11.117,47.645,calendar_day_share
"4""",50-52 Kgs,4 mm,8,Running,September,Week 2,8,14,0.233333,11.117,47.645,calendar_day_share
"4""",50-52 Kgs,4 mm,8,Running,September,Week 3,15,21,0.233333,11.117,47.645,calendar_day_share
"4""",50-52 Kgs,4 mm,8,Running,September,Week 4,22,28,0.233333,11.117,47.645,calendar_day_share
"4""",50-52 Kgs,4 mm,8,Running,September,Week 5,29,30,0.066667,3.176,47.645,calendar_day_share
"4""",58-60 Kgs,3.65 mm,9,Running,September,Week 1,1,7,0.233333,18.906,81.027,calendar_day_share
"4""",58-60 Kgs,3.65 mm,9,Running,September,Week 2,8,14,0.233333,18.906,81.027,calendar_day_share
"4""",58-60 Kgs,3.65 mm,9,Running,September,Week 3,15,21,0.233333,18.906,81.027,calendar_day_share
"4""",58-60 Kgs,3.65 mm,9,Running,September,Week 4,22,28,0.233333,18.906,81.027,calendar_day_share
"4""",58-60 Kgs,3.65 mm,9,Running,September,Week 5,29,30,0.066667,5.402,81.027,calendar_day_share
"4""",61-62 Kgs,3.9 mm,9,Running,September,Week 1,1,7,0.233333,8.285,35.507,calendar_day_share
"4""",61-62 Kgs,3.9 mm,9,Running,September,Week 2,8,14,0.233333,8.285,35.507,calendar_day_share
"4""",61-62 Kgs,3.9 mm,9,Running,September,Week 3,15,21,0.233333,8.285,35.507,calendar_day_share
"4""",61-62 Kgs,3.9 mm,9,Running,September,Week 4,22,28,0.233333,8.285,35.507,calendar_day_share
"4""",61-62 Kgs,3.9 mm,9,Running,September,Week 5,29,30,0.066667,2.367,35.507,calendar_day_share
"4""",65-66 Kgs,5 mm,6,Running,September,Week 1,1,7,0.233333,0.881,3.776,calendar_day_share
"4""",65-66 Kgs,5 mm,6,Running,September,Week 2,8,14,0.233333,0.881,3.776,calendar_day_share
"4""",65-66 Kgs,5 mm,6,Running,September,Week 3,15,21,0.233333,0.881,3.776,calendar_day_share
"4""",65-66 Kgs,5 mm,6,Running,September,Week 4,22,28,0.233333,0.881,3.776,calendar_day_share
"4""",65-66 Kgs,5 mm,6,Running,September,Week 5,29,30,0.066667,0.252,3.776,calendar_day_share
"4""",66-67 Kgs,4 mm,8,Running,September,Week 1,1,7,0.233333,0.681,2.92,calendar_day_share
"4""",66-67 Kgs,4 mm,8,Running,September,Week 2,8,14,0.233333,0.681,2.92,calendar_day_share
"4""",66-67 Kgs,4 mm,8,Running,September,Week 3,15,21,0.233333,0.681,2.92,calendar_day_share
"4""",66-67 Kgs,4 mm,8,Running,September,Week 4,22,28,0.233333,0.681,2.92,calendar_day_share
"4""",66-67 Kgs,4 mm,8,Running,September,Week 5,29,30,0.066667,0.195,2.92,calendar_day_share
"4""",75-76 Kgs,4.5 mm,8,Running,September,Week 1,1,7,0.233333,0.006,0.027,calendar_day_share
"4""",75-76 Kgs,4.5 mm,8,Running,September,Week 2,8,14,0.233333,0.006,0.027,calendar_day_share
"4""",75-76 Kgs,4.5 mm,8,Running,September,Week 3,15,21,0.233333,0.006,0.027,calendar_day_share
"4""",75-76 Kgs,4.5 mm,8,Running,September,Week 4,22,28,0.233333,0.006,0.027,calendar_day_share
"4""",75-76 Kgs,4.5 mm,8,Running,September,Week 5,29,30,0.066667,0.002,0.027,calendar_day_share
"4""",95-100 Kgs,6.35 mm,4,Running,September,Week 1,1,7,0.233333,0.008,0.036,calendar_day_share
"4""",95-100 Kgs,6.35 mm,4,Running,September,Week 2,8,14,0.233333,0.008,0.036,calendar_day_share
"4""",95-100 Kgs,6.35 mm,4,Running,September,Week 3,15,21,0.233333,0.008,0.036,calendar_day_share
"4""",95-100 Kgs,6.35 mm,4,Running,September,Week 4,22,28,0.233333,0.008,0.036,calendar_day_share
"4""",95-100 Kgs,6.35 mm,4,Running,September,Week 5,29,30,0.066667,0.002,0.036,calendar_day_share
"5"" O.D",100 -102 Kgs,5 mm,5,New,September,Week 1,1,7,0.233333,0.059,0.254,calendar_day_share
"5"" O.D",100 -102 Kgs,5 mm,5,New,September,Week 2,8,14,0.233333,0.059,0.254,calendar_day_share
"5"" O.D",100 -102 Kgs,5 mm,5,New,September,Week 3,15,21,0.233333,0.059,0.254,calendar_day_share
"5"" O.D",100 -102 Kgs,5 mm,5,New,September,Week 4,22,28,0.233333,0.059,0.254,calendar_day_share
"5"" O.D",100 -102 Kgs,5 mm,5,New,September,Week 5,29,30,0.066667,0.017,0.254,calendar_day_share
"5"" O.D",113-114 Kgs,6 mm,4,Running,September,Week 1,1,7,0.233333,0.007,0.03,calendar_day_share
"5"" O.D",113-114 Kgs,6 mm,4,Running,September,Week 2,8,14,0.233333,0.007,0.03,calendar_day_share
"5"" O.D",113-114 Kgs,6 mm,4,Running,September,Week 3,15,21,0.233333,0.007,0.03,calendar_day_share
"5"" O.D",113-114 Kgs,6 mm,4,Running,September,Week 4,22,28,0.233333,0.007,0.03,calendar_day_share
"5"" O.D",113-114 Kgs,6 mm,4,Running,September,Week 5,29,30,0.066667,0.002,0.03,calendar_day_share
"5"" O.D",120-125 Kgs,6 mm,4,Running,September,Week 1,1,7,0.233333,1.255,5.377,calendar_day_share
"5"" O.D",120-125 Kgs,6 mm,4,Running,September,Week 2,8,14,0.233333,1.255,5.377,calendar_day_share
"5"" O.D",120-125 Kgs,6 mm,4,Running,September,Week 3,15,21,0.233333,1.255,5.377,calendar_day_share
"5"" O.D",120-125 Kgs,6 mm,4,Running,September,Week 4,22,28,0.233333,1.255,5.377,calendar_day_share
"5"" O.D",120-125 Kgs,6 mm,4,Running,September,Week 5,29,30,0.066667,0.358,5.377,calendar_day_share
"5"" O.D",28-29 Kgs,1.2 mm,16,Running,September,Week 1,1,7,0.233333,0.146,0.624,calendar_day_share
"5"" O.D",28-29 Kgs,1.2 mm,16,Running,September,Week 2,8,14,0.233333,0.146,0.624,calendar_day_share
"5"" O.D",28-29 Kgs,1.2 mm,16,Running,September,Week 3,15,21,0.233333,0.146,0.624,calendar_day_share
"5"" O.D",28-29 Kgs,1.2 mm,16,Running,September,Week 4,22,28,0.233333,0.146,0.624,calendar_day_share
"5"" O.D",28-29 Kgs,1.2 mm,16,Running,September,Week 5,29,30,0.066667,0.042,0.624,calendar_day_share
"5"" O.D",37-38 Kgs,2 mm,14,Running,September,Week 1,1,7,0.233333,0.101,0.431,calendar_day_share
"5"" O.D",37-38 Kgs,2 mm,14,Running,September,Week 2,8,14,0.233333,0.101,0.431,calendar_day_share
"5"" O.D",37-38 Kgs,2 mm,14,Running,September,Week 3,15,21,0.233333,0.101,0.431,calendar_day_share
"5"" O.D",37-38 Kgs,2 mm,14,Running,September,Week 4,22,28,0.233333,0.101,0.431,calendar_day_share
"5"" O.D",37-38 Kgs,2 mm,14,Running,September,Week 5,29,30,0.066667,0.029,0.431,calendar_day_share
"5"" O.D",75-76 Kgs,3.65 mm,9,Running,September,Week 1,1,7,0.233333,0.006,0.028,calendar_day_share
"5"" O.D",75-76 Kgs,3.65 mm,9,Running,September,Week 2,8,14,0.233333,0.006,0.028,calendar_day_share
"5"" O.D",75-76 Kgs,3.65 mm,9,Running,September,Week 3,15,21,0.233333,0.006,0.028,calendar_day_share
"5"" O.D",75-76 Kgs,3.65 mm,9,Running,September,Week 4,22,28,0.233333,0.006,0.028,calendar_day_share
"5"" O.D",75-76 Kgs,3.65 mm,9,Running,September,Week 5,29,30,0.066667,0.002,0.028,calendar_day_share
"5"" O.D",88-90 Kgs,4 mm,Unknown,Running,September,Week 1,1,7,0.233333,0.046,0.197,calendar_day_share
"5"" O.D",88-90 Kgs,4 mm,Unknown,Running,September,Week 2,8,14,0.233333,0.046,0.197,calendar_day_share
"5"" O.D",88-90 Kgs,4 mm,Unknown,Running,September,Week 3,15,21,0.233333,0.046,0.197,calendar_day_share
"5"" O.D",88-90 Kgs,4 mm,Unknown,Running,September,Week 4,22,28,0.233333,0.046,0.197,calendar_day_share
"5"" O.D",88-90 Kgs,4 mm,Unknown,Running,September,Week 5,29,30,0.066667,0.013,0.197,calendar_day_share
"5"" O.D",94-95 Kgs,4.5 mm,5,New,September,Week 1,1,7,0.233333,13.906,59.598,calendar_day_share
"5"" O.D",94-95 Kgs,4.5 mm,5,New,September,Week 2,8,14,0.233333,13.906,59.598,calendar_day_share
"5"" O.D",94-95 Kgs,4.5 mm,5,New,September,Week 3,15,21,0.233333,13.906,59.598,calendar_day_share
"5"" O.D",94-95 Kgs,4.5 mm,5,New,September,Week 4,22,28,0.233333,13.906,59.598,calendar_day_share
"5"" O.D",94-95 Kgs,4.5 mm,5,New,September,Week 5,29,30,0.066667,3.973,59.598,calendar_day_share
"5""",100 -102 Kgs,5 mm,5,New,September,Week 1,1,7,0.233333,0.01,0.043,calendar_day_share
"5""",100 -102 Kgs,5 mm,5,New,September,Week 2,8,14,0.233333,0.01,0.043,calendar_day_share
"5""",100 -102 Kgs,5 mm,5,New,September,Week 3,15,21,0.233333,0.01,0.043,calendar_day_share
"5""",100 -102 Kgs,5 mm,5,New,September,Week 4,22,28,0.233333,0.01,0.043,calendar_day_share
"5""",100 -102 Kgs,5 mm,5,New,September,Week 5,29,30,0.066667,0.003,0.043,calendar_day_share
"5""",120-125 Kgs,6 mm,4,Running,September,Week 1,1,7,0.233333,0.007,0.03,calendar_day_share
"5""",120-125 Kgs,6 mm,4,Running,September,Week 2,8,14,0.233333,0.007,0.03,calendar_day_share
"5""",120-125 Kgs,6 mm,4,Running,September,Week 3,15,21,0.233333,0.007,0.03,calendar_day_share
"5""",120-125 Kgs,6 mm,4,Running,September,Week 4,22,28,0.233333,0.007,0.03,calendar_day_share
"5""",120-125 Kgs,6 mm,4,Running,September,Week 5,29,30,0.066667,0.002,0.03,calendar_day_share
"5""",40-42 Kgs,2 mm,14,Running,September,Week 1,1,7,0.233333,9.681,41.488,calendar_day_share
"5""",40-42 Kgs,2 mm,14,Running,September,Week 2,8,14,0.233333,9.681,41.488,calendar_day_share
"5""",40-42 Kgs,2 mm,14,Running,September,Week 3,15,21,0.233333,9.681,41.488,calendar_day_share
"5""",40-42 Kgs,2 mm,14,Running,September,Week 4,22,28,0.233333,9.681,41.488,calendar_day_share
"5""",40-42 Kgs,2 mm,14,Running,September,Week 5,29,30,0.066667,2.766,41.488,calendar_day_share
"5""",48-50 Kgs,2.35 mm,13,Running,September,Week 1,1,7,0.233333,28.255,121.094,calendar_day_share
"5""",48-50 Kgs,2.35 mm,13,Running,September,Week 2,8,14,0.233333,28.255,121.094,calendar_day_share
"5""",48-50 Kgs,2.35 mm,13,Running,September,Week 3,15,21,0.233333,28.255,121.094,calendar_day_share
"5""",48-50 Kgs,2.35 mm,13,Running,September,Week 4,22,28,0.233333,28.255,121.094,calendar_day_share
"5""",48-50 Kgs,2.35 mm,13,Running,September,Week 5,29,30,0.066667,8.073,121.094,calendar_day_share
"5""",54-55 Kgs,2.65 mm,11,Running,September,Week 1,1,7,0.233333,0.022,0.095,calendar_day_share
"5""",54-55 Kgs,2.65 mm,11,Running,September,Week 2,8,14,0.233333,0.022,0.095,calendar_day_share
"5""",54-55 Kgs,2.65 mm,11,Running,September,Week 3,15,21,0.233333,0.022,0.095,calendar_day_share
"5""",54-55 Kgs,2.65 mm,11,Running,September,Week 4,22,28,0.233333,0.022,0.095,calendar_day_share
"5""",54-55 Kgs,2.65 mm,11,Running,September,Week 5,29,30,0.066667,0.006,0.095,calendar_day_share
"5""",54-55 Kgs,2.65 mm,12,Running,September,Week 1,1,7,0.233333,2.836,12.154,calendar_day_share
"5""",54-55 Kgs,2.65 mm,12,Running,September,Week 2,8,14,0.233333,2.836,12.154,calendar_day_share
"5""",54-55 Kgs,2.65 mm,12,Running,September,Week 3,15,21,0.233333,2.836,12.154,calendar_day_share
"5""",54-55 Kgs,2.65 mm,12,Running,September,Week 4,22,28,0.233333,2.836,12.154,calendar_day_share
"5""",54-55 Kgs,2.65 mm,12,Running,September,Week 5,29,30,0.066667,0.81,12.154,calendar_day_share
"5""",60-62 Kgs,3.25 mm,10,Running,September,Week 1,1,7,0.233333,40.118,171.935,calendar_day_share
"5""",60-62 Kgs,3.25 mm,10,Running,September,Week 2,8,14,0.233333,40.118,171.935,calendar_day_share
"5""",60-62 Kgs,3.25 mm,10,Running,September,Week 3,15,21,0.233333,40.118,171.935,calendar_day_share
"5""",60-62 Kgs,3.25 mm,10,Running,September,Week 4,22,28,0.233333,40.118,171.935,calendar_day_share
"5""",60-62 Kgs,3.25 mm,10,Running,September,Week 5,29,30,0.066667,11.462,171.935,calendar_day_share
"5""",65-65 Kgs,Unknown,Unknown,Running,September,Week 1,1,7,0.233333,0.041,0.178,calendar_day_share
"5""",65-65 Kgs,Unknown,Unknown,Running,September,Week 2,8,14,0.233333,0.041,0.178,calendar_day_share
"5""",65-65 Kgs,Unknown,Unknown,Running,September,Week 3,15,21,0.233333,0.041,0.178,calendar_day_share
"5""",65-65 Kgs,Unknown,Unknown,Running,September,Week 4,22,28,0.233333,0.041,0.178,calendar_day_share
"5""",65-65 Kgs,Unknown,Unknown,Running,September,Week 5,29,30,0.066667,0.012,0.178,calendar_day_share
"5""",66-67 Kgs,4 mm,8,Running,September,Week 1,1,7,0.233333,0.96,4.116,calendar_day_share
"5""",66-67 Kgs,4 mm,8,Running,September,Week 2,8,14,0.233333,0.96,4.116,calendar_day_share
"5""",66-67 Kgs,4 mm,8,Running,September,Week 3,15,21,0.233333,0.96,4.116,calendar_day_share
"5""",66-67 Kgs,4 mm,8,Running,September,Week 4,22,28,0.233333,0.96,4.116,calendar_day_share
"5""",66-67 Kgs,4 mm,8,Running,September,Week 5,29,30,0.066667,0.274,4.116,calendar_day_share
"5""",70-72 Kgs,3.65 mm,9,Running,September,Week 1,1,7,0.233333,47.302,202.725,calendar_day_share
"5""",70-72 Kgs,3.65 mm,9,Running,September,Week 2,8,14,0.233333,47.302,202.725,calendar_day_share
"5""",70-72 Kgs,3.65 mm,9,Running,September,Week 3,15,21,0.233333,47.302,202.725,calendar_day_share
"5""",70-72 Kgs,3.65 mm,9,Running,September,Week 4,22,28,0.233333,47.302,202.725,calendar_day_share
"5""",70-72 Kgs,3.65 mm,9,Running,September,Week 5,29,30,0.066667,13.515,202.725,calendar_day_share
"5""",75-76 Kgs,4.5 mm,8,Running,September,Week 1,1,7,0.233333,2.452,10.508,calendar_day_share
"5""",75-76 Kgs,4.5 mm,8,Running,September,Week 2,8,14,0.233333,2.452,10.508,calendar_day_share
"5""",75-76 Kgs,4.5 mm,8,Running,September,Week 3,15,21,0.233333,2.452,10.508,calendar_day_share
"5""",75-76 Kgs,4.5 mm,8,Running,September,Week 4,22,28,0.233333,2.452,10.508,calendar_day_share
"5""",75-76 Kgs,4.5 mm,8,Running,September,Week 5,29,30,0.066667,0.701,10.508,calendar_day_share
"5""",80-82 Kgs,4 mm,8,Running,September,Week 1,1,7,0.233333,13.123,56.241,calendar_day_share
"5""",80-82 Kgs,4 mm,8,Running,September,Week 2,8,14,0.233333,13.123,56.241,calendar_day_share
"5""",80-82 Kgs,4 mm,8,Running,September,Week 3,15,21,0.233333,13.123,56.241,calendar_day_share
"5""",80-82 Kgs,4 mm,8,Running,September,Week 4,22,28,0.233333,13.123,56.241,calendar_day_share
"5""",80-82 Kgs,4 mm,8,Running,September,Week 5,29,30,0.066667,3.749,56.241,calendar_day_share
"5""",88-90 Kgs,4 mm,Unknown,Running,September,Week 1,1,7,0.233333,0.006,0.028,calendar_day_share
"5""",88-90 Kgs,4 mm,Unknown,Running,September,Week 2,8,14,0.233333,0.006,0.028,calendar_day_share
"5""",88-90 Kgs,4 mm,Unknown,Running,September,Week 3,15,21,0.233333,0.006,0.028,calendar_day_share
"5""",88-90 Kgs,4 mm,Unknown,Running,September,Week 4,22,28,0.233333,0.006,0.028,calendar_day_share
"5""",88-90 Kgs,4 mm,Unknown,Running,September,Week 5,29,30,0.066667,0.002,0.028,calendar_day_share
"5""",94-95 Kgs,4.5 mm,5,New,September,Week 1,1,7,0.233333,0.472,2.023,calendar_day_share
"5""",94-95 Kgs,4.5 mm,5,New,September,Week 2,8,14,0.233333,0.472,2.023,calendar_day_share
"5""",94-95 Kgs,4.5 mm,5,New,September,Week 3,15,21,0.233333,0.472,2.023,calendar_day_share
"5""",94-95 Kgs,4.5 mm,5,New,September,Week 4,22,28,0.233333,0.472,2.023,calendar_day_share
"5""",94-95 Kgs,4.5 mm,5,New,September,Week 5,29,30,0.066667,0.135,2.023,calendar_day_share
"5""",95-100 Kgs,6.35 mm,4,Running,September,Week 1,1,7,0.233333,8.609,36.894,calendar_day_share
"5""",95-100 Kgs,6.35 mm,4,Running,September,Week 2,8,14,0.233333,8.609,36.894,calendar_day_share
"5""",95-100 Kgs,6.35 mm,4,Running,September,Week 3,15,21,0.233333,8.609,36.894,calendar_day_share
"5""",95-100 Kgs,6.35 mm,4,Running,September,Week 4,22,28,0.233333,8.609,36.894,calendar_day_share
"5""",95-100 Kgs,6.35 mm,4,Running,September,Week 5,29,30,0.066667,2.46,36.894,calendar_day_share
"6"" O.D",100-103 Kgs,4.25 mm,Unknown,Running,September,Week 1,1,7,0.233333,0.007,0.03,calendar_day_share
"6"" O.D",100-103 Kgs,4.25 mm,Unknown,Running,September,Week 2,8,14,0.233333,0.007,0.03,calendar_day_share
"6"" O.D",100-103 Kgs,4.25 mm,Unknown,Running,September,Week 3,15,21,0.233333,0.007,0.03,calendar_day_share
"6"" O.D",100-103 Kgs,4.25 mm,Unknown,Running,September,Week 4,22,28,0.233333,0.007,0.03,calendar_day_share
"6"" O.D",100-103 Kgs,4.25 mm,Unknown,Running,September,Week 5,29,30,0.066667,0.002,0.03,calendar_day_share
"6"" O.D",108-110 Kgs,4.5 mm,7,Running,September,Week 1,1,7,0.233333,0.007,0.03,calendar_day_share
"6"" O.D",108-110 Kgs,4.5 mm,7,Running,September,Week 2,8,14,0.233333,0.007,0.03,calendar_day_share
"6"" O.D",108-110 Kgs,4.5 mm,7,Running,September,Week 3,15,21,0.233333,0.007,0.03,calendar_day_share
"6"" O.D",108-110 Kgs,4.5 mm,7,Running,September,Week 4,22,28,0.233333,0.007,0.03,calendar_day_share
"6"" O.D",108-110 Kgs,4.5 mm,7,Running,September,Week 5,29,30,0.066667,0.002,0.03,calendar_day_share
"6"" O.D",140-145 Kgs,Unknown,Unknown,Unknown,September,Week 1,1,7,0.233333,0.007,0.03,calendar_day_share
"6"" O.D",140-145 Kgs,Unknown,Unknown,Unknown,September,Week 2,8,14,0.233333,0.007,0.03,calendar_day_share
"6"" O.D",140-145 Kgs,Unknown,Unknown,Unknown,September,Week 3,15,21,0.233333,0.007,0.03,calendar_day_share
"6"" O.D",140-145 Kgs,Unknown,Unknown,Unknown,September,Week 4,22,28,0.233333,0.007,0.03,calendar_day_share
"6"" O.D",140-145 Kgs,Unknown,Unknown,Unknown,September,Week 5,29,30,0.066667,0.002,0.03,calendar_day_share
"6"" O.D",96-97 Kgs,4 mm,Unknown,Running,September,Week 1,1,7,0.233333,11.006,47.168,calendar_day_share
"6"" O.D",96-97 Kgs,4 mm,Unknown,Running,September,Week 2,8,14,0.233333,11.006,47.168,calendar_day_share
"6"" O.D",96-97 Kgs,4 mm,Unknown,Running,September,Week 3,15,21,0.233333,11.006,47.168,calendar_day_share
"6"" O.D",96-97 Kgs,4 mm,Unknown,Running,September,Week 4,22,28,0.233333,11.006,47.168,calendar_day_share
"6"" O.D",96-97 Kgs,4 mm,Unknown,Running,September,Week 5,29,30,0.066667,3.145,47.168,calendar_day_share
"6""",100-103 Kgs,4.25 mm,Unknown,Running,September,Week 1,1,7,0.233333,0.007,0.03,calendar_day_share
"6""",100-103 Kgs,4.25 mm,Unknown,Running,September,Week 2,8,14,0.233333,0.007,0.03,calendar_day_share
"6""",100-103 Kgs,4.25 mm,Unknown,Running,September,Week 3,15,21,0.233333,0.007,0.03,calendar_day_share
"6""",100-103 Kgs,4.25 mm,Unknown,Running,September,Week 4,22,28,0.233333,0.007,0.03,calendar_day_share
"6""",100-103 Kgs,4.25 mm,Unknown,Running,September,Week 5,29,30,0.066667,0.002,0.03,calendar_day_share
"6""",108-110 Kgs,4.5 mm,7,Running,September,Week 1,1,7,0.233333,0.007,0.03,calendar_day_share
"6""",108-110 Kgs,4.5 mm,7,Running,September,Week 2,8,14,0.233333,0.007,0.03,calendar_day_share
"6""",108-110 Kgs,4.5 mm,7,Running,September,Week 3,15,21,0.233333,0.007,0.03,calendar_day_share
"6""",108-110 Kgs,4.5 mm,7,Running,September,Week 4,22,28,0.233333,0.007,0.03,calendar_day_share
"6""",108-110 Kgs,4.5 mm,7,Running,September,Week 5,29,30,0.066667,0.002,0.03,calendar_day_share
"6""",112-114 Kgs,4.75 mm,6,Running,September,Week 1,1,7,0.233333,0.068,0.29,calendar_day_share
"6""",112-114 Kgs,4.75 mm,6,Running,September,Week 2,8,14,0.233333,0.068,0.29,calendar_day_share
"6""",112-114 Kgs,4.75 mm,6,Running,September,Week 3,15,21,0.233333,0.068,0.29,calendar_day_share
"6""",112-114 Kgs,4.75 mm,6,Running,September,Week 4,22,28,0.233333,0.068,0.29,calendar_day_share
"6""",112-114 Kgs,4.75 mm,6,Running,September,Week 5,29,30,0.066667,0.019,0.29,calendar_day_share
"6""",113-114 Kgs,6 mm,4,Running,September,Week 1,1,7,0.233333,0.119,0.509,calendar_day_share
"6""",113-114 Kgs,6 mm,4,Running,September,Week 2,8,14,0.233333,0.119,0.509,calendar_day_share
"6""",113-114 Kgs,6 mm,4,Running,September,Week 3,15,21,0.233333,0.119,0.509,calendar_day_share
"6""",113-114 Kgs,6 mm,4,Running,September,Week 4,22,28,0.233333,0.119,0.509,calendar_day_share
"6""",113-114 Kgs,6 mm,4,Running,September,Week 5,29,30,0.066667,0.034,0.509,calendar_day_share
"6""",35- 36 Kgs,1.6 mm,16,Running,September,Week 1,1,7,0.233333,0.131,0.562,calendar_day_share
"6""",35- 36 Kgs,1.6 mm,16,Running,September,Week 2,8,14,0.233333,0.131,0.562,calendar_day_share
"6""",35- 36 Kgs,1.6 mm,16,Running,September,Week 3,15,21,0.233333,0.131,0.562,calendar_day_share
"6""",35- 36 Kgs,1.6 mm,16,Running,September,Week 4,22,28,0.233333,0.131,0.562,calendar_day_share
"6""",35- 36 Kgs,1.6 mm,16,Running,September,Week 5,29,30,0.066667,0.037,0.562,calendar_day_share
"6""",37-38 Kgs,2 mm,14,Running,September,Week 1,1,7,0.233333,9.102,39.008,calendar_day_share
"6""",37-38 Kgs,2 mm,14,Running,September,Week 2,8,14,0.233333,9.102,39.008,calendar_day_share
"6""",37-38 Kgs,2 mm,14,Running,September,Week 3,15,21,0.233333,9.102,39.008,calendar_day_share
"6""",37-38 Kgs,2 mm,14,Running,September,Week 4,22,28,0.233333,9.102,39.008,calendar_day_share
"6""",37-38 Kgs,2 mm,14,Running,September,Week 5,29,30,0.066667,2.601,39.008,calendar_day_share
"6""",48-50 Kgs,2 mm,14,Running,September,Week 1,1,7,0.233333,4.321,18.518,calendar_day_share
"6""",48-50 Kgs,2 mm,14,Running,September,Week 2,8,14,0.233333,4.321,18.518,calendar_day_share
"6""",48-50 Kgs,2 mm,14,Running,September,Week 3,15,21,0.233333,4.321,18.518,calendar_day_share
"6""",48-50 Kgs,2 mm,14,Running,September,Week 4,22,28,0.233333,4.321,18.518,calendar_day_share
"6""",48-50 Kgs,2 mm,14,Running,September,Week 5,29,30,0.066667,1.235,18.518,calendar_day_share
"6""",52-54 Kgs,2 mm,14,Running,September,Week 1,1,7,0.233333,0.275,1.178,calendar_day_share
"6""",52-54 Kgs,2 mm,14,Running,September,Week 2,8,14,0.233333,0.275,1.178,calendar_day_share
"6""",52-54 Kgs,2 mm,14,Running,September,Week 3,15,21,0.233333,0.275,1.178,calendar_day_share
"6""",52-54 Kgs,2 mm,14,Running,September,Week 4,22,28,0.233333,0.275,1.178,calendar_day_share
"6""",52-54 Kgs,2 mm,14,Running,September,Week 5,29,30,0.066667,0.079,1.178,calendar_day_share
"6""",60-62 Kgs,2.35 mm,12,Running,September,Week 1,1,7,0.233333,10.467,44.858,calendar_day_share
"6""",60-62 Kgs,2.35 mm,12,Running,September,Week 2,8,14,0.233333,10.467,44.858,calendar_day_share
"6""",60-62 Kgs,2.35 mm,12,Running,September,Week 3,15,21,0.233333,10.467,44.858,calendar_day_share
"6""",60-62 Kgs,2.35 mm,12,Running,September,Week 4,22,28,0.233333,10.467,44.858,calendar_day_share
"6""",60-62 Kgs,2.35 mm,12,Running,September,Week 5,29,30,0.066667,2.991,44.858,calendar_day_share
"6""",68-69 Kgs,Unknown,Unknown,Running,September,Week 1,1,7,0.233333,0.04,0.171,calendar_day_share
"6""",68-69 Kgs,Unknown,Unknown,Running,September,Week 2,8,14,0.233333,0.04,0.171,calendar_day_share
"6""",68-69 Kgs,Unknown,Unknown,Running,September,Week 3,15,21,0.233333,0.04,0.171,calendar_day_share
"6""",68-69 Kgs,Unknown,Unknown,Running,September,Week 4,22,28,0.233333,0.04,0.171,calendar_day_share
"6""",68-69 Kgs,Unknown,Unknown,Running,September,Week 5,29,30,0.066667,0.011,0.171,calendar_day_share
"6""",72-74 Kgs,3.25 mm,10,Running,September,Week 1,1,7,0.233333,8.497,36.415,calendar_day_share
"6""",72-74 Kgs,3.25 mm,10,Running,September,Week 2,8,14,0.233333,8.497,36.415,calendar_day_share
"6""",72-74 Kgs,3.25 mm,10,Running,September,Week 3,15,21,0.233333,8.497,36.415,calendar_day_share
"6""",72-74 Kgs,3.25 mm,10,Running,September,Week 4,22,28,0.233333,8.497,36.415,calendar_day_share
"6""",72-74 Kgs,3.25 mm,10,Running,September,Week 5,29,30,0.066667,2.428,36.415,calendar_day_share
"6""",75-76 Kgs,3.65 mm,9,Running,September,Week 1,1,7,0.233333,0.265,1.136,calendar_day_share
"6""",75-76 Kgs,3.65 mm,9,Running,September,Week 2,8,14,0.233333,0.265,1.136,calendar_day_share
"6""",75-76 Kgs,3.65 mm,9,Running,September,Week 3,15,21,0.233333,0.265,1.136,calendar_day_share
"6""",75-76 Kgs,3.65 mm,9,Running,September,Week 4,22,28,0.233333,0.265,1.136,calendar_day_share
"6""",75-76 Kgs,3.65 mm,9,Running,September,Week 5,29,30,0.066667,0.076,1.136,calendar_day_share
"6""",78-80 Kgs,3.65 mm,9,Running,September,Week 1,1,7,0.233333,0.044,0.187,calendar_day_share
"6""",78-80 Kgs,3.65 mm,9,Running,September,Week 2,8,14,0.233333,0.044,0.187,calendar_day_share
"6""",78-80 Kgs,3.65 mm,9,Running,September,Week 3,15,21,0.233333,0.044,0.187,calendar_day_share
"6""",78-80 Kgs,3.65 mm,9,Running,September,Week 4,22,28,0.233333,0.044,0.187,calendar_day_share
"6""",78-80 Kgs,3.65 mm,9,Running,September,Week 5,29,30,0.066667,0.012,0.187,calendar_day_share
"6""",84-86 Kgs,3.65 mm,9,Running,September,Week 1,1,7,0.233333,10.801,46.29,calendar_day_share
"6""",84-86 Kgs,3.65 mm,9,Running,September,Week 2,8,14,0.233333,10.801,46.29,calendar_day_share
"6""",84-86 Kgs,3.65 mm,9,Running,September,Week 3,15,21,0.233333,10.801,46.29,calendar_day_share
"6""",84-86 Kgs,3.65 mm,9,Running,September,Week 4,22,28,0.233333,10.801,46.29,calendar_day_share
"6""",84-86 Kgs,3.65 mm,9,Running,September,Week 5,29,30,0.066667,3.086,46.29,calendar_day_share
"6""",96-97 Kgs,4 mm,Unknown,Running,September,Week 1,1,7,0.233333,1.507,6.457,calendar_day_share
"6""",96-97 Kgs,4 mm,Unknown,Running,September,Week 2,8,14,0.233333,1.507,6.457,calendar_day_share
"6""",96-97 Kgs,4 mm,Unknown,Running,September,Week 3,15,21,0.233333,1.507,6.457,calendar_day_share
"6""",96-97 Kgs,4 mm,Unknown,Running,September,Week 4,22,28,0.233333,1.507,6.457,calendar_day_share
"6""",96-97 Kgs,4 mm,Unknown,Running,September,Week 5,29,30,0.066667,0.43,6.457,calendar_day_share
"7""",100-103 Kgs,4.25 mm,Unknown,Running,September,Week 1,1,7,0.233333,0.044,0.188,calendar_day_share
"7""",100-103 Kgs,4.25 mm,Unknown,Running,September,Week 2,8,14,0.233333,0.044,0.188,calendar_day_share
"7""",100-103 Kgs,4.25 mm,Unknown,Running,September,Week 3,15,21,0.233333,0.044,0.188,calendar_day_share
"7""",100-103 Kgs,4.25 mm,Unknown,Running,September,Week 4,22,28,0.233333,0.044,0.188,calendar_day_share
"7""",100-103 Kgs,4.25 mm,Unknown,Running,September,Week 5,29,30,0.066667,0.013,0.188,calendar_day_share
"7""",108-110 Kgs,4.5 mm,7,Running,September,Week 1,1,7,0.233333,0.043,0.186,calendar_day_share
"7""",108-110 Kgs,4.5 mm,7,Running,September,Week 2,8,14,0.233333,0.043,0.186,calendar_day_share
"7""",108-110 Kgs,4.5 mm,7,Running,September,Week 3,15,21,0.233333,0.043,0.186,calendar_day_share
"7""",108-110 Kgs,4.5 mm,7,Running,September,Week 4,22,28,0.233333,0.043,0.186,calendar_day_share
"7""",108-110 Kgs,4.5 mm,7,Running,September,Week 5,29,30,0.066667,0.012,0.186,calendar_day_share
"7""",110-112 Kgs,Unknown,Unknown,Running,September,Week 1,1,7,0.233333,0.007,0.03,calendar_day_share
"7""",110-112 Kgs,Unknown,Unknown,Running,September,Week 2,8,14,0.233333,0.007,0.03,calendar_day_share
"7""",110-112 Kgs,Unknown,Unknown,Running,September,Week 3,15,21,0.233333,0.007,0.03,calendar_day_share
"7""",110-112 Kgs,Unknown,Unknown,Running,September,Week 4,22,28,0.233333,0.007,0.03,calendar_day_share
"7""",110-112 Kgs,Unknown,Unknown,Running,September,Week 5,29,30,0.066667,0.002,0.03,calendar_day_share
"7""",112-114 Kgs,4.75 mm,6,Running,September,Week 1,1,7,0.233333,12.562,53.836,calendar_day_share
"7""",112-114 Kgs,4.75 mm,6,Running,September,Week 2,8,14,0.233333,12.562,53.836,calendar_day_share
"7""",112-114 Kgs,4.75 mm,6,Running,September,Week 3,15,21,0.233333,12.562,53.836,calendar_day_share
"7""",112-114 Kgs,4.75 mm,6,Running,September,Week 4,22,28,0.233333,12.562,53.836,calendar_day_share
"7""",112-114 Kgs,4.75 mm,6,Running,September,Week 5,29,30,0.066667,3.589,53.836,calendar_day_share
"7""",140-145 Kgs,Unknown,Unknown,Unknown,September,Week 1,1,7,0.233333,0.043,0.186,calendar_day_share
"7""",140-145 Kgs,Unknown,Unknown,Unknown,September,Week 2,8,14,0.233333,0.043,0.186,calendar_day_share
"7""",140-145 Kgs,Unknown,Unknown,Unknown,September,Week 3,15,21,0.233333,0.043,0.186,calendar_day_share
"7""",140-145 Kgs,Unknown,Unknown,Unknown,September,Week 4,22,28,0.233333,0.043,0.186,calendar_day_share
"7""",140-145 Kgs,Unknown,Unknown,Unknown,September,Week 5,29,30,0.066667,0.012,0.186,calendar_day_share
"7""",60-62 Kgs,Unknown,Unknown,Running,September,Week 1,1,7,0.233333,0.068,0.293,calendar_day_share
"7""",60-62 Kgs,Unknown,Unknown,Running,September,Week 2,8,14,0.233333,0.068,0.293,calendar_day_share
"7""",60-62 Kgs,Unknown,Unknown,Running,September,Week 3,15,21,0.233333,0.068,0.293,calendar_day_share
"7""",60-62 Kgs,Unknown,Unknown,Running,September,Week 4,22,28,0.233333,0.068,0.293,calendar_day_share
"7""",60-62 Kgs,Unknown,Unknown,Running,September,Week 5,29,30,0.066667,0.02,0.293,calendar_day_share
¾”,4-4½ Kgs,1.2 mm,18,Running,September,Week 1,1,7,0.233333,6.882,29.496,calendar_day_share
¾”,4-4½ Kgs,1.2 mm,18,Running,September,Week 2,8,14,0.233333,6.882,29.496,calendar_day_share
¾”,4-4½ Kgs,1.2 mm,18,Running,September,Week 3,15,21,0.233333,6.882,29.496,calendar_day_share
¾”,4-4½ Kgs,1.2 mm,18,Running,September,Week 4,22,28,0.233333,6.882,29.496,calendar_day_share
¾”,4-4½ Kgs,1.2 mm,18,Running,September,Week 5,29,30,0.066667,1.966,29.496,calendar_day_share
¾”,5½-6 Kgs,1.6 mm,16,Running,September,Week 1,1,7,0.233333,0.475,2.036,calendar_day_share
¾”,5½-6 Kgs,1.6 mm,16,Running,September,Week 2,8,14,0.233333,0.475,2.036,calendar_day_share
¾”,5½-6 Kgs,1.6 mm,16,Running,September,Week 3,15,21,0.233333,0.475,2.036,calendar_day_share
¾”,5½-6 Kgs,1.6 mm,16,Running,September,Week 4,22,28,0.233333,0.475,2.036,calendar_day_share
¾”,5½-6 Kgs,1.6 mm,16,Running,September,Week 5,29,30,0.066667,0.136,2.036,calendar_day_share
¾”,6 -7 Kgs,2 mm,14,Running,September,Week 1,1,7,0.233333,30.336,130.012,calendar_day_share
¾”,6 -7 Kgs,2 mm,14,Running,September,Week 2,8,14,0.233333,30.336,130.012,calendar_day_share
¾”,6 -7 Kgs,2 mm,14,Running,September,Week 3,15,21,0.233333,30.336,130.012,calendar_day_share
¾”,6 -7 Kgs,2 mm,14,Running,September,Week 4,22,28,0.233333,30.336,130.012,calendar_day_share
¾”,6 -7 Kgs,2 mm,14,Running,September,Week 5,29,30,0.066667,8.667,130.012,calendar_day_share
¾”,7 -7½ Kgs,2 mm,14,Running,September,Week 1,1,7,0.233333,54.215,232.352,calendar_day_share
¾”,7 -7½ Kgs,2 mm,14,Running,September,Week 2,8,14,0.233333,54.215,232.352,calendar_day_share
¾”,7 -7½ Kgs,2 mm,14,Running,September,Week 3,15,21,0.233333,54.215,232.352,calendar_day_share
¾”,7 -7½ Kgs,2 mm,14,Running,September,Week 4,22,28,0.233333,54.215,232.352,calendar_day_share
¾”,7 -7½ Kgs,2 mm,14,Running,September,Week 5,29,30,0.066667,15.49,232.352,calendar_day_share
¾”,8-8½ Kgs,2.35 mm,12,Running,September,Week 1,1,7,0.233333,4.637,19.871,calendar_day_share
¾”,8-8½ Kgs,2.35 mm,12,Running,September,Week 2,8,14,0.233333,4.637,19.871,calendar_day_share
¾”,8-8½ Kgs,2.35 mm,12,Running,September,Week 3,15,21,0.233333,4.637,19.871,calendar_day_share
¾”,8-8½ Kgs,2.35 mm,12,Running,September,Week 4,22,28,0.233333,4.637,19.871,calendar_day_share
¾”,8-8½ Kgs,2.35 mm,12,Running,September,Week 5,29,30,0.066667,1.325,19.871,calendar_day_share
"1""",11-12 Kgs,2.35 mm,12,Running,October,Week 1,1,7,0.225806,20.84,92.291,calendar_day_share
"1""",11-12 Kgs,2.35 mm,12,Running,October,Week 2,8,14,0.225806,20.84,92.291,calendar_day_share
"1""",11-12 Kgs,2.35 mm,12,Running,October,Week 3,15,21,0.225806,20.84,92.291,calendar_day_share
"1""",11-12 Kgs,2.35 mm,12,Running,October,Week 4,22,28,0.225806,20.84,92.291,calendar_day_share
"1""",11-12 Kgs,2.35 mm,12,Running,October,Week 5,29,31,0.096774,8.931,92.291,calendar_day_share
"1""",13-14 Kgs,2.35 mm,10,Running,October,Week 1,1,7,0.225806,20.968,92.858,calendar_day_share
"1""",13-14 Kgs,2.35 mm,10,Running,October,Week 2,8,14,0.225806,20.968,92.858,calendar_day_share
"1""",13-14 Kgs,2.35 mm,10,Running,October,Week 3,15,21,0.225806,20.968,92.858,calendar_day_share
"1""",13-14 Kgs,2.35 mm,10,Running,October,Week 4,22,28,0.225806,20.968,92.858,calendar_day_share
"1""",13-14 Kgs,2.35 mm,10,Running,October,Week 5,29,31,0.096774,8.986,92.858,calendar_day_share
"1""",13-14 Kgs,3.25 mm,10,Running,October,Week 1,1,7,0.225806,2.077,9.198,calendar_day_share
"1""",13-14 Kgs,3.25 mm,10,Running,October,Week 2,8,14,0.225806,2.077,9.198,calendar_day_share
"1""",13-14 Kgs,3.25 mm,10,Running,October,Week 3,15,21,0.225806,2.077,9.198,calendar_day_share
"1""",13-14 Kgs,3.25 mm,10,Running,October,Week 4,22,28,0.225806,2.077,9.198,calendar_day_share
"1""",13-14 Kgs,3.25 mm,10,Running,October,Week 5,29,31,0.096774,0.89,9.198,calendar_day_share
"1""",17-18 Kgs,3.25 mm,10,Running,October,Week 1,1,7,0.225806,2.756,12.206,calendar_day_share
"1""",17-18 Kgs,3.25 mm,10,Running,October,Week 2,8,14,0.225806,2.756,12.206,calendar_day_share
"1""",17-18 Kgs,3.25 mm,10,Running,October,Week 3,15,21,0.225806,2.756,12.206,calendar_day_share
"1""",17-18 Kgs,3.25 mm,10,Running,October,Week 4,22,28,0.225806,2.756,12.206,calendar_day_share
"1""",17-18 Kgs,3.25 mm,10,Running,October,Week 5,29,31,0.096774,1.181,12.206,calendar_day_share
"1""",7-8 Kgs,1.6 mm,16,Running,October,Week 1,1,7,0.225806,32.419,143.571,calendar_day_share
"1""",7-8 Kgs,1.6 mm,16,Running,October,Week 2,8,14,0.225806,32.419,143.571,calendar_day_share
"1""",7-8 Kgs,1.6 mm,16,Running,October,Week 3,15,21,0.225806,32.419,143.571,calendar_day_share
"1""",7-8 Kgs,1.6 mm,16,Running,October,Week 4,22,28,0.225806,32.419,143.571,calendar_day_share
"1""",7-8 Kgs,1.6 mm,16,Running,October,Week 5,29,31,0.096774,13.894,143.571,calendar_day_share
"1""",9-10 Kgs,2 mm,14,Running,October,Week 1,1,7,0.225806,16.316,72.258,calendar_day_share
"1""",9-10 Kgs,2 mm,14,Running,October,Week 2,8,14,0.225806,16.316,72.258,calendar_day_share
"1""",9-10 Kgs,2 mm,14,Running,October,Week 3,15,21,0.225806,16.316,72.258,calendar_day_share
"1""",9-10 Kgs,2 mm,14,Running,October,Week 4,22,28,0.225806,16.316,72.258,calendar_day_share
"1""",9-10 Kgs,2 mm,14,Running,October,Week 5,29,31,0.096774,6.993,72.258,calendar_day_share
"1""",Unknown,Unknown,10,Running,October,Week 1,1,7,0.225806,0.025,0.113,calendar_day_share
"1""",Unknown,Unknown,10,Running,October,Week 2,8,14,0.225806,0.025,0.113,calendar_day_share
"1""",Unknown,Unknown,10,Running,October,Week 3,15,21,0.225806,0.025,0.113,calendar_day_share
"1""",Unknown,Unknown,10,Running,October,Week 4,22,28,0.225806,0.025,0.113,calendar_day_share
"1""",Unknown,Unknown,10,Running,October,Week 5,29,31,0.096774,0.011,0.113,calendar_day_share
"1¼""",10-11 Kgs,1.6 mm,16,Running,October,Week 1,1,7,0.225806,34.281,151.814,calendar_day_share
"1¼""",10-11 Kgs,1.6 mm,16,Running,October,Week 2,8,14,0.225806,34.281,151.814,calendar_day_share
"1¼""",10-11 Kgs,1.6 mm,16,Running,October,Week 3,15,21,0.225806,34.281,151.814,calendar_day_share
"1¼""",10-11 Kgs,1.6 mm,16,Running,October,Week 4,22,28,0.225806,34.281,151.814,calendar_day_share
"1¼""",10-11 Kgs,1.6 mm,16,Running,October,Week 5,29,31,0.096774,14.692,151.814,calendar_day_share
"1¼""",12-13 Kgs,2 mm,14,Running,October,Week 1,1,7,0.225806,22.099,97.866,calendar_day_share
"1¼""",12-13 Kgs,2 mm,14,Running,October,Week 2,8,14,0.225806,22.099,97.866,calendar_day_share
"1¼""",12-13 Kgs,2 mm,14,Running,October,Week 3,15,21,0.225806,22.099,97.866,calendar_day_share
"1¼""",12-13 Kgs,2 mm,14,Running,October,Week 4,22,28,0.225806,22.099,97.866,calendar_day_share
"1¼""",12-13 Kgs,2 mm,14,Running,October,Week 5,29,31,0.096774,9.471,97.866,calendar_day_share
"1¼""",15-16 Kgs,2.65 mm,12,Running,October,Week 1,1,7,0.225806,0.06,0.265,calendar_day_share
"1¼""",15-16 Kgs,2.65 mm,12,Running,October,Week 2,8,14,0.225806,0.06,0.265,calendar_day_share
"1¼""",15-16 Kgs,2.65 mm,12,Running,October,Week 3,15,21,0.225806,0.06,0.265,calendar_day_share
"1¼""",15-16 Kgs,2.65 mm,12,Running,October,Week 4,22,28,0.225806,0.06,0.265,calendar_day_share
"1¼""",15-16 Kgs,2.65 mm,12,Running,October,Week 5,29,31,0.096774,0.026,0.265,calendar_day_share
"1¼""",17-18 Kgs,2.65 mm,12,Running,October,Week 1,1,7,0.225806,34.748,153.886,calendar_day_share
"1¼""",17-18 Kgs,2.65 mm,12,Running,October,Week 2,8,14,0.225806,34.748,153.886,calendar_day_share
"1¼""",17-18 Kgs,2.65 mm,12,Running,October,Week 3,15,21,0.225806,34.748,153.886,calendar_day_share
"1¼""",17-18 Kgs,2.65 mm,12,Running,October,Week 4,22,28,0.225806,34.748,153.886,calendar_day_share
"1¼""",17-18 Kgs,2.65 mm,12,Running,October,Week 5,29,31,0.096774,14.892,153.886,calendar_day_share
"1¼""",17-18 Kgs,3 mm,10,Running,October,Week 1,1,7,0.225806,0.063,0.28,calendar_day_share
"1¼""",17-18 Kgs,3 mm,10,Running,October,Week 2,8,14,0.225806,0.063,0.28,calendar_day_share
"1¼""",17-18 Kgs,3 mm,10,Running,October,Week 3,15,21,0.225806,0.063,0.28,calendar_day_share
"1¼""",17-18 Kgs,3 mm,10,Running,October,Week 4,22,28,0.225806,0.063,0.28,calendar_day_share
"1¼""",17-18 Kgs,3 mm,10,Running,October,Week 5,29,31,0.096774,0.027,0.28,calendar_day_share
"1¼""",19-20 Kgs,3 mm,10,Running,October,Week 1,1,7,0.225806,2.912,12.896,calendar_day_share
"1¼""",19-20 Kgs,3 mm,10,Running,October,Week 2,8,14,0.225806,2.912,12.896,calendar_day_share
"1¼""",19-20 Kgs,3 mm,10,Running,October,Week 3,15,21,0.225806,2.912,12.896,calendar_day_share
"1¼""",19-20 Kgs,3 mm,10,Running,October,Week 4,22,28,0.225806,2.912,12.896,calendar_day_share
"1¼""",19-20 Kgs,3 mm,10,Running,October,Week 5,29,31,0.096774,1.248,12.896,calendar_day_share
"1¼""",21-22 Kgs,3.65 mm,9,Running,October,Week 1,1,7,0.225806,0.496,2.199,calendar_day_share
"1¼""",21-22 Kgs,3.65 mm,9,Running,October,Week 2,8,14,0.225806,0.496,2.199,calendar_day_share
"1¼""",21-22 Kgs,3.65 mm,9,Running,October,Week 3,15,21,0.225806,0.496,2.199,calendar_day_share
"1¼""",21-22 Kgs,3.65 mm,9,Running,October,Week 4,22,28,0.225806,0.496,2.199,calendar_day_share
"1¼""",21-22 Kgs,3.65 mm,9,Running,October,Week 5,29,31,0.096774,0.213,2.199,calendar_day_share
"1¼""",22-23 Kgs,3.65 mm,9,Running,October,Week 1,1,7,0.225806,0.461,2.041,calendar_day_share
"1¼""",22-23 Kgs,3.65 mm,9,Running,October,Week 2,8,14,0.225806,0.461,2.041,calendar_day_share
"1¼""",22-23 Kgs,3.65 mm,9,Running,October,Week 3,15,21,0.225806,0.461,2.041,calendar_day_share
"1¼""",22-23 Kgs,3.65 mm,9,Running,October,Week 4,22,28,0.225806,0.461,2.041,calendar_day_share
"1¼""",22-23 Kgs,3.65 mm,9,Running,October,Week 5,29,31,0.096774,0.197,2.041,calendar_day_share
"1¼""",8-9 Kgs,1.2 mm,18,Running,October,Week 1,1,7,0.225806,0.063,0.277,calendar_day_share
"1¼""",8-9 Kgs,1.2 mm,18,Running,October,Week 2,8,14,0.225806,0.063,0.277,calendar_day_share
"1¼""",8-9 Kgs,1.2 mm,18,Running,October,Week 3,15,21,0.225806,0.063,0.277,calendar_day_share
"1¼""",8-9 Kgs,1.2 mm,18,Running,October,Week 4,22,28,0.225806,0.063,0.277,calendar_day_share
"1¼""",8-9 Kgs,1.2 mm,18,Running,October,Week 5,29,31,0.096774,0.027,0.277,calendar_day_share
"1½""",10-11 Kgs,1.6 mm,16,Running,October,Week 1,1,7,0.225806,45.397,201.045,calendar_day_share
"1½""",10-11 Kgs,1.6 mm,16,Running,October,Week 2,8,14,0.225806,45.397,201.045,calendar_day_share
"1½""",10-11 Kgs,1.6 mm,16,Running,October,Week 3,15,21,0.225806,45.397,201.045,calendar_day_share
"1½""",10-11 Kgs,1.6 mm,16,Running,October,Week 4,22,28,0.225806,45.397,201.045,calendar_day_share
"1½""",10-11 Kgs,1.6 mm,16,Running,October,Week 5,29,31,0.096774,19.456,201.045,calendar_day_share
"1½""",13-14 Kgs,1.8 mm,14,Running,October,Week 1,1,7,0.225806,2.41,10.673,calendar_day_share
"1½""",13-14 Kgs,1.8 mm,14,Running,October,Week 2,8,14,0.225806,2.41,10.673,calendar_day_share
"1½""",13-14 Kgs,1.8 mm,14,Running,October,Week 3,15,21,0.225806,2.41,10.673,calendar_day_share
"1½""",13-14 Kgs,1.8 mm,14,Running,October,Week 4,22,28,0.225806,2.41,10.673,calendar_day_share
"1½""",13-14 Kgs,1.8 mm,14,Running,October,Week 5,29,31,0.096774,1.033,10.673,calendar_day_share
"1½""",13-14 Kgs,2 mm,14,Running,October,Week 1,1,7,0.225806,75.9,336.129,calendar_day_share
"1½""",13-14 Kgs,2 mm,14,Running,October,Week 2,8,14,0.225806,75.9,336.129,calendar_day_share
"1½""",13-14 Kgs,2 mm,14,Running,October,Week 3,15,21,0.225806,75.9,336.129,calendar_day_share
"1½""",13-14 Kgs,2 mm,14,Running,October,Week 4,22,28,0.225806,75.9,336.129,calendar_day_share
"1½""",13-14 Kgs,2 mm,14,Running,October,Week 5,29,31,0.096774,32.529,336.129,calendar_day_share
"1½""",15-16 Kgs,2 mm,12,Running,October,Week 1,1,7,0.225806,0.649,2.876,calendar_day_share
"1½""",15-16 Kgs,2 mm,12,Running,October,Week 2,8,14,0.225806,0.649,2.876,calendar_day_share
"1½""",15-16 Kgs,2 mm,12,Running,October,Week 3,15,21,0.225806,0.649,2.876,calendar_day_share
"1½""",15-16 Kgs,2 mm,12,Running,October,Week 4,22,28,0.225806,0.649,2.876,calendar_day_share
"1½""",15-16 Kgs,2 mm,12,Running,October,Week 5,29,31,0.096774,0.278,2.876,calendar_day_share
"1½""",17-18 Kgs,2.65 mm,10,Running,October,Week 1,1,7,0.225806,2.426,10.745,calendar_day_share
"1½""",17-18 Kgs,2.65 mm,10,Running,October,Week 2,8,14,0.225806,2.426,10.745,calendar_day_share
"1½""",17-18 Kgs,2.65 mm,10,Running,October,Week 3,15,21,0.225806,2.426,10.745,calendar_day_share
"1½""",17-18 Kgs,2.65 mm,10,Running,October,Week 4,22,28,0.225806,2.426,10.745,calendar_day_share
"1½""",17-18 Kgs,2.65 mm,10,Running,October,Week 5,29,31,0.096774,1.04,10.745,calendar_day_share
"1½""",17-18 Kgs,2.65 mm,11,Running,October,Week 1,1,7,0.225806,9.847,43.606,calendar_day_share
"1½""",17-18 Kgs,2.65 mm,11,Running,October,Week 2,8,14,0.225806,9.847,43.606,calendar_day_share
"1½""",17-18 Kgs,2.65 mm,11,Running,October,Week 3,15,21,0.225806,9.847,43.606,calendar_day_share
"1½""",17-18 Kgs,2.65 mm,11,Running,October,Week 4,22,28,0.225806,9.847,43.606,calendar_day_share
"1½""",17-18 Kgs,2.65 mm,11,Running,October,Week 5,29,31,0.096774,4.22,43.606,calendar_day_share
"1½""",20-21 Kgs,2.9 mm,10,Running,October,Week 1,1,7,0.225806,0.763,3.377,calendar_day_share
"1½""",20-21 Kgs,2.9 mm,10,Running,October,Week 2,8,14,0.225806,0.763,3.377,calendar_day_share
"1½""",20-21 Kgs,2.9 mm,10,Running,October,Week 3,15,21,0.225806,0.763,3.377,calendar_day_share
"1½""",20-21 Kgs,2.9 mm,10,Running,October,Week 4,22,28,0.225806,0.763,3.377,calendar_day_share
"1½""",20-21 Kgs,2.9 mm,10,Running,October,Week 5,29,31,0.096774,0.327,3.377,calendar_day_share
"1½""",23-24 Kgs,3.65 mm,9,Running,October,Week 1,1,7,0.225806,10.575,46.832,calendar_day_share
"1½""",23-24 Kgs,3.65 mm,9,Running,October,Week 2,8,14,0.225806,10.575,46.832,calendar_day_share
"1½""",23-24 Kgs,3.65 mm,9,Running,October,Week 3,15,21,0.225806,10.575,46.832,calendar_day_share
"1½""",23-24 Kgs,3.65 mm,9,Running,October,Week 4,22,28,0.225806,10.575,46.832,calendar_day_share
"1½""",23-24 Kgs,3.65 mm,9,Running,October,Week 5,29,31,0.096774,4.532,46.832,calendar_day_share
"1½""",25-26 Kgs,4 mm,8,Running,October,Week 1,1,7,0.225806,0.005,0.021,calendar_day_share
"1½""",25-26 Kgs,4 mm,8,Running,October,Week 2,8,14,0.225806,0.005,0.021,calendar_day_share
"1½""",25-26 Kgs,4 mm,8,Running,October,Week 3,15,21,0.225806,0.005,0.021,calendar_day_share
"1½""",25-26 Kgs,4 mm,8,Running,October,Week 4,22,28,0.225806,0.005,0.021,calendar_day_share
"1½""",25-26 Kgs,4 mm,8,Running,October,Week 5,29,31,0.096774,0.002,0.021,calendar_day_share
"2""",13-14 Kgs,1.6 mm,16,Running,October,Week 1,1,7,0.225806,36.619,162.172,calendar_day_share
"2""",13-14 Kgs,1.6 mm,16,Running,October,Week 2,8,14,0.225806,36.619,162.172,calendar_day_share
"2""",13-14 Kgs,1.6 mm,16,Running,October,Week 3,15,21,0.225806,36.619,162.172,calendar_day_share
"2""",13-14 Kgs,1.6 mm,16,Running,October,Week 4,22,28,0.225806,36.619,162.172,calendar_day_share
"2""",13-14 Kgs,1.6 mm,16,Running,October,Week 5,29,31,0.096774,15.694,162.172,calendar_day_share
"2""",16-17 Kgs,2.0 mm,14,Running,October,Week 1,1,7,0.225806,101.788,450.776,calendar_day_share
"2""",16-17 Kgs,2.0 mm,14,Running,October,Week 2,8,14,0.225806,101.788,450.776,calendar_day_share
"2""",16-17 Kgs,2.0 mm,14,Running,October,Week 3,15,21,0.225806,101.788,450.776,calendar_day_share
"2""",16-17 Kgs,2.0 mm,14,Running,October,Week 4,22,28,0.225806,101.788,450.776,calendar_day_share
"2""",16-17 Kgs,2.0 mm,14,Running,October,Week 5,29,31,0.096774,43.624,450.776,calendar_day_share
"2""",16-17½ Kgs,2 mm,14,Running,October,Week 1,1,7,0.225806,0.519,2.299,calendar_day_share
"2""",16-17½ Kgs,2 mm,14,Running,October,Week 2,8,14,0.225806,0.519,2.299,calendar_day_share
"2""",16-17½ Kgs,2 mm,14,Running,October,Week 3,15,21,0.225806,0.519,2.299,calendar_day_share
"2""",16-17½ Kgs,2 mm,14,Running,October,Week 4,22,28,0.225806,0.519,2.299,calendar_day_share
"2""",16-17½ Kgs,2 mm,14,Running,October,Week 5,29,31,0.096774,0.222,2.299,calendar_day_share
"2""",20-21 Kgs,2.35 mm,12,Running,October,Week 1,1,7,0.225806,53.711,237.861,calendar_day_share
"2""",20-21 Kgs,2.35 mm,12,Running,October,Week 2,8,14,0.225806,53.711,237.861,calendar_day_share
"2""",20-21 Kgs,2.35 mm,12,Running,October,Week 3,15,21,0.225806,53.711,237.861,calendar_day_share
"2""",20-21 Kgs,2.35 mm,12,Running,October,Week 4,22,28,0.225806,53.711,237.861,calendar_day_share
"2""",20-21 Kgs,2.35 mm,12,Running,October,Week 5,29,31,0.096774,23.019,237.861,calendar_day_share
"2""",25-26 Kgs,3.25 mm,10,Running,October,Week 1,1,7,0.225806,46.886,207.64,calendar_day_share
"2""",25-26 Kgs,3.25 mm,10,Running,October,Week 2,8,14,0.225806,46.886,207.64,calendar_day_share
"2""",25-26 Kgs,3.25 mm,10,Running,October,Week 3,15,21,0.225806,46.886,207.64,calendar_day_share
"2""",25-26 Kgs,3.25 mm,10,Running,October,Week 4,22,28,0.225806,46.886,207.64,calendar_day_share
"2""",25-26 Kgs,3.25 mm,10,Running,October,Week 5,29,31,0.096774,20.094,207.64,calendar_day_share
"2""",29-30 Kgs,3.65 mm,9,Running,October,Week 1,1,7,0.225806,10.978,48.616,calendar_day_share
"2""",29-30 Kgs,3.65 mm,9,Running,October,Week 2,8,14,0.225806,10.978,48.616,calendar_day_share
"2""",29-30 Kgs,3.65 mm,9,Running,October,Week 3,15,21,0.225806,10.978,48.616,calendar_day_share
"2""",29-30 Kgs,3.65 mm,9,Running,October,Week 4,22,28,0.225806,10.978,48.616,calendar_day_share
"2""",29-30 Kgs,3.65 mm,9,Running,October,Week 5,29,31,0.096774,4.705,48.616,calendar_day_share
"2""",32-34 Kgs,4 mm,8,Running,October,Week 1,1,7,0.225806,16.619,73.6,calendar_day_share
"2""",32-34 Kgs,4 mm,8,Running,October,Week 2,8,14,0.225806,16.619,73.6,calendar_day_share
"2""",32-34 Kgs,4 mm,8,Running,October,Week 3,15,21,0.225806,16.619,73.6,calendar_day_share
"2""",32-34 Kgs,4 mm,8,Running,October,Week 4,22,28,0.225806,16.619,73.6,calendar_day_share
"2""",32-34 Kgs,4 mm,8,Running,October,Week 5,29,31,0.096774,7.123,73.6,calendar_day_share
"2""",32-34 Kgs,5 mm,5,Running,October,Week 1,1,7,0.225806,0.011,0.047,calendar_day_share
"2""",32-34 Kgs,5 mm,5,Running,October,Week 2,8,14,0.225806,0.011,0.047,calendar_day_share
"2""",32-34 Kgs,5 mm,5,Running,October,Week 3,15,21,0.225806,0.011,0.047,calendar_day_share
"2""",32-34 Kgs,5 mm,5,Running,October,Week 4,22,28,0.225806,0.011,0.047,calendar_day_share
"2""",32-34 Kgs,5 mm,5,Running,October,Week 5,29,31,0.096774,0.005,0.047,calendar_day_share
"2""",9½-10 Kgs,1.2 mm,18,Running,October,Week 1,1,7,0.225806,0.37,1.638,calendar_day_share
"2""",9½-10 Kgs,1.2 mm,18,Running,October,Week 2,8,14,0.225806,0.37,1.638,calendar_day_share
"2""",9½-10 Kgs,1.2 mm,18,Running,October,Week 3,15,21,0.225806,0.37,1.638,calendar_day_share
"2""",9½-10 Kgs,1.2 mm,18,Running,October,Week 4,22,28,0.225806,0.37,1.638,calendar_day_share
"2""",9½-10 Kgs,1.2 mm,18,Running,October,Week 5,29,31,0.096774,0.159,1.638,calendar_day_share
"2""",Unknown,Unknown,Unknown,Unknown,October,Week 1,1,7,0.225806,0.005,0.021,calendar_day_share
"2""",Unknown,Unknown,Unknown,Unknown,October,Week 2,8,14,0.225806,0.005,0.021,calendar_day_share
"2""",Unknown,Unknown,Unknown,Unknown,October,Week 3,15,21,0.225806,0.005,0.021,calendar_day_share
"2""",Unknown,Unknown,Unknown,Unknown,October,Week 4,22,28,0.225806,0.005,0.021,calendar_day_share
"2""",Unknown,Unknown,Unknown,Unknown,October,Week 5,29,31,0.096774,0.002,0.021,calendar_day_share
"2½""",10-11 Kgs,Unknown,Unknown,Running,October,Week 1,1,7,0.225806,0.455,2.014,calendar_day_share
"2½""",10-11 Kgs,Unknown,Unknown,Running,October,Week 2,8,14,0.225806,0.455,2.014,calendar_day_share
"2½""",10-11 Kgs,Unknown,Unknown,Running,October,Week 3,15,21,0.225806,0.455,2.014,calendar_day_share
"2½""",10-11 Kgs,Unknown,Unknown,Running,October,Week 4,22,28,0.225806,0.455,2.014,calendar_day_share
"2½""",10-11 Kgs,Unknown,Unknown,Running,October,Week 5,29,31,0.096774,0.195,2.014,calendar_day_share
"2½""",16-17 Kgs,1.6 mm,16,Running,October,Week 1,1,7,0.225806,20.614,91.291,calendar_day_share
"2½""",16-17 Kgs,1.6 mm,16,Running,October,Week 2,8,14,0.225806,20.614,91.291,calendar_day_share
"2½""",16-17 Kgs,1.6 mm,16,Running,October,Week 3,15,21,0.225806,20.614,91.291,calendar_day_share
"2½""",16-17 Kgs,1.6 mm,16,Running,October,Week 4,22,28,0.225806,20.614,91.291,calendar_day_share
"2½""",16-17 Kgs,1.6 mm,16,Running,October,Week 5,29,31,0.096774,8.835,91.291,calendar_day_share
"2½""",21-22 Kgs,2 mm,14,Running,October,Week 1,1,7,0.225806,68.552,303.586,calendar_day_share
"2½""",21-22 Kgs,2 mm,14,Running,October,Week 2,8,14,0.225806,68.552,303.586,calendar_day_share
"2½""",21-22 Kgs,2 mm,14,Running,October,Week 3,15,21,0.225806,68.552,303.586,calendar_day_share
"2½""",21-22 Kgs,2 mm,14,Running,October,Week 4,22,28,0.225806,68.552,303.586,calendar_day_share
"2½""",21-22 Kgs,2 mm,14,Running,October,Week 5,29,31,0.096774,29.379,303.586,calendar_day_share
"2½""",27-28 Kgs,2.65 mm,12,Running,October,Week 1,1,7,0.225806,0.257,1.139,calendar_day_share
"2½""",27-28 Kgs,2.65 mm,12,Running,October,Week 2,8,14,0.225806,0.257,1.139,calendar_day_share
"2½""",27-28 Kgs,2.65 mm,12,Running,October,Week 3,15,21,0.225806,0.257,1.139,calendar_day_share
"2½""",27-28 Kgs,2.65 mm,12,Running,October,Week 4,22,28,0.225806,0.257,1.139,calendar_day_share
"2½""",27-28 Kgs,2.65 mm,12,Running,October,Week 5,29,31,0.096774,0.11,1.139,calendar_day_share
"2½""",32-34 Kgs,3 mm,10,Running,October,Week 1,1,7,0.225806,36.463,161.478,calendar_day_share
"2½""",32-34 Kgs,3 mm,10,Running,October,Week 2,8,14,0.225806,36.463,161.478,calendar_day_share
"2½""",32-34 Kgs,3 mm,10,Running,October,Week 3,15,21,0.225806,36.463,161.478,calendar_day_share
"2½""",32-34 Kgs,3 mm,10,Running,October,Week 4,22,28,0.225806,36.463,161.478,calendar_day_share
"2½""",32-34 Kgs,3 mm,10,Running,October,Week 5,29,31,0.096774,15.627,161.478,calendar_day_share
"2½""",32-34 Kgs,5 mm,5,Running,October,Week 1,1,7,0.225806,0.917,4.06,calendar_day_share
"2½""",32-34 Kgs,5 mm,5,Running,October,Week 2,8,14,0.225806,0.917,4.06,calendar_day_share
"2½""",32-34 Kgs,5 mm,5,Running,October,Week 3,15,21,0.225806,0.917,4.06,calendar_day_share
"2½""",32-34 Kgs,5 mm,5,Running,October,Week 4,22,28,0.225806,0.917,4.06,calendar_day_share
"2½""",32-34 Kgs,5 mm,5,Running,October,Week 5,29,31,0.096774,0.393,4.06,calendar_day_share
"2½""",37-38 Kgs,3.65 mm,9,Running,October,Week 1,1,7,0.225806,2.273,10.067,calendar_day_share
"2½""",37-38 Kgs,3.65 mm,9,Running,October,Week 2,8,14,0.225806,2.273,10.067,calendar_day_share
"2½""",37-38 Kgs,3.65 mm,9,Running,October,Week 3,15,21,0.225806,2.273,10.067,calendar_day_share
"2½""",37-38 Kgs,3.65 mm,9,Running,October,Week 4,22,28,0.225806,2.273,10.067,calendar_day_share
"2½""",37-38 Kgs,3.65 mm,9,Running,October,Week 5,29,31,0.096774,0.974,10.067,calendar_day_share
"2½""",52-54 Kgs,5 mm,6,Running,October,Week 1,1,7,0.225806,0.018,0.08,calendar_day_share
"2½""",52-54 Kgs,5 mm,6,Running,October,Week 2,8,14,0.225806,0.018,0.08,calendar_day_share
"2½""",52-54 Kgs,5 mm,6,Running,October,Week 3,15,21,0.225806,0.018,0.08,calendar_day_share
"2½""",52-54 Kgs,5 mm,6,Running,October,Week 4,22,28,0.225806,0.018,0.08,calendar_day_share
"2½""",52-54 Kgs,5 mm,6,Running,October,Week 5,29,31,0.096774,0.008,0.08,calendar_day_share
"3""",32-34 Kgs,2.65 mm,12,Running,October,Week 1,1,7,0.225806,19.605,86.822,calendar_day_share
"3""",32-34 Kgs,2.65 mm,12,Running,October,Week 2,8,14,0.225806,19.605,86.822,calendar_day_share
"3""",32-34 Kgs,2.65 mm,12,Running,October,Week 3,15,21,0.225806,19.605,86.822,calendar_day_share
"3""",32-34 Kgs,2.65 mm,12,Running,October,Week 4,22,28,0.225806,19.605,86.822,calendar_day_share
"3""",32-34 Kgs,2.65 mm,12,Running,October,Week 5,29,31,0.096774,8.402,86.822,calendar_day_share
"3""",37-38 Kgs,3.65 mm,9,Running,October,Week 1,1,7,0.225806,7.217,31.962,calendar_day_share
"3""",37-38 Kgs,3.65 mm,9,Running,October,Week 2,8,14,0.225806,7.217,31.962,calendar_day_share
"3""",37-38 Kgs,3.65 mm,9,Running,October,Week 3,15,21,0.225806,7.217,31.962,calendar_day_share
"3""",37-38 Kgs,3.65 mm,9,Running,October,Week 4,22,28,0.225806,7.217,31.962,calendar_day_share
"3""",37-38 Kgs,3.65 mm,9,Running,October,Week 5,29,31,0.096774,3.093,31.962,calendar_day_share
"3""",38-39 Kgs,3.25 mm,10,Running,October,Week 1,1,7,0.225806,57.828,256.095,calendar_day_share
"3""",38-39 Kgs,3.25 mm,10,Running,October,Week 2,8,14,0.225806,57.828,256.095,calendar_day_share
"3""",38-39 Kgs,3.25 mm,10,Running,October,Week 3,15,21,0.225806,57.828,256.095,calendar_day_share
"3""",38-39 Kgs,3.25 mm,10,Running,October,Week 4,22,28,0.225806,57.828,256.095,calendar_day_share
"3""",38-39 Kgs,3.25 mm,10,Running,October,Week 5,29,31,0.096774,24.783,256.095,calendar_day_share
"3""",45-46 Kgs,3.65 mm,9,Running,October,Week 1,1,7,0.225806,0.02,0.087,calendar_day_share
"3""",45-46 Kgs,3.65 mm,9,Running,October,Week 2,8,14,0.225806,0.02,0.087,calendar_day_share
"3""",45-46 Kgs,3.65 mm,9,Running,October,Week 3,15,21,0.225806,0.02,0.087,calendar_day_share
"3""",45-46 Kgs,3.65 mm,9,Running,October,Week 4,22,28,0.225806,0.02,0.087,calendar_day_share
"3""",45-46 Kgs,3.65 mm,9,Running,October,Week 5,29,31,0.096774,0.008,0.087,calendar_day_share
"3""",50-52 Kgs,4 mm,8,Running,October,Week 1,1,7,0.225806,0.269,1.191,calendar_day_share
"3""",50-52 Kgs,4 mm,8,Running,October,Week 2,8,14,0.225806,0.269,1.191,calendar_day_share
"3""",50-52 Kgs,4 mm,8,Running,October,Week 3,15,21,0.225806,0.269,1.191,calendar_day_share
"3""",50-52 Kgs,4 mm,8,Running,October,Week 4,22,28,0.225806,0.269,1.191,calendar_day_share
"3""",50-52 Kgs,4 mm,8,Running,October,Week 5,29,31,0.096774,0.115,1.191,calendar_day_share
"3""",52-54 Kgs,5 mm,6,Running,October,Week 1,1,7,0.225806,2.092,9.265,calendar_day_share
"3""",52-54 Kgs,5 mm,6,Running,October,Week 2,8,14,0.225806,2.092,9.265,calendar_day_share
"3""",52-54 Kgs,5 mm,6,Running,October,Week 3,15,21,0.225806,2.092,9.265,calendar_day_share
"3""",52-54 Kgs,5 mm,6,Running,October,Week 4,22,28,0.225806,2.092,9.265,calendar_day_share
"3""",52-54 Kgs,5 mm,6,Running,October,Week 5,29,31,0.096774,0.897,9.265,calendar_day_share
"3""",64-65 Kgs,6 mm,5,Unknown,October,Week 1,1,7,0.225806,0.296,1.312,calendar_day_share
"3""",64-65 Kgs,6 mm,5,Unknown,October,Week 2,8,14,0.225806,0.296,1.312,calendar_day_share
"3""",64-65 Kgs,6 mm,5,Unknown,October,Week 3,15,21,0.225806,0.296,1.312,calendar_day_share
"3""",64-65 Kgs,6 mm,5,Unknown,October,Week 4,22,28,0.225806,0.296,1.312,calendar_day_share
"3""",64-65 Kgs,6 mm,5,Unknown,October,Week 5,29,31,0.096774,0.127,1.312,calendar_day_share
"3""",65-66 Kgs,5 mm,6,Running,October,Week 1,1,7,0.225806,0.008,0.034,calendar_day_share
"3""",65-66 Kgs,5 mm,6,Running,October,Week 2,8,14,0.225806,0.008,0.034,calendar_day_share
"3""",65-66 Kgs,5 mm,6,Running,October,Week 3,15,21,0.225806,0.008,0.034,calendar_day_share
"3""",65-66 Kgs,5 mm,6,Running,October,Week 4,22,28,0.225806,0.008,0.034,calendar_day_share
"3""",65-66 Kgs,5 mm,6,Running,October,Week 5,29,31,0.096774,0.003,0.034,calendar_day_share
"4"" OD",65-65 Kgs,Unknown,Unknown,Running,October,Week 1,1,7,0.225806,0.005,0.021,calendar_day_share
"4"" OD",65-65 Kgs,Unknown,Unknown,Running,October,Week 2,8,14,0.225806,0.005,0.021,calendar_day_share
"4"" OD",65-65 Kgs,Unknown,Unknown,Running,October,Week 3,15,21,0.225806,0.005,0.021,calendar_day_share
"4"" OD",65-65 Kgs,Unknown,Unknown,Running,October,Week 4,22,28,0.225806,0.005,0.021,calendar_day_share
"4"" OD",65-65 Kgs,Unknown,Unknown,Running,October,Week 5,29,31,0.096774,0.002,0.021,calendar_day_share
"4"" OD",66-67 Kgs,4 mm,8,Running,October,Week 1,1,7,0.225806,10.852,48.059,calendar_day_share
"4"" OD",66-67 Kgs,4 mm,8,Running,October,Week 2,8,14,0.225806,10.852,48.059,calendar_day_share
"4"" OD",66-67 Kgs,4 mm,8,Running,October,Week 3,15,21,0.225806,10.852,48.059,calendar_day_share
"4"" OD",66-67 Kgs,4 mm,8,Running,October,Week 4,22,28,0.225806,10.852,48.059,calendar_day_share
"4"" OD",66-67 Kgs,4 mm,8,Running,October,Week 5,29,31,0.096774,4.651,48.059,calendar_day_share
"4"" OD",75-76 Kgs,4.5 mm,8,Running,October,Week 1,1,7,0.225806,0.007,0.032,calendar_day_share
"4"" OD",75-76 Kgs,4.5 mm,8,Running,October,Week 2,8,14,0.225806,0.007,0.032,calendar_day_share
"4"" OD",75-76 Kgs,4.5 mm,8,Running,October,Week 3,15,21,0.225806,0.007,0.032,calendar_day_share
"4"" OD",75-76 Kgs,4.5 mm,8,Running,October,Week 4,22,28,0.225806,0.007,0.032,calendar_day_share
"4"" OD",75-76 Kgs,4.5 mm,8,Running,October,Week 5,29,31,0.096774,0.003,0.032,calendar_day_share
"4""",25-26 Kgs,1.6 mm,16,Running,October,Week 1,1,7,0.225806,4.15,18.379,calendar_day_share
"4""",25-26 Kgs,1.6 mm,16,Running,October,Week 2,8,14,0.225806,4.15,18.379,calendar_day_share
"4""",25-26 Kgs,1.6 mm,16,Running,October,Week 3,15,21,0.225806,4.15,18.379,calendar_day_share
"4""",25-26 Kgs,1.6 mm,16,Running,October,Week 4,22,28,0.225806,4.15,18.379,calendar_day_share
"4""",25-26 Kgs,1.6 mm,16,Running,October,Week 5,29,31,0.096774,1.779,18.379,calendar_day_share
"4""",25-26 Kgs,2 mm,14,Running,October,Week 1,1,7,0.225806,0.031,0.136,calendar_day_share
"4""",25-26 Kgs,2 mm,14,Running,October,Week 2,8,14,0.225806,0.031,0.136,calendar_day_share
"4""",25-26 Kgs,2 mm,14,Running,October,Week 3,15,21,0.225806,0.031,0.136,calendar_day_share
"4""",25-26 Kgs,2 mm,14,Running,October,Week 4,22,28,0.225806,0.031,0.136,calendar_day_share
"4""",25-26 Kgs,2 mm,14,Running,October,Week 5,29,31,0.096774,0.013,0.136,calendar_day_share
"4""",32-34 Kgs,2 mm,14,Running,October,Week 1,1,7,0.225806,29.749,131.746,calendar_day_share
"4""",32-34 Kgs,2 mm,14,Running,October,Week 2,8,14,0.225806,29.749,131.746,calendar_day_share
"4""",32-34 Kgs,2 mm,14,Running,October,Week 3,15,21,0.225806,29.749,131.746,calendar_day_share
"4""",32-34 Kgs,2 mm,14,Running,October,Week 4,22,28,0.225806,29.749,131.746,calendar_day_share
"4""",32-34 Kgs,2 mm,14,Running,October,Week 5,29,31,0.096774,12.75,131.746,calendar_day_share
"4""",40-42 Kgs,2.65 mm,12,Running,October,Week 1,1,7,0.225806,41.882,185.475,calendar_day_share
"4""",40-42 Kgs,2.65 mm,12,Running,October,Week 2,8,14,0.225806,41.882,185.475,calendar_day_share
"4""",40-42 Kgs,2.65 mm,12,Running,October,Week 3,15,21,0.225806,41.882,185.475,calendar_day_share
"4""",40-42 Kgs,2.65 mm,12,Running,October,Week 4,22,28,0.225806,41.882,185.475,calendar_day_share
"4""",40-42 Kgs,2.65 mm,12,Running,October,Week 5,29,31,0.096774,17.949,185.475,calendar_day_share
"4""",45-46 Kgs,3.65 mm,9,Running,October,Week 1,1,7,0.225806,2.416,10.701,calendar_day_share
"4""",45-46 Kgs,3.65 mm,9,Running,October,Week 2,8,14,0.225806,2.416,10.701,calendar_day_share
"4""",45-46 Kgs,3.65 mm,9,Running,October,Week 3,15,21,0.225806,2.416,10.701,calendar_day_share
"4""",45-46 Kgs,3.65 mm,9,Running,October,Week 4,22,28,0.225806,2.416,10.701,calendar_day_share
"4""",45-46 Kgs,3.65 mm,9,Running,October,Week 5,29,31,0.096774,1.036,10.701,calendar_day_share
"4""",48-50 Kgs,3.25 mm,10,Running,October,Week 1,1,7,0.225806,60.475,267.82,calendar_day_share
"4""",48-50 Kgs,3.25 mm,10,Running,October,Week 2,8,14,0.225806,60.475,267.82,calendar_day_share
"4""",48-50 Kgs,3.25 mm,10,Running,October,Week 3,15,21,0.225806,60.475,267.82,calendar_day_share
"4""",48-50 Kgs,3.25 mm,10,Running,October,Week 4,22,28,0.225806,60.475,267.82,calendar_day_share
"4""",48-50 Kgs,3.25 mm,10,Running,October,Week 5,29,31,0.096774,25.918,267.82,calendar_day_share
"4""",50-52 Kgs,4 mm,8,Running,October,Week 1,1,7,0.225806,5.372,23.791,calendar_day_share
"4""",50-52 Kgs,4 mm,8,Running,October,Week 2,8,14,0.225806,5.372,23.791,calendar_day_share
"4""",50-52 Kgs,4 mm,8,Running,October,Week 3,15,21,0.225806,5.372,23.791,calendar_day_share
"4""",50-52 Kgs,4 mm,8,Running,October,Week 4,22,28,0.225806,5.372,23.791,calendar_day_share
"4""",50-52 Kgs,4 mm,8,Running,October,Week 5,29,31,0.096774,2.302,23.791,calendar_day_share
"4""",58-60 Kgs,3.65 mm,9,Running,October,Week 1,1,7,0.225806,18.025,79.823,calendar_day_share
"4""",58-60 Kgs,3.65 mm,9,Running,October,Week 2,8,14,0.225806,18.025,79.823,calendar_day_share
"4""",58-60 Kgs,3.65 mm,9,Running,October,Week 3,15,21,0.225806,18.025,79.823,calendar_day_share
"4""",58-60 Kgs,3.65 mm,9,Running,October,Week 4,22,28,0.225806,18.025,79.823,calendar_day_share
"4""",58-60 Kgs,3.65 mm,9,Running,October,Week 5,29,31,0.096774,7.725,79.823,calendar_day_share
"4""",61-62 Kgs,3.9 mm,9,Running,October,Week 1,1,7,0.225806,5.457,24.166,calendar_day_share
"4""",61-62 Kgs,3.9 mm,9,Running,October,Week 2,8,14,0.225806,5.457,24.166,calendar_day_share
"4""",61-62 Kgs,3.9 mm,9,Running,October,Week 3,15,21,0.225806,5.457,24.166,calendar_day_share
"4""",61-62 Kgs,3.9 mm,9,Running,October,Week 4,22,28,0.225806,5.457,24.166,calendar_day_share
"4""",61-62 Kgs,3.9 mm,9,Running,October,Week 5,29,31,0.096774,2.339,24.166,calendar_day_share
"4""",65-66 Kgs,5 mm,6,Running,October,Week 1,1,7,0.225806,2.063,9.134,calendar_day_share
"4""",65-66 Kgs,5 mm,6,Running,October,Week 2,8,14,0.225806,2.063,9.134,calendar_day_share
"4""",65-66 Kgs,5 mm,6,Running,October,Week 3,15,21,0.225806,2.063,9.134,calendar_day_share
"4""",65-66 Kgs,5 mm,6,Running,October,Week 4,22,28,0.225806,2.063,9.134,calendar_day_share
"4""",65-66 Kgs,5 mm,6,Running,October,Week 5,29,31,0.096774,0.884,9.134,calendar_day_share
"4""",66-67 Kgs,4 mm,8,Running,October,Week 1,1,7,0.225806,0.081,0.36,calendar_day_share
"4""",66-67 Kgs,4 mm,8,Running,October,Week 2,8,14,0.225806,0.081,0.36,calendar_day_share
"4""",66-67 Kgs,4 mm,8,Running,October,Week 3,15,21,0.225806,0.081,0.36,calendar_day_share
"4""",66-67 Kgs,4 mm,8,Running,October,Week 4,22,28,0.225806,0.081,0.36,calendar_day_share
"4""",66-67 Kgs,4 mm,8,Running,October,Week 5,29,31,0.096774,0.035,0.36,calendar_day_share
"4""",75-76 Kgs,4.5 mm,8,Running,October,Week 1,1,7,0.225806,0.005,0.021,calendar_day_share
"4""",75-76 Kgs,4.5 mm,8,Running,October,Week 2,8,14,0.225806,0.005,0.021,calendar_day_share
"4""",75-76 Kgs,4.5 mm,8,Running,October,Week 3,15,21,0.225806,0.005,0.021,calendar_day_share
"4""",75-76 Kgs,4.5 mm,8,Running,October,Week 4,22,28,0.225806,0.005,0.021,calendar_day_share
"4""",75-76 Kgs,4.5 mm,8,Running,October,Week 5,29,31,0.096774,0.002,0.021,calendar_day_share
"4""",95-100 Kgs,6.35 mm,4,Running,October,Week 1,1,7,0.225806,0.01,0.044,calendar_day_share
"4""",95-100 Kgs,6.35 mm,4,Running,October,Week 2,8,14,0.225806,0.01,0.044,calendar_day_share
"4""",95-100 Kgs,6.35 mm,4,Running,October,Week 3,15,21,0.225806,0.01,0.044,calendar_day_share
"4""",95-100 Kgs,6.35 mm,4,Running,October,Week 4,22,28,0.225806,0.01,0.044,calendar_day_share
"4""",95-100 Kgs,6.35 mm,4,Running,October,Week 5,29,31,0.096774,0.004,0.044,calendar_day_share
"5"" O.D",100 -102 Kgs,5 mm,5,New,October,Week 1,1,7,0.225806,0.063,0.277,calendar_day_share
"5"" O.D",100 -102 Kgs,5 mm,5,New,October,Week 2,8,14,0.225806,0.063,0.277,calendar_day_share
"5"" O.D",100 -102 Kgs,5 mm,5,New,October,Week 3,15,21,0.225806,0.063,0.277,calendar_day_share
"5"" O.D",100 -102 Kgs,5 mm,5,New,October,Week 4,22,28,0.225806,0.063,0.277,calendar_day_share
"5"" O.D",100 -102 Kgs,5 mm,5,New,October,Week 5,29,31,0.096774,0.027,0.277,calendar_day_share
"5"" O.D",113-114 Kgs,6 mm,4,Running,October,Week 1,1,7,0.225806,0.005,0.022,calendar_day_share
"5"" O.D",113-114 Kgs,6 mm,4,Running,October,Week 2,8,14,0.225806,0.005,0.022,calendar_day_share
"5"" O.D",113-114 Kgs,6 mm,4,Running,October,Week 3,15,21,0.225806,0.005,0.022,calendar_day_share
"5"" O.D",113-114 Kgs,6 mm,4,Running,October,Week 4,22,28,0.225806,0.005,0.022,calendar_day_share
"5"" O.D",113-114 Kgs,6 mm,4,Running,October,Week 5,29,31,0.096774,0.002,0.022,calendar_day_share
"5"" O.D",120-125 Kgs,6 mm,4,Running,October,Week 1,1,7,0.225806,5.355,23.714,calendar_day_share
"5"" O.D",120-125 Kgs,6 mm,4,Running,October,Week 2,8,14,0.225806,5.355,23.714,calendar_day_share
"5"" O.D",120-125 Kgs,6 mm,4,Running,October,Week 3,15,21,0.225806,5.355,23.714,calendar_day_share
"5"" O.D",120-125 Kgs,6 mm,4,Running,October,Week 4,22,28,0.225806,5.355,23.714,calendar_day_share
"5"" O.D",120-125 Kgs,6 mm,4,Running,October,Week 5,29,31,0.096774,2.295,23.714,calendar_day_share
"5"" O.D",28-29 Kgs,1.2 mm,16,Running,October,Week 1,1,7,0.225806,0.204,0.904,calendar_day_share
"5"" O.D",28-29 Kgs,1.2 mm,16,Running,October,Week 2,8,14,0.225806,0.204,0.904,calendar_day_share
"5"" O.D",28-29 Kgs,1.2 mm,16,Running,October,Week 3,15,21,0.225806,0.204,0.904,calendar_day_share
"5"" O.D",28-29 Kgs,1.2 mm,16,Running,October,Week 4,22,28,0.225806,0.204,0.904,calendar_day_share
"5"" O.D",28-29 Kgs,1.2 mm,16,Running,October,Week 5,29,31,0.096774,0.087,0.904,calendar_day_share
"5"" O.D",37-38 Kgs,2 mm,14,Running,October,Week 1,1,7,0.225806,0.018,0.081,calendar_day_share
"5"" O.D",37-38 Kgs,2 mm,14,Running,October,Week 2,8,14,0.225806,0.018,0.081,calendar_day_share
"5"" O.D",37-38 Kgs,2 mm,14,Running,October,Week 3,15,21,0.225806,0.018,0.081,calendar_day_share
"5"" O.D",37-38 Kgs,2 mm,14,Running,October,Week 4,22,28,0.225806,0.018,0.081,calendar_day_share
"5"" O.D",37-38 Kgs,2 mm,14,Running,October,Week 5,29,31,0.096774,0.008,0.081,calendar_day_share
"5"" O.D",75-76 Kgs,3.65 mm,9,Running,October,Week 1,1,7,0.225806,0.007,0.032,calendar_day_share
"5"" O.D",75-76 Kgs,3.65 mm,9,Running,October,Week 2,8,14,0.225806,0.007,0.032,calendar_day_share
"5"" O.D",75-76 Kgs,3.65 mm,9,Running,October,Week 3,15,21,0.225806,0.007,0.032,calendar_day_share
"5"" O.D",75-76 Kgs,3.65 mm,9,Running,October,Week 4,22,28,0.225806,0.007,0.032,calendar_day_share
"5"" O.D",75-76 Kgs,3.65 mm,9,Running,October,Week 5,29,31,0.096774,0.003,0.032,calendar_day_share
"5"" O.D",88-90 Kgs,4 mm,Unknown,Running,October,Week 1,1,7,0.225806,4.972,22.02,calendar_day_share
"5"" O.D",88-90 Kgs,4 mm,Unknown,Running,October,Week 2,8,14,0.225806,4.972,22.02,calendar_day_share
"5"" O.D",88-90 Kgs,4 mm,Unknown,Running,October,Week 3,15,21,0.225806,4.972,22.02,calendar_day_share
"5"" O.D",88-90 Kgs,4 mm,Unknown,Running,October,Week 4,22,28,0.225806,4.972,22.02,calendar_day_share
"5"" O.D",88-90 Kgs,4 mm,Unknown,Running,October,Week 5,29,31,0.096774,2.131,22.02,calendar_day_share
"5"" O.D",94-95 Kgs,4.5 mm,5,New,October,Week 1,1,7,0.225806,5.668,25.101,calendar_day_share
"5"" O.D",94-95 Kgs,4.5 mm,5,New,October,Week 2,8,14,0.225806,5.668,25.101,calendar_day_share
"5"" O.D",94-95 Kgs,4.5 mm,5,New,October,Week 3,15,21,0.225806,5.668,25.101,calendar_day_share
"5"" O.D",94-95 Kgs,4.5 mm,5,New,October,Week 4,22,28,0.225806,5.668,25.101,calendar_day_share
"5"" O.D",94-95 Kgs,4.5 mm,5,New,October,Week 5,29,31,0.096774,2.429,25.101,calendar_day_share
"5""",100 -102 Kgs,5 mm,5,New,October,Week 1,1,7,0.225806,0.011,0.05,calendar_day_share
"5""",100 -102 Kgs,5 mm,5,New,October,Week 2,8,14,0.225806,0.011,0.05,calendar_day_share
"5""",100 -102 Kgs,5 mm,5,New,October,Week 3,15,21,0.225806,0.011,0.05,calendar_day_share
"5""",100 -102 Kgs,5 mm,5,New,October,Week 4,22,28,0.225806,0.011,0.05,calendar_day_share
"5""",100 -102 Kgs,5 mm,5,New,October,Week 5,29,31,0.096774,0.005,0.05,calendar_day_share
"5""",120-125 Kgs,6 mm,4,Running,October,Week 1,1,7,0.225806,0.005,0.022,calendar_day_share
"5""",120-125 Kgs,6 mm,4,Running,October,Week 2,8,14,0.225806,0.005,0.022,calendar_day_share
"5""",120-125 Kgs,6 mm,4,Running,October,Week 3,15,21,0.225806,0.005,0.022,calendar_day_share
"5""",120-125 Kgs,6 mm,4,Running,October,Week 4,22,28,0.225806,0.005,0.022,calendar_day_share
"5""",120-125 Kgs,6 mm,4,Running,October,Week 5,29,31,0.096774,0.002,0.022,calendar_day_share
"5""",40-42 Kgs,2 mm,14,Running,October,Week 1,1,7,0.225806,13.19,58.411,calendar_day_share
"5""",40-42 Kgs,2 mm,14,Running,October,Week 2,8,14,0.225806,13.19,58.411,calendar_day_share
"5""",40-42 Kgs,2 mm,14,Running,October,Week 3,15,21,0.225806,13.19,58.411,calendar_day_share
"5""",40-42 Kgs,2 mm,14,Running,October,Week 4,22,28,0.225806,13.19,58.411,calendar_day_share
"5""",40-42 Kgs,2 mm,14,Running,October,Week 5,29,31,0.096774,5.653,58.411,calendar_day_share
"5""",48-50 Kgs,2.35 mm,13,Running,October,Week 1,1,7,0.225806,26.497,117.342,calendar_day_share
"5""",48-50 Kgs,2.35 mm,13,Running,October,Week 2,8,14,0.225806,26.497,117.342,calendar_day_share
"5""",48-50 Kgs,2.35 mm,13,Running,October,Week 3,15,21,0.225806,26.497,117.342,calendar_day_share
"5""",48-50 Kgs,2.35 mm,13,Running,October,Week 4,22,28,0.225806,26.497,117.342,calendar_day_share
"5""",48-50 Kgs,2.35 mm,13,Running,October,Week 5,29,31,0.096774,11.356,117.342,calendar_day_share
"5""",54-55 Kgs,2.65 mm,11,Running,October,Week 1,1,7,0.225806,0.02,0.09,calendar_day_share
"5""",54-55 Kgs,2.65 mm,11,Running,October,Week 2,8,14,0.225806,0.02,0.09,calendar_day_share
"5""",54-55 Kgs,2.65 mm,11,Running,October,Week 3,15,21,0.225806,0.02,0.09,calendar_day_share
"5""",54-55 Kgs,2.65 mm,11,Running,October,Week 4,22,28,0.225806,0.02,0.09,calendar_day_share
"5""",54-55 Kgs,2.65 mm,11,Running,October,Week 5,29,31,0.096774,0.009,0.09,calendar_day_share
"5""",54-55 Kgs,2.65 mm,12,Running,October,Week 1,1,7,0.225806,1.381,6.116,calendar_day_share
"5""",54-55 Kgs,2.65 mm,12,Running,October,Week 2,8,14,0.225806,1.381,6.116,calendar_day_share
"5""",54-55 Kgs,2.65 mm,12,Running,October,Week 3,15,21,0.225806,1.381,6.116,calendar_day_share
"5""",54-55 Kgs,2.65 mm,12,Running,October,Week 4,22,28,0.225806,1.381,6.116,calendar_day_share
"5""",54-55 Kgs,2.65 mm,12,Running,October,Week 5,29,31,0.096774,0.592,6.116,calendar_day_share
"5""",60-62 Kgs,3.25 mm,10,Running,October,Week 1,1,7,0.225806,48.892,216.522,calendar_day_share
"5""",60-62 Kgs,3.25 mm,10,Running,October,Week 2,8,14,0.225806,48.892,216.522,calendar_day_share
"5""",60-62 Kgs,3.25 mm,10,Running,October,Week 3,15,21,0.225806,48.892,216.522,calendar_day_share
"5""",60-62 Kgs,3.25 mm,10,Running,October,Week 4,22,28,0.225806,48.892,216.522,calendar_day_share
"5""",60-62 Kgs,3.25 mm,10,Running,October,Week 5,29,31,0.096774,20.954,216.522,calendar_day_share
"5""",65-65 Kgs,Unknown,Unknown,Running,October,Week 1,1,7,0.225806,0.061,0.27,calendar_day_share
"5""",65-65 Kgs,Unknown,Unknown,Running,October,Week 2,8,14,0.225806,0.061,0.27,calendar_day_share
"5""",65-65 Kgs,Unknown,Unknown,Running,October,Week 3,15,21,0.225806,0.061,0.27,calendar_day_share
"5""",65-65 Kgs,Unknown,Unknown,Running,October,Week 4,22,28,0.225806,0.061,0.27,calendar_day_share
"5""",65-65 Kgs,Unknown,Unknown,Running,October,Week 5,29,31,0.096774,0.026,0.27,calendar_day_share
"5""",66-67 Kgs,4 mm,8,Running,October,Week 1,1,7,0.225806,4.645,20.569,calendar_day_share
"5""",66-67 Kgs,4 mm,8,Running,October,Week 2,8,14,0.225806,4.645,20.569,calendar_day_share
"5""",66-67 Kgs,4 mm,8,Running,October,Week 3,15,21,0.225806,4.645,20.569,calendar_day_share
"5""",66-67 Kgs,4 mm,8,Running,October,Week 4,22,28,0.225806,4.645,20.569,calendar_day_share
"5""",66-67 Kgs,4 mm,8,Running,October,Week 5,29,31,0.096774,1.991,20.569,calendar_day_share
"5""",70-72 Kgs,3.65 mm,9,Running,October,Week 1,1,7,0.225806,31.238,138.339,calendar_day_share
"5""",70-72 Kgs,3.65 mm,9,Running,October,Week 2,8,14,0.225806,31.238,138.339,calendar_day_share
"5""",70-72 Kgs,3.65 mm,9,Running,October,Week 3,15,21,0.225806,31.238,138.339,calendar_day_share
"5""",70-72 Kgs,3.65 mm,9,Running,October,Week 4,22,28,0.225806,31.238,138.339,calendar_day_share
"5""",70-72 Kgs,3.65 mm,9,Running,October,Week 5,29,31,0.096774,13.388,138.339,calendar_day_share
"5""",75-76 Kgs,4.5 mm,8,Running,October,Week 1,1,7,0.225806,4.115,18.223,calendar_day_share
"5""",75-76 Kgs,4.5 mm,8,Running,October,Week 2,8,14,0.225806,4.115,18.223,calendar_day_share
"5""",75-76 Kgs,4.5 mm,8,Running,October,Week 3,15,21,0.225806,4.115,18.223,calendar_day_share
"5""",75-76 Kgs,4.5 mm,8,Running,October,Week 4,22,28,0.225806,4.115,18.223,calendar_day_share
"5""",75-76 Kgs,4.5 mm,8,Running,October,Week 5,29,31,0.096774,1.764,18.223,calendar_day_share
"5""",80-82 Kgs,4 mm,8,Running,October,Week 1,1,7,0.225806,7.362,32.602,calendar_day_share
"5""",80-82 Kgs,4 mm,8,Running,October,Week 2,8,14,0.225806,7.362,32.602,calendar_day_share
"5""",80-82 Kgs,4 mm,8,Running,October,Week 3,15,21,0.225806,7.362,32.602,calendar_day_share
"5""",80-82 Kgs,4 mm,8,Running,October,Week 4,22,28,0.225806,7.362,32.602,calendar_day_share
"5""",80-82 Kgs,4 mm,8,Running,October,Week 5,29,31,0.096774,3.155,32.602,calendar_day_share
"5""",88-90 Kgs,4 mm,Unknown,Running,October,Week 1,1,7,0.225806,0.005,0.021,calendar_day_share
"5""",88-90 Kgs,4 mm,Unknown,Running,October,Week 2,8,14,0.225806,0.005,0.021,calendar_day_share
"5""",88-90 Kgs,4 mm,Unknown,Running,October,Week 3,15,21,0.225806,0.005,0.021,calendar_day_share
"5""",88-90 Kgs,4 mm,Unknown,Running,October,Week 4,22,28,0.225806,0.005,0.021,calendar_day_share
"5""",88-90 Kgs,4 mm,Unknown,Running,October,Week 5,29,31,0.096774,0.002,0.021,calendar_day_share
"5""",94-95 Kgs,4.5 mm,5,New,October,Week 1,1,7,0.225806,0.231,1.024,calendar_day_share
"5""",94-95 Kgs,4.5 mm,5,New,October,Week 2,8,14,0.225806,0.231,1.024,calendar_day_share
"5""",94-95 Kgs,4.5 mm,5,New,October,Week 3,15,21,0.225806,0.231,1.024,calendar_day_share
"5""",94-95 Kgs,4.5 mm,5,New,October,Week 4,22,28,0.225806,0.231,1.024,calendar_day_share
"5""",94-95 Kgs,4.5 mm,5,New,October,Week 5,29,31,0.096774,0.099,1.024,calendar_day_share
"5""",95-100 Kgs,6.35 mm,4,Running,October,Week 1,1,7,0.225806,4.586,20.31,calendar_day_share
"5""",95-100 Kgs,6.35 mm,4,Running,October,Week 2,8,14,0.225806,4.586,20.31,calendar_day_share
"5""",95-100 Kgs,6.35 mm,4,Running,October,Week 3,15,21,0.225806,4.586,20.31,calendar_day_share
"5""",95-100 Kgs,6.35 mm,4,Running,October,Week 4,22,28,0.225806,4.586,20.31,calendar_day_share
"5""",95-100 Kgs,6.35 mm,4,Running,October,Week 5,29,31,0.096774,1.965,20.31,calendar_day_share
"6"" O.D",100-103 Kgs,4.25 mm,Unknown,Running,October,Week 1,1,7,0.225806,0.005,0.021,calendar_day_share
"6"" O.D",100-103 Kgs,4.25 mm,Unknown,Running,October,Week 2,8,14,0.225806,0.005,0.021,calendar_day_share
"6"" O.D",100-103 Kgs,4.25 mm,Unknown,Running,October,Week 3,15,21,0.225806,0.005,0.021,calendar_day_share
"6"" O.D",100-103 Kgs,4.25 mm,Unknown,Running,October,Week 4,22,28,0.225806,0.005,0.021,calendar_day_share
"6"" O.D",100-103 Kgs,4.25 mm,Unknown,Running,October,Week 5,29,31,0.096774,0.002,0.021,calendar_day_share
"6"" O.D",108-110 Kgs,4.5 mm,7,Running,October,Week 1,1,7,0.225806,0.005,0.021,calendar_day_share
"6"" O.D",108-110 Kgs,4.5 mm,7,Running,October,Week 2,8,14,0.225806,0.005,0.021,calendar_day_share
"6"" O.D",108-110 Kgs,4.5 mm,7,Running,October,Week 3,15,21,0.225806,0.005,0.021,calendar_day_share
"6"" O.D",108-110 Kgs,4.5 mm,7,Running,October,Week 4,22,28,0.225806,0.005,0.021,calendar_day_share
"6"" O.D",108-110 Kgs,4.5 mm,7,Running,October,Week 5,29,31,0.096774,0.002,0.021,calendar_day_share
"6"" O.D",140-145 Kgs,Unknown,Unknown,Unknown,October,Week 1,1,7,0.225806,0.005,0.021,calendar_day_share
"6"" O.D",140-145 Kgs,Unknown,Unknown,Unknown,October,Week 2,8,14,0.225806,0.005,0.021,calendar_day_share
"6"" O.D",140-145 Kgs,Unknown,Unknown,Unknown,October,Week 3,15,21,0.225806,0.005,0.021,calendar_day_share
"6"" O.D",140-145 Kgs,Unknown,Unknown,Unknown,October,Week 4,22,28,0.225806,0.005,0.021,calendar_day_share
"6"" O.D",140-145 Kgs,Unknown,Unknown,Unknown,October,Week 5,29,31,0.096774,0.002,0.021,calendar_day_share
"6"" O.D",96-97 Kgs,4 mm,Unknown,Running,October,Week 1,1,7,0.225806,14.317,63.403,calendar_day_share
"6"" O.D",96-97 Kgs,4 mm,Unknown,Running,October,Week 2,8,14,0.225806,14.317,63.403,calendar_day_share
"6"" O.D",96-97 Kgs,4 mm,Unknown,Running,October,Week 3,15,21,0.225806,14.317,63.403,calendar_day_share
"6"" O.D",96-97 Kgs,4 mm,Unknown,Running,October,Week 4,22,28,0.225806,14.317,63.403,calendar_day_share
"6"" O.D",96-97 Kgs,4 mm,Unknown,Running,October,Week 5,29,31,0.096774,6.136,63.403,calendar_day_share
"6""",100-103 Kgs,4.25 mm,Unknown,Running,October,Week 1,1,7,0.225806,0.005,0.021,calendar_day_share
"6""",100-103 Kgs,4.25 mm,Unknown,Running,October,Week 2,8,14,0.225806,0.005,0.021,calendar_day_share
"6""",100-103 Kgs,4.25 mm,Unknown,Running,October,Week 3,15,21,0.225806,0.005,0.021,calendar_day_share
"6""",100-103 Kgs,4.25 mm,Unknown,Running,October,Week 4,22,28,0.225806,0.005,0.021,calendar_day_share
"6""",100-103 Kgs,4.25 mm,Unknown,Running,October,Week 5,29,31,0.096774,0.002,0.021,calendar_day_share
"6""",108-110 Kgs,4.5 mm,7,Running,October,Week 1,1,7,0.225806,0.005,0.021,calendar_day_share
"6""",108-110 Kgs,4.5 mm,7,Running,October,Week 2,8,14,0.225806,0.005,0.021,calendar_day_share
"6""",108-110 Kgs,4.5 mm,7,Running,October,Week 3,15,21,0.225806,0.005,0.021,calendar_day_share
"6""",108-110 Kgs,4.5 mm,7,Running,October,Week 4,22,28,0.225806,0.005,0.021,calendar_day_share
"6""",108-110 Kgs,4.5 mm,7,Running,October,Week 5,29,31,0.096774,0.002,0.021,calendar_day_share
"6""",112-114 Kgs,4.75 mm,6,Running,October,Week 1,1,7,0.225806,0.015,0.066,calendar_day_share
"6""",112-114 Kgs,4.75 mm,6,Running,October,Week 2,8,14,0.225806,0.015,0.066,calendar_day_share
"6""",112-114 Kgs,4.75 mm,6,Running,October,Week 3,15,21,0.225806,0.015,0.066,calendar_day_share
"6""",112-114 Kgs,4.75 mm,6,Running,October,Week 4,22,28,0.225806,0.015,0.066,calendar_day_share
"6""",112-114 Kgs,4.75 mm,6,Running,October,Week 5,29,31,0.096774,0.006,0.066,calendar_day_share
"6""",113-114 Kgs,6 mm,4,Running,October,Week 1,1,7,0.225806,0.398,1.762,calendar_day_share
"6""",113-114 Kgs,6 mm,4,Running,October,Week 2,8,14,0.225806,0.398,1.762,calendar_day_share
"6""",113-114 Kgs,6 mm,4,Running,October,Week 3,15,21,0.225806,0.398,1.762,calendar_day_share
"6""",113-114 Kgs,6 mm,4,Running,October,Week 4,22,28,0.225806,0.398,1.762,calendar_day_share
"6""",113-114 Kgs,6 mm,4,Running,October,Week 5,29,31,0.096774,0.171,1.762,calendar_day_share
"6""",35- 36 Kgs,1.6 mm,16,Running,October,Week 1,1,7,0.225806,0.204,0.902,calendar_day_share
"6""",35- 36 Kgs,1.6 mm,16,Running,October,Week 2,8,14,0.225806,0.204,0.902,calendar_day_share
"6""",35- 36 Kgs,1.6 mm,16,Running,October,Week 3,15,21,0.225806,0.204,0.902,calendar_day_share
"6""",35- 36 Kgs,1.6 mm,16,Running,October,Week 4,22,28,0.225806,0.204,0.902,calendar_day_share
"6""",35- 36 Kgs,1.6 mm,16,Running,October,Week 5,29,31,0.096774,0.087,0.902,calendar_day_share
"6""",37-38 Kgs,2 mm,14,Running,October,Week 1,1,7,0.225806,6.381,28.259,calendar_day_share
"6""",37-38 Kgs,2 mm,14,Running,October,Week 2,8,14,0.225806,6.381,28.259,calendar_day_share
"6""",37-38 Kgs,2 mm,14,Running,October,Week 3,15,21,0.225806,6.381,28.259,calendar_day_share
"6""",37-38 Kgs,2 mm,14,Running,October,Week 4,22,28,0.225806,6.381,28.259,calendar_day_share
"6""",37-38 Kgs,2 mm,14,Running,October,Week 5,29,31,0.096774,2.735,28.259,calendar_day_share
"6""",48-50 Kgs,2 mm,14,Running,October,Week 1,1,7,0.225806,3.325,14.723,calendar_day_share
"6""",48-50 Kgs,2 mm,14,Running,October,Week 2,8,14,0.225806,3.325,14.723,calendar_day_share
"6""",48-50 Kgs,2 mm,14,Running,October,Week 3,15,21,0.225806,3.325,14.723,calendar_day_share
"6""",48-50 Kgs,2 mm,14,Running,October,Week 4,22,28,0.225806,3.325,14.723,calendar_day_share
"6""",48-50 Kgs,2 mm,14,Running,October,Week 5,29,31,0.096774,1.425,14.723,calendar_day_share
"6""",52-54 Kgs,2 mm,14,Running,October,Week 1,1,7,0.225806,0.866,3.835,calendar_day_share
"6""",52-54 Kgs,2 mm,14,Running,October,Week 2,8,14,0.225806,0.866,3.835,calendar_day_share
"6""",52-54 Kgs,2 mm,14,Running,October,Week 3,15,21,0.225806,0.866,3.835,calendar_day_share
"6""",52-54 Kgs,2 mm,14,Running,October,Week 4,22,28,0.225806,0.866,3.835,calendar_day_share
"6""",52-54 Kgs,2 mm,14,Running,October,Week 5,29,31,0.096774,0.371,3.835,calendar_day_share
"6""",60-62 Kgs,2.35 mm,12,Running,October,Week 1,1,7,0.225806,0.828,3.666,calendar_day_share
"6""",60-62 Kgs,2.35 mm,12,Running,October,Week 2,8,14,0.225806,0.828,3.666,calendar_day_share
"6""",60-62 Kgs,2.35 mm,12,Running,October,Week 3,15,21,0.225806,0.828,3.666,calendar_day_share
"6""",60-62 Kgs,2.35 mm,12,Running,October,Week 4,22,28,0.225806,0.828,3.666,calendar_day_share
"6""",60-62 Kgs,2.35 mm,12,Running,October,Week 5,29,31,0.096774,0.355,3.666,calendar_day_share
"6""",68-69 Kgs,Unknown,Unknown,Running,October,Week 1,1,7,0.225806,0.06,0.267,calendar_day_share
"6""",68-69 Kgs,Unknown,Unknown,Running,October,Week 2,8,14,0.225806,0.06,0.267,calendar_day_share
"6""",68-69 Kgs,Unknown,Unknown,Running,October,Week 3,15,21,0.225806,0.06,0.267,calendar_day_share
"6""",68-69 Kgs,Unknown,Unknown,Running,October,Week 4,22,28,0.225806,0.06,0.267,calendar_day_share
"6""",68-69 Kgs,Unknown,Unknown,Running,October,Week 5,29,31,0.096774,0.026,0.267,calendar_day_share
"6""",72-74 Kgs,3.25 mm,10,Running,October,Week 1,1,7,0.225806,23.737,105.122,calendar_day_share
"6""",72-74 Kgs,3.25 mm,10,Running,October,Week 2,8,14,0.225806,23.737,105.122,calendar_day_share
"6""",72-74 Kgs,3.25 mm,10,Running,October,Week 3,15,21,0.225806,23.737,105.122,calendar_day_share
"6""",72-74 Kgs,3.25 mm,10,Running,October,Week 4,22,28,0.225806,23.737,105.122,calendar_day_share
"6""",72-74 Kgs,3.25 mm,10,Running,October,Week 5,29,31,0.096774,10.173,105.122,calendar_day_share
"6""",75-76 Kgs,3.65 mm,9,Running,October,Week 1,1,7,0.225806,0.265,1.172,calendar_day_share
"6""",75-76 Kgs,3.65 mm,9,Running,October,Week 2,8,14,0.225806,0.265,1.172,calendar_day_share
"6""",75-76 Kgs,3.65 mm,9,Running,October,Week 3,15,21,0.225806,0.265,1.172,calendar_day_share
"6""",75-76 Kgs,3.65 mm,9,Running,October,Week 4,22,28,0.225806,0.265,1.172,calendar_day_share
"6""",75-76 Kgs,3.65 mm,9,Running,October,Week 5,29,31,0.096774,0.113,1.172,calendar_day_share
"6""",78-80 Kgs,3.65 mm,9,Running,October,Week 1,1,7,0.225806,0.038,0.169,calendar_day_share
"6""",78-80 Kgs,3.65 mm,9,Running,October,Week 2,8,14,0.225806,0.038,0.169,calendar_day_share
"6""",78-80 Kgs,3.65 mm,9,Running,October,Week 3,15,21,0.225806,0.038,0.169,calendar_day_share
"6""",78-80 Kgs,3.65 mm,9,Running,October,Week 4,22,28,0.225806,0.038,0.169,calendar_day_share
"6""",78-80 Kgs,3.65 mm,9,Running,October,Week 5,29,31,0.096774,0.016,0.169,calendar_day_share
"6""",84-86 Kgs,3.65 mm,9,Running,October,Week 1,1,7,0.225806,15.37,68.067,calendar_day_share
"6""",84-86 Kgs,3.65 mm,9,Running,October,Week 2,8,14,0.225806,15.37,68.067,calendar_day_share
"6""",84-86 Kgs,3.65 mm,9,Running,October,Week 3,15,21,0.225806,15.37,68.067,calendar_day_share
"6""",84-86 Kgs,3.65 mm,9,Running,October,Week 4,22,28,0.225806,15.37,68.067,calendar_day_share
"6""",84-86 Kgs,3.65 mm,9,Running,October,Week 5,29,31,0.096774,6.587,68.067,calendar_day_share
"6""",96-97 Kgs,4 mm,Unknown,Running,October,Week 1,1,7,0.225806,0.472,2.089,calendar_day_share
"6""",96-97 Kgs,4 mm,Unknown,Running,October,Week 2,8,14,0.225806,0.472,2.089,calendar_day_share
"6""",96-97 Kgs,4 mm,Unknown,Running,October,Week 3,15,21,0.225806,0.472,2.089,calendar_day_share
"6""",96-97 Kgs,4 mm,Unknown,Running,October,Week 4,22,28,0.225806,0.472,2.089,calendar_day_share
"6""",96-97 Kgs,4 mm,Unknown,Running,October,Week 5,29,31,0.096774,0.202,2.089,calendar_day_share
"7""",100-103 Kgs,4.25 mm,Unknown,Running,October,Week 1,1,7,0.225806,0.039,0.173,calendar_day_share
"7""",100-103 Kgs,4.25 mm,Unknown,Running,October,Week 2,8,14,0.225806,0.039,0.173,calendar_day_share
"7""",100-103 Kgs,4.25 mm,Unknown,Running,October,Week 3,15,21,0.225806,0.039,0.173,calendar_day_share
"7""",100-103 Kgs,4.25 mm,Unknown,Running,October,Week 4,22,28,0.225806,0.039,0.173,calendar_day_share
"7""",100-103 Kgs,4.25 mm,Unknown,Running,October,Week 5,29,31,0.096774,0.017,0.173,calendar_day_share
"7""",108-110 Kgs,4.5 mm,7,Running,October,Week 1,1,7,0.225806,0.054,0.238,calendar_day_share
"7""",108-110 Kgs,4.5 mm,7,Running,October,Week 2,8,14,0.225806,0.054,0.238,calendar_day_share
"7""",108-110 Kgs,4.5 mm,7,Running,October,Week 3,15,21,0.225806,0.054,0.238,calendar_day_share
"7""",108-110 Kgs,4.5 mm,7,Running,October,Week 4,22,28,0.225806,0.054,0.238,calendar_day_share
"7""",108-110 Kgs,4.5 mm,7,Running,October,Week 5,29,31,0.096774,0.023,0.238,calendar_day_share
"7""",110-112 Kgs,Unknown,Unknown,Running,October,Week 1,1,7,0.225806,1.991,8.816,calendar_day_share
"7""",110-112 Kgs,Unknown,Unknown,Running,October,Week 2,8,14,0.225806,1.991,8.816,calendar_day_share
"7""",110-112 Kgs,Unknown,Unknown,Running,October,Week 3,15,21,0.225806,1.991,8.816,calendar_day_share
"7""",110-112 Kgs,Unknown,Unknown,Running,October,Week 4,22,28,0.225806,1.991,8.816,calendar_day_share
"7""",110-112 Kgs,Unknown,Unknown,Running,October,Week 5,29,31,0.096774,0.853,8.816,calendar_day_share
"7""",112-114 Kgs,4.75 mm,6,Running,October,Week 1,1,7,0.225806,9.163,40.581,calendar_day_share
"7""",112-114 Kgs,4.75 mm,6,Running,October,Week 2,8,14,0.225806,9.163,40.581,calendar_day_share
"7""",112-114 Kgs,4.75 mm,6,Running,October,Week 3,15,21,0.225806,9.163,40.581,calendar_day_share
"7""",112-114 Kgs,4.75 mm,6,Running,October,Week 4,22,28,0.225806,9.163,40.581,calendar_day_share
"7""",112-114 Kgs,4.75 mm,6,Running,October,Week 5,29,31,0.096774,3.927,40.581,calendar_day_share
"7""",140-145 Kgs,Unknown,Unknown,Unknown,October,Week 1,1,7,0.225806,0.06,0.267,calendar_day_share
"7""",140-145 Kgs,Unknown,Unknown,Unknown,October,Week 2,8,14,0.225806,0.06,0.267,calendar_day_share
"7""",140-145 Kgs,Unknown,Unknown,Unknown,October,Week 3,15,21,0.225806,0.06,0.267,calendar_day_share
"7""",140-145 Kgs,Unknown,Unknown,Unknown,October,Week 4,22,28,0.225806,0.06,0.267,calendar_day_share
"7""",140-145 Kgs,Unknown,Unknown,Unknown,October,Week 5,29,31,0.096774,0.026,0.267,calendar_day_share
"7""",60-62 Kgs,Unknown,Unknown,Running,October,Week 1,1,7,0.225806,0.077,0.34,calendar_day_share
"7""",60-62 Kgs,Unknown,Unknown,Running,October,Week 2,8,14,0.225806,0.077,0.34,calendar_day_share
"7""",60-62 Kgs,Unknown,Unknown,Running,October,Week 3,15,21,0.225806,0.077,0.34,calendar_day_share
"7""",60-62 Kgs,Unknown,Unknown,Running,October,Week 4,22,28,0.225806,0.077,0.34,calendar_day_share
"7""",60-62 Kgs,Unknown,Unknown,Running,October,Week 5,29,31,0.096774,0.033,0.34,calendar_day_share
¾”,4-4½ Kgs,1.2 mm,18,Running,October,Week 1,1,7,0.225806,4.994,22.116,calendar_day_share
¾”,4-4½ Kgs,1.2 mm,18,Running,October,Week 2,8,14,0.225806,4.994,22.116,calendar_day_share
¾”,4-4½ Kgs,1.2 mm,18,Running,October,Week 3,15,21,0.225806,4.994,22.116,calendar_day_share
¾”,4-4½ Kgs,1.2 mm,18,Running,October,Week 4,22,28,0.225806,4.994,22.116,calendar_day_share
¾”,4-4½ Kgs,1.2 mm,18,Running,October,Week 5,29,31,0.096774,2.14,22.116,calendar_day_share
¾”,5½-6 Kgs,1.6 mm,16,Running,October,Week 1,1,7,0.225806,0.072,0.318,calendar_day_share
¾”,5½-6 Kgs,1.6 mm,16,Running,October,Week 2,8,14,0.225806,0.072,0.318,calendar_day_share
¾”,5½-6 Kgs,1.6 mm,16,Running,October,Week 3,15,21,0.225806,0.072,0.318,calendar_day_share
¾”,5½-6 Kgs,1.6 mm,16,Running,October,Week 4,22,28,0.225806,0.072,0.318,calendar_day_share
¾”,5½-6 Kgs,1.6 mm,16,Running,October,Week 5,29,31,0.096774,0.031,0.318,calendar_day_share
¾”,6 -7 Kgs,2 mm,14,Running,October,Week 1,1,7,0.225806,30.266,134.034,calendar_day_share
¾”,6 -7 Kgs,2 mm,14,Running,October,Week 2,8,14,0.225806,30.266,134.034,calendar_day_share
¾”,6 -7 Kgs,2 mm,14,Running,October,Week 3,15,21,0.225806,30.266,134.034,calendar_day_share
¾”,6 -7 Kgs,2 mm,14,Running,October,Week 4,22,28,0.225806,30.266,134.034,calendar_day_share
¾”,6 -7 Kgs,2 mm,14,Running,October,Week 5,29,31,0.096774,12.971,134.034,calendar_day_share
¾”,7 -7½ Kgs,2 mm,14,Running,October,Week 1,1,7,0.225806,19,84.143,calendar_day_share
¾”,7 -7½ Kgs,2 mm,14,Running,October,Week 2,8,14,0.225806,19,84.143,calendar_day_share
¾”,7 -7½ Kgs,2 mm,14,Running,October,Week 3,15,21,0.225806,19,84.143,calendar_day_share
¾”,7 -7½ Kgs,2 mm,14,Running,October,Week 4,22,28,0.225806,19,84.143,calendar_day_share
¾”,7 -7½ Kgs,2 mm,14,Running,October,Week 5,29,31,0.096774,8.143,84.143,calendar_day_share
¾”,8-8½ Kgs,2.35 mm,12,Running,October,Week 1,1,7,0.225806,0.645,2.858,calendar_day_share
¾”,8-8½ Kgs,2.35 mm,12,Running,October,Week 2,8,14,0.225806,0.645,2.858,calendar_day_share
¾”,8-8½ Kgs,2.35 mm,12,Running,October,Week 3,15,21,0.225806,0.645,2.858,calendar_day_share
¾”,8-8½ Kgs,2.35 mm,12,Running,October,Week 4,22,28,0.225806,0.645,2.858,calendar_day_share
¾”,8-8½ Kgs,2.35 mm,12,Running,October,Week 5,29,31,0.096774,0.277,2.858,calendar_day_share
"1""",11-12 Kgs,2.35 mm,12,Running,November,Week 1,1,7,0.233333,19.385,83.08,calendar_day_share
"1""",11-12 Kgs,2.35 mm,12,Running,November,Week 2,8,14,0.233333,19.385,83.08,calendar_day_share
"1""",11-12 Kgs,2.35 mm,12,Running,November,Week 3,15,21,0.233333,19.385,83.08,calendar_day_share
"1""",11-12 Kgs,2.35 mm,12,Running,November,Week 4,22,28,0.233333,19.385,83.08,calendar_day_share
"1""",11-12 Kgs,2.35 mm,12,Running,November,Week 5,29,30,0.066667,5.539,83.08,calendar_day_share
"1""",13-14 Kgs,2.35 mm,10,Running,November,Week 1,1,7,0.233333,30.918,132.506,calendar_day_share
"1""",13-14 Kgs,2.35 mm,10,Running,November,Week 2,8,14,0.233333,30.918,132.506,calendar_day_share
"1""",13-14 Kgs,2.35 mm,10,Running,November,Week 3,15,21,0.233333,30.918,132.506,calendar_day_share
"1""",13-14 Kgs,2.35 mm,10,Running,November,Week 4,22,28,0.233333,30.918,132.506,calendar_day_share
"1""",13-14 Kgs,2.35 mm,10,Running,November,Week 5,29,30,0.066667,8.834,132.506,calendar_day_share
"1""",13-14 Kgs,3.25 mm,10,Running,November,Week 1,1,7,0.233333,0.57,2.441,calendar_day_share
"1""",13-14 Kgs,3.25 mm,10,Running,November,Week 2,8,14,0.233333,0.57,2.441,calendar_day_share
"1""",13-14 Kgs,3.25 mm,10,Running,November,Week 3,15,21,0.233333,0.57,2.441,calendar_day_share
"1""",13-14 Kgs,3.25 mm,10,Running,November,Week 4,22,28,0.233333,0.57,2.441,calendar_day_share
"1""",13-14 Kgs,3.25 mm,10,Running,November,Week 5,29,30,0.066667,0.163,2.441,calendar_day_share
"1""",17-18 Kgs,3.25 mm,10,Running,November,Week 1,1,7,0.233333,3.373,14.454,calendar_day_share
"1""",17-18 Kgs,3.25 mm,10,Running,November,Week 2,8,14,0.233333,3.373,14.454,calendar_day_share
"1""",17-18 Kgs,3.25 mm,10,Running,November,Week 3,15,21,0.233333,3.373,14.454,calendar_day_share
"1""",17-18 Kgs,3.25 mm,10,Running,November,Week 4,22,28,0.233333,3.373,14.454,calendar_day_share
"1""",17-18 Kgs,3.25 mm,10,Running,November,Week 5,29,30,0.066667,0.964,14.454,calendar_day_share
"1""",7-8 Kgs,1.6 mm,16,Running,November,Week 1,1,7,0.233333,22.864,97.989,calendar_day_share
"1""",7-8 Kgs,1.6 mm,16,Running,November,Week 2,8,14,0.233333,22.864,97.989,calendar_day_share
"1""",7-8 Kgs,1.6 mm,16,Running,November,Week 3,15,21,0.233333,22.864,97.989,calendar_day_share
"1""",7-8 Kgs,1.6 mm,16,Running,November,Week 4,22,28,0.233333,22.864,97.989,calendar_day_share
"1""",7-8 Kgs,1.6 mm,16,Running,November,Week 5,29,30,0.066667,6.533,97.989,calendar_day_share
"1""",9-10 Kgs,2 mm,14,Running,November,Week 1,1,7,0.233333,66.754,286.089,calendar_day_share
"1""",9-10 Kgs,2 mm,14,Running,November,Week 2,8,14,0.233333,66.754,286.089,calendar_day_share
"1""",9-10 Kgs,2 mm,14,Running,November,Week 3,15,21,0.233333,66.754,286.089,calendar_day_share
"1""",9-10 Kgs,2 mm,14,Running,November,Week 4,22,28,0.233333,66.754,286.089,calendar_day_share
"1""",9-10 Kgs,2 mm,14,Running,November,Week 5,29,30,0.066667,19.073,286.089,calendar_day_share
"1""",Unknown,Unknown,10,Running,November,Week 1,1,7,0.233333,0.034,0.148,calendar_day_share
"1""",Unknown,Unknown,10,Running,November,Week 2,8,14,0.233333,0.034,0.148,calendar_day_share
"1""",Unknown,Unknown,10,Running,November,Week 3,15,21,0.233333,0.034,0.148,calendar_day_share
"1""",Unknown,Unknown,10,Running,November,Week 4,22,28,0.233333,0.034,0.148,calendar_day_share
"1""",Unknown,Unknown,10,Running,November,Week 5,29,30,0.066667,0.01,0.148,calendar_day_share
"1¼""",10-11 Kgs,1.6 mm,16,Running,November,Week 1,1,7,0.233333,28.291,121.247,calendar_day_share
"1¼""",10-11 Kgs,1.6 mm,16,Running,November,Week 2,8,14,0.233333,28.291,121.247,calendar_day_share
"1¼""",10-11 Kgs,1.6 mm,16,Running,November,Week 3,15,21,0.233333,28.291,121.247,calendar_day_share
"1¼""",10-11 Kgs,1.6 mm,16,Running,November,Week 4,22,28,0.233333,28.291,121.247,calendar_day_share
"1¼""",10-11 Kgs,1.6 mm,16,Running,November,Week 5,29,30,0.066667,8.083,121.247,calendar_day_share
"1¼""",12-13 Kgs,2 mm,14,Running,November,Week 1,1,7,0.233333,42.135,180.578,calendar_day_share
"1¼""",12-13 Kgs,2 mm,14,Running,November,Week 2,8,14,0.233333,42.135,180.578,calendar_day_share
"1¼""",12-13 Kgs,2 mm,14,Running,November,Week 3,15,21,0.233333,42.135,180.578,calendar_day_share
"1¼""",12-13 Kgs,2 mm,14,Running,November,Week 4,22,28,0.233333,42.135,180.578,calendar_day_share
"1¼""",12-13 Kgs,2 mm,14,Running,November,Week 5,29,30,0.066667,12.039,180.578,calendar_day_share
"1¼""",15-16 Kgs,2.65 mm,12,Running,November,Week 1,1,7,0.233333,19.328,82.836,calendar_day_share
"1¼""",15-16 Kgs,2.65 mm,12,Running,November,Week 2,8,14,0.233333,19.328,82.836,calendar_day_share
"1¼""",15-16 Kgs,2.65 mm,12,Running,November,Week 3,15,21,0.233333,19.328,82.836,calendar_day_share
"1¼""",15-16 Kgs,2.65 mm,12,Running,November,Week 4,22,28,0.233333,19.328,82.836,calendar_day_share
"1¼""",15-16 Kgs,2.65 mm,12,Running,November,Week 5,29,30,0.066667,5.522,82.836,calendar_day_share
"1¼""",17-18 Kgs,2.65 mm,12,Running,November,Week 1,1,7,0.233333,5.059,21.68,calendar_day_share
"1¼""",17-18 Kgs,2.65 mm,12,Running,November,Week 2,8,14,0.233333,5.059,21.68,calendar_day_share
"1¼""",17-18 Kgs,2.65 mm,12,Running,November,Week 3,15,21,0.233333,5.059,21.68,calendar_day_share
"1¼""",17-18 Kgs,2.65 mm,12,Running,November,Week 4,22,28,0.233333,5.059,21.68,calendar_day_share
"1¼""",17-18 Kgs,2.65 mm,12,Running,November,Week 5,29,30,0.066667,1.445,21.68,calendar_day_share
"1¼""",17-18 Kgs,3 mm,10,Running,November,Week 1,1,7,0.233333,0.023,0.097,calendar_day_share
"1¼""",17-18 Kgs,3 mm,10,Running,November,Week 2,8,14,0.233333,0.023,0.097,calendar_day_share
"1¼""",17-18 Kgs,3 mm,10,Running,November,Week 3,15,21,0.233333,0.023,0.097,calendar_day_share
"1¼""",17-18 Kgs,3 mm,10,Running,November,Week 4,22,28,0.233333,0.023,0.097,calendar_day_share
"1¼""",17-18 Kgs,3 mm,10,Running,November,Week 5,29,30,0.066667,0.006,0.097,calendar_day_share
"1¼""",19-20 Kgs,3 mm,10,Running,November,Week 1,1,7,0.233333,4.814,20.632,calendar_day_share
"1¼""",19-20 Kgs,3 mm,10,Running,November,Week 2,8,14,0.233333,4.814,20.632,calendar_day_share
"1¼""",19-20 Kgs,3 mm,10,Running,November,Week 3,15,21,0.233333,4.814,20.632,calendar_day_share
"1¼""",19-20 Kgs,3 mm,10,Running,November,Week 4,22,28,0.233333,4.814,20.632,calendar_day_share
"1¼""",19-20 Kgs,3 mm,10,Running,November,Week 5,29,30,0.066667,1.375,20.632,calendar_day_share
"1¼""",21-22 Kgs,3.65 mm,9,Running,November,Week 1,1,7,0.233333,0.255,1.092,calendar_day_share
"1¼""",21-22 Kgs,3.65 mm,9,Running,November,Week 2,8,14,0.233333,0.255,1.092,calendar_day_share
"1¼""",21-22 Kgs,3.65 mm,9,Running,November,Week 3,15,21,0.233333,0.255,1.092,calendar_day_share
"1¼""",21-22 Kgs,3.65 mm,9,Running,November,Week 4,22,28,0.233333,0.255,1.092,calendar_day_share
"1¼""",21-22 Kgs,3.65 mm,9,Running,November,Week 5,29,30,0.066667,0.073,1.092,calendar_day_share
"1¼""",22-23 Kgs,3.65 mm,9,Running,November,Week 1,1,7,0.233333,0.206,0.881,calendar_day_share
"1¼""",22-23 Kgs,3.65 mm,9,Running,November,Week 2,8,14,0.233333,0.206,0.881,calendar_day_share
"1¼""",22-23 Kgs,3.65 mm,9,Running,November,Week 3,15,21,0.233333,0.206,0.881,calendar_day_share
"1¼""",22-23 Kgs,3.65 mm,9,Running,November,Week 4,22,28,0.233333,0.206,0.881,calendar_day_share
"1¼""",22-23 Kgs,3.65 mm,9,Running,November,Week 5,29,30,0.066667,0.059,0.881,calendar_day_share
"1¼""",8-9 Kgs,1.2 mm,18,Running,November,Week 1,1,7,0.233333,0.012,0.053,calendar_day_share
"1¼""",8-9 Kgs,1.2 mm,18,Running,November,Week 2,8,14,0.233333,0.012,0.053,calendar_day_share
"1¼""",8-9 Kgs,1.2 mm,18,Running,November,Week 3,15,21,0.233333,0.012,0.053,calendar_day_share
"1¼""",8-9 Kgs,1.2 mm,18,Running,November,Week 4,22,28,0.233333,0.012,0.053,calendar_day_share
"1¼""",8-9 Kgs,1.2 mm,18,Running,November,Week 5,29,30,0.066667,0.004,0.053,calendar_day_share
"1½""",10-11 Kgs,1.6 mm,16,Running,November,Week 1,1,7,0.233333,46.842,200.753,calendar_day_share
"1½""",10-11 Kgs,1.6 mm,16,Running,November,Week 2,8,14,0.233333,46.842,200.753,calendar_day_share
"1½""",10-11 Kgs,1.6 mm,16,Running,November,Week 3,15,21,0.233333,46.842,200.753,calendar_day_share
"1½""",10-11 Kgs,1.6 mm,16,Running,November,Week 4,22,28,0.233333,46.842,200.753,calendar_day_share
"1½""",10-11 Kgs,1.6 mm,16,Running,November,Week 5,29,30,0.066667,13.384,200.753,calendar_day_share
"1½""",13-14 Kgs,1.8 mm,14,Running,November,Week 1,1,7,0.233333,0.635,2.72,calendar_day_share
"1½""",13-14 Kgs,1.8 mm,14,Running,November,Week 2,8,14,0.233333,0.635,2.72,calendar_day_share
"1½""",13-14 Kgs,1.8 mm,14,Running,November,Week 3,15,21,0.233333,0.635,2.72,calendar_day_share
"1½""",13-14 Kgs,1.8 mm,14,Running,November,Week 4,22,28,0.233333,0.635,2.72,calendar_day_share
"1½""",13-14 Kgs,1.8 mm,14,Running,November,Week 5,29,30,0.066667,0.181,2.72,calendar_day_share
"1½""",13-14 Kgs,2 mm,14,Running,November,Week 1,1,7,0.233333,98.283,421.211,calendar_day_share
"1½""",13-14 Kgs,2 mm,14,Running,November,Week 2,8,14,0.233333,98.283,421.211,calendar_day_share
"1½""",13-14 Kgs,2 mm,14,Running,November,Week 3,15,21,0.233333,98.283,421.211,calendar_day_share
"1½""",13-14 Kgs,2 mm,14,Running,November,Week 4,22,28,0.233333,98.283,421.211,calendar_day_share
"1½""",13-14 Kgs,2 mm,14,Running,November,Week 5,29,30,0.066667,28.081,421.211,calendar_day_share
"1½""",15-16 Kgs,2 mm,12,Running,November,Week 1,1,7,0.233333,0.331,1.419,calendar_day_share
"1½""",15-16 Kgs,2 mm,12,Running,November,Week 2,8,14,0.233333,0.331,1.419,calendar_day_share
"1½""",15-16 Kgs,2 mm,12,Running,November,Week 3,15,21,0.233333,0.331,1.419,calendar_day_share
"1½""",15-16 Kgs,2 mm,12,Running,November,Week 4,22,28,0.233333,0.331,1.419,calendar_day_share
"1½""",15-16 Kgs,2 mm,12,Running,November,Week 5,29,30,0.066667,0.095,1.419,calendar_day_share
"1½""",17-18 Kgs,2.65 mm,10,Running,November,Week 1,1,7,0.233333,1.235,5.293,calendar_day_share
"1½""",17-18 Kgs,2.65 mm,10,Running,November,Week 2,8,14,0.233333,1.235,5.293,calendar_day_share
"1½""",17-18 Kgs,2.65 mm,10,Running,November,Week 3,15,21,0.233333,1.235,5.293,calendar_day_share
"1½""",17-18 Kgs,2.65 mm,10,Running,November,Week 4,22,28,0.233333,1.235,5.293,calendar_day_share
"1½""",17-18 Kgs,2.65 mm,10,Running,November,Week 5,29,30,0.066667,0.353,5.293,calendar_day_share
"1½""",17-18 Kgs,2.65 mm,11,Running,November,Week 1,1,7,0.233333,0.88,3.773,calendar_day_share
"1½""",17-18 Kgs,2.65 mm,11,Running,November,Week 2,8,14,0.233333,0.88,3.773,calendar_day_share
"1½""",17-18 Kgs,2.65 mm,11,Running,November,Week 3,15,21,0.233333,0.88,3.773,calendar_day_share
"1½""",17-18 Kgs,2.65 mm,11,Running,November,Week 4,22,28,0.233333,0.88,3.773,calendar_day_share
"1½""",17-18 Kgs,2.65 mm,11,Running,November,Week 5,29,30,0.066667,0.252,3.773,calendar_day_share
"1½""",20-21 Kgs,2.9 mm,10,Running,November,Week 1,1,7,0.233333,0.638,2.732,calendar_day_share
"1½""",20-21 Kgs,2.9 mm,10,Running,November,Week 2,8,14,0.233333,0.638,2.732,calendar_day_share
"1½""",20-21 Kgs,2.9 mm,10,Running,November,Week 3,15,21,0.233333,0.638,2.732,calendar_day_share
"1½""",20-21 Kgs,2.9 mm,10,Running,November,Week 4,22,28,0.233333,0.638,2.732,calendar_day_share
"1½""",20-21 Kgs,2.9 mm,10,Running,November,Week 5,29,30,0.066667,0.182,2.732,calendar_day_share
"1½""",23-24 Kgs,3.65 mm,9,Running,November,Week 1,1,7,0.233333,8.099,34.71,calendar_day_share
"1½""",23-24 Kgs,3.65 mm,9,Running,November,Week 2,8,14,0.233333,8.099,34.71,calendar_day_share
"1½""",23-24 Kgs,3.65 mm,9,Running,November,Week 3,15,21,0.233333,8.099,34.71,calendar_day_share
"1½""",23-24 Kgs,3.65 mm,9,Running,November,Week 4,22,28,0.233333,8.099,34.71,calendar_day_share
"1½""",23-24 Kgs,3.65 mm,9,Running,November,Week 5,29,30,0.066667,2.314,34.71,calendar_day_share
"1½""",25-26 Kgs,4 mm,8,Running,November,Week 1,1,7,0.233333,0.006,0.026,calendar_day_share
"1½""",25-26 Kgs,4 mm,8,Running,November,Week 2,8,14,0.233333,0.006,0.026,calendar_day_share
"1½""",25-26 Kgs,4 mm,8,Running,November,Week 3,15,21,0.233333,0.006,0.026,calendar_day_share
"1½""",25-26 Kgs,4 mm,8,Running,November,Week 4,22,28,0.233333,0.006,0.026,calendar_day_share
"1½""",25-26 Kgs,4 mm,8,Running,November,Week 5,29,30,0.066667,0.002,0.026,calendar_day_share
"2""",13-14 Kgs,1.6 mm,16,Running,November,Week 1,1,7,0.233333,32.883,140.926,calendar_day_share
"2""",13-14 Kgs,1.6 mm,16,Running,November,Week 2,8,14,0.233333,32.883,140.926,calendar_day_share
"2""",13-14 Kgs,1.6 mm,16,Running,November,Week 3,15,21,0.233333,32.883,140.926,calendar_day_share
"2""",13-14 Kgs,1.6 mm,16,Running,November,Week 4,22,28,0.233333,32.883,140.926,calendar_day_share
"2""",13-14 Kgs,1.6 mm,16,Running,November,Week 5,29,30,0.066667,9.395,140.926,calendar_day_share
"2""",16-17 Kgs,2.0 mm,14,Running,November,Week 1,1,7,0.233333,100.855,432.234,calendar_day_share
"2""",16-17 Kgs,2.0 mm,14,Running,November,Week 2,8,14,0.233333,100.855,432.234,calendar_day_share
"2""",16-17 Kgs,2.0 mm,14,Running,November,Week 3,15,21,0.233333,100.855,432.234,calendar_day_share
"2""",16-17 Kgs,2.0 mm,14,Running,November,Week 4,22,28,0.233333,100.855,432.234,calendar_day_share
"2""",16-17 Kgs,2.0 mm,14,Running,November,Week 5,29,30,0.066667,28.816,432.234,calendar_day_share
"2""",16-17½ Kgs,2 mm,14,Running,November,Week 1,1,7,0.233333,0.015,0.065,calendar_day_share
"2""",16-17½ Kgs,2 mm,14,Running,November,Week 2,8,14,0.233333,0.015,0.065,calendar_day_share
"2""",16-17½ Kgs,2 mm,14,Running,November,Week 3,15,21,0.233333,0.015,0.065,calendar_day_share
"2""",16-17½ Kgs,2 mm,14,Running,November,Week 4,22,28,0.233333,0.015,0.065,calendar_day_share
"2""",16-17½ Kgs,2 mm,14,Running,November,Week 5,29,30,0.066667,0.004,0.065,calendar_day_share
"2""",20-21 Kgs,2.35 mm,12,Running,November,Week 1,1,7,0.233333,50.898,218.133,calendar_day_share
"2""",20-21 Kgs,2.35 mm,12,Running,November,Week 2,8,14,0.233333,50.898,218.133,calendar_day_share
"2""",20-21 Kgs,2.35 mm,12,Running,November,Week 3,15,21,0.233333,50.898,218.133,calendar_day_share
"2""",20-21 Kgs,2.35 mm,12,Running,November,Week 4,22,28,0.233333,50.898,218.133,calendar_day_share
"2""",20-21 Kgs,2.35 mm,12,Running,November,Week 5,29,30,0.066667,14.542,218.133,calendar_day_share
"2""",25-26 Kgs,3.25 mm,10,Running,November,Week 1,1,7,0.233333,44.903,192.439,calendar_day_share
"2""",25-26 Kgs,3.25 mm,10,Running,November,Week 2,8,14,0.233333,44.903,192.439,calendar_day_share
"2""",25-26 Kgs,3.25 mm,10,Running,November,Week 3,15,21,0.233333,44.903,192.439,calendar_day_share
"2""",25-26 Kgs,3.25 mm,10,Running,November,Week 4,22,28,0.233333,44.903,192.439,calendar_day_share
"2""",25-26 Kgs,3.25 mm,10,Running,November,Week 5,29,30,0.066667,12.829,192.439,calendar_day_share
"2""",29-30 Kgs,3.65 mm,9,Running,November,Week 1,1,7,0.233333,6.704,28.731,calendar_day_share
"2""",29-30 Kgs,3.65 mm,9,Running,November,Week 2,8,14,0.233333,6.704,28.731,calendar_day_share
"2""",29-30 Kgs,3.65 mm,9,Running,November,Week 3,15,21,0.233333,6.704,28.731,calendar_day_share
"2""",29-30 Kgs,3.65 mm,9,Running,November,Week 4,22,28,0.233333,6.704,28.731,calendar_day_share
"2""",29-30 Kgs,3.65 mm,9,Running,November,Week 5,29,30,0.066667,1.915,28.731,calendar_day_share
"2""",32-34 Kgs,4 mm,8,Running,November,Week 1,1,7,0.233333,14.372,61.595,calendar_day_share
"2""",32-34 Kgs,4 mm,8,Running,November,Week 2,8,14,0.233333,14.372,61.595,calendar_day_share
"2""",32-34 Kgs,4 mm,8,Running,November,Week 3,15,21,0.233333,14.372,61.595,calendar_day_share
"2""",32-34 Kgs,4 mm,8,Running,November,Week 4,22,28,0.233333,14.372,61.595,calendar_day_share
"2""",32-34 Kgs,4 mm,8,Running,November,Week 5,29,30,0.066667,4.106,61.595,calendar_day_share
"2""",32-34 Kgs,5 mm,5,Running,November,Week 1,1,7,0.233333,0.521,2.235,calendar_day_share
"2""",32-34 Kgs,5 mm,5,Running,November,Week 2,8,14,0.233333,0.521,2.235,calendar_day_share
"2""",32-34 Kgs,5 mm,5,Running,November,Week 3,15,21,0.233333,0.521,2.235,calendar_day_share
"2""",32-34 Kgs,5 mm,5,Running,November,Week 4,22,28,0.233333,0.521,2.235,calendar_day_share
"2""",32-34 Kgs,5 mm,5,Running,November,Week 5,29,30,0.066667,0.149,2.235,calendar_day_share
"2""",9½-10 Kgs,1.2 mm,18,Running,November,Week 1,1,7,0.233333,0.304,1.302,calendar_day_share
"2""",9½-10 Kgs,1.2 mm,18,Running,November,Week 2,8,14,0.233333,0.304,1.302,calendar_day_share
"2""",9½-10 Kgs,1.2 mm,18,Running,November,Week 3,15,21,0.233333,0.304,1.302,calendar_day_share
"2""",9½-10 Kgs,1.2 mm,18,Running,November,Week 4,22,28,0.233333,0.304,1.302,calendar_day_share
"2""",9½-10 Kgs,1.2 mm,18,Running,November,Week 5,29,30,0.066667,0.087,1.302,calendar_day_share
"2""",Unknown,Unknown,Unknown,Unknown,November,Week 1,1,7,0.233333,0.073,0.313,calendar_day_share
"2""",Unknown,Unknown,Unknown,Unknown,November,Week 2,8,14,0.233333,0.073,0.313,calendar_day_share
"2""",Unknown,Unknown,Unknown,Unknown,November,Week 3,15,21,0.233333,0.073,0.313,calendar_day_share
"2""",Unknown,Unknown,Unknown,Unknown,November,Week 4,22,28,0.233333,0.073,0.313,calendar_day_share
"2""",Unknown,Unknown,Unknown,Unknown,November,Week 5,29,30,0.066667,0.021,0.313,calendar_day_share
"2½""",10-11 Kgs,Unknown,Unknown,Running,November,Week 1,1,7,0.233333,0.25,1.071,calendar_day_share
"2½""",10-11 Kgs,Unknown,Unknown,Running,November,Week 2,8,14,0.233333,0.25,1.071,calendar_day_share
"2½""",10-11 Kgs,Unknown,Unknown,Running,November,Week 3,15,21,0.233333,0.25,1.071,calendar_day_share
"2½""",10-11 Kgs,Unknown,Unknown,Running,November,Week 4,22,28,0.233333,0.25,1.071,calendar_day_share
"2½""",10-11 Kgs,Unknown,Unknown,Running,November,Week 5,29,30,0.066667,0.071,1.071,calendar_day_share
"2½""",16-17 Kgs,1.6 mm,16,Running,November,Week 1,1,7,0.233333,26.808,114.892,calendar_day_share
"2½""",16-17 Kgs,1.6 mm,16,Running,November,Week 2,8,14,0.233333,26.808,114.892,calendar_day_share
"2½""",16-17 Kgs,1.6 mm,16,Running,November,Week 3,15,21,0.233333,26.808,114.892,calendar_day_share
"2½""",16-17 Kgs,1.6 mm,16,Running,November,Week 4,22,28,0.233333,26.808,114.892,calendar_day_share
"2½""",16-17 Kgs,1.6 mm,16,Running,November,Week 5,29,30,0.066667,7.659,114.892,calendar_day_share
"2½""",21-22 Kgs,2 mm,14,Running,November,Week 1,1,7,0.233333,64.72,277.371,calendar_day_share
"2½""",21-22 Kgs,2 mm,14,Running,November,Week 2,8,14,0.233333,64.72,277.371,calendar_day_share
"2½""",21-22 Kgs,2 mm,14,Running,November,Week 3,15,21,0.233333,64.72,277.371,calendar_day_share
"2½""",21-22 Kgs,2 mm,14,Running,November,Week 4,22,28,0.233333,64.72,277.371,calendar_day_share
"2½""",21-22 Kgs,2 mm,14,Running,November,Week 5,29,30,0.066667,18.491,277.371,calendar_day_share
"2½""",27-28 Kgs,2.65 mm,12,Running,November,Week 1,1,7,0.233333,0.187,0.799,calendar_day_share
"2½""",27-28 Kgs,2.65 mm,12,Running,November,Week 2,8,14,0.233333,0.187,0.799,calendar_day_share
"2½""",27-28 Kgs,2.65 mm,12,Running,November,Week 3,15,21,0.233333,0.187,0.799,calendar_day_share
"2½""",27-28 Kgs,2.65 mm,12,Running,November,Week 4,22,28,0.233333,0.187,0.799,calendar_day_share
"2½""",27-28 Kgs,2.65 mm,12,Running,November,Week 5,29,30,0.066667,0.053,0.799,calendar_day_share
"2½""",32-34 Kgs,3 mm,10,Running,November,Week 1,1,7,0.233333,64.532,276.568,calendar_day_share
"2½""",32-34 Kgs,3 mm,10,Running,November,Week 2,8,14,0.233333,64.532,276.568,calendar_day_share
"2½""",32-34 Kgs,3 mm,10,Running,November,Week 3,15,21,0.233333,64.532,276.568,calendar_day_share
"2½""",32-34 Kgs,3 mm,10,Running,November,Week 4,22,28,0.233333,64.532,276.568,calendar_day_share
"2½""",32-34 Kgs,3 mm,10,Running,November,Week 5,29,30,0.066667,18.438,276.568,calendar_day_share
"2½""",32-34 Kgs,5 mm,5,Running,November,Week 1,1,7,0.233333,0.008,0.036,calendar_day_share
"2½""",32-34 Kgs,5 mm,5,Running,November,Week 2,8,14,0.233333,0.008,0.036,calendar_day_share
"2½""",32-34 Kgs,5 mm,5,Running,November,Week 3,15,21,0.233333,0.008,0.036,calendar_day_share
"2½""",32-34 Kgs,5 mm,5,Running,November,Week 4,22,28,0.233333,0.008,0.036,calendar_day_share
"2½""",32-34 Kgs,5 mm,5,Running,November,Week 5,29,30,0.066667,0.002,0.036,calendar_day_share
"2½""",37-38 Kgs,3.65 mm,9,Running,November,Week 1,1,7,0.233333,10.67,45.729,calendar_day_share
"2½""",37-38 Kgs,3.65 mm,9,Running,November,Week 2,8,14,0.233333,10.67,45.729,calendar_day_share
"2½""",37-38 Kgs,3.65 mm,9,Running,November,Week 3,15,21,0.233333,10.67,45.729,calendar_day_share
"2½""",37-38 Kgs,3.65 mm,9,Running,November,Week 4,22,28,0.233333,10.67,45.729,calendar_day_share
"2½""",37-38 Kgs,3.65 mm,9,Running,November,Week 5,29,30,0.066667,3.049,45.729,calendar_day_share
"2½""",52-54 Kgs,5 mm,6,Running,November,Week 1,1,7,0.233333,0.009,0.041,calendar_day_share
"2½""",52-54 Kgs,5 mm,6,Running,November,Week 2,8,14,0.233333,0.009,0.041,calendar_day_share
"2½""",52-54 Kgs,5 mm,6,Running,November,Week 3,15,21,0.233333,0.009,0.041,calendar_day_share
"2½""",52-54 Kgs,5 mm,6,Running,November,Week 4,22,28,0.233333,0.009,0.041,calendar_day_share
"2½""",52-54 Kgs,5 mm,6,Running,November,Week 5,29,30,0.066667,0.003,0.041,calendar_day_share
"3""",32-34 Kgs,2.65 mm,12,Running,November,Week 1,1,7,0.233333,25.541,109.46,calendar_day_share
"3""",32-34 Kgs,2.65 mm,12,Running,November,Week 2,8,14,0.233333,25.541,109.46,calendar_day_share
"3""",32-34 Kgs,2.65 mm,12,Running,November,Week 3,15,21,0.233333,25.541,109.46,calendar_day_share
"3""",32-34 Kgs,2.65 mm,12,Running,November,Week 4,22,28,0.233333,25.541,109.46,calendar_day_share
"3""",32-34 Kgs,2.65 mm,12,Running,November,Week 5,29,30,0.066667,7.297,109.46,calendar_day_share
"3""",37-38 Kgs,3.65 mm,9,Running,November,Week 1,1,7,0.233333,0.039,0.168,calendar_day_share
"3""",37-38 Kgs,3.65 mm,9,Running,November,Week 2,8,14,0.233333,0.039,0.168,calendar_day_share
"3""",37-38 Kgs,3.65 mm,9,Running,November,Week 3,15,21,0.233333,0.039,0.168,calendar_day_share
"3""",37-38 Kgs,3.65 mm,9,Running,November,Week 4,22,28,0.233333,0.039,0.168,calendar_day_share
"3""",37-38 Kgs,3.65 mm,9,Running,November,Week 5,29,30,0.066667,0.011,0.168,calendar_day_share
"3""",38-39 Kgs,3.25 mm,10,Running,November,Week 1,1,7,0.233333,51.834,222.146,calendar_day_share
"3""",38-39 Kgs,3.25 mm,10,Running,November,Week 2,8,14,0.233333,51.834,222.146,calendar_day_share
"3""",38-39 Kgs,3.25 mm,10,Running,November,Week 3,15,21,0.233333,51.834,222.146,calendar_day_share
"3""",38-39 Kgs,3.25 mm,10,Running,November,Week 4,22,28,0.233333,51.834,222.146,calendar_day_share
"3""",38-39 Kgs,3.25 mm,10,Running,November,Week 5,29,30,0.066667,14.81,222.146,calendar_day_share
"3""",45-46 Kgs,3.65 mm,9,Running,November,Week 1,1,7,0.233333,1.71,7.329,calendar_day_share
"3""",45-46 Kgs,3.65 mm,9,Running,November,Week 2,8,14,0.233333,1.71,7.329,calendar_day_share
"3""",45-46 Kgs,3.65 mm,9,Running,November,Week 3,15,21,0.233333,1.71,7.329,calendar_day_share
"3""",45-46 Kgs,3.65 mm,9,Running,November,Week 4,22,28,0.233333,1.71,7.329,calendar_day_share
"3""",45-46 Kgs,3.65 mm,9,Running,November,Week 5,29,30,0.066667,0.489,7.329,calendar_day_share
"3""",50-52 Kgs,4 mm,8,Running,November,Week 1,1,7,0.233333,0.184,0.79,calendar_day_share
"3""",50-52 Kgs,4 mm,8,Running,November,Week 2,8,14,0.233333,0.184,0.79,calendar_day_share
"3""",50-52 Kgs,4 mm,8,Running,November,Week 3,15,21,0.233333,0.184,0.79,calendar_day_share
"3""",50-52 Kgs,4 mm,8,Running,November,Week 4,22,28,0.233333,0.184,0.79,calendar_day_share
"3""",50-52 Kgs,4 mm,8,Running,November,Week 5,29,30,0.066667,0.053,0.79,calendar_day_share
"3""",52-54 Kgs,5 mm,6,Running,November,Week 1,1,7,0.233333,4.425,18.965,calendar_day_share
"3""",52-54 Kgs,5 mm,6,Running,November,Week 2,8,14,0.233333,4.425,18.965,calendar_day_share
"3""",52-54 Kgs,5 mm,6,Running,November,Week 3,15,21,0.233333,4.425,18.965,calendar_day_share
"3""",52-54 Kgs,5 mm,6,Running,November,Week 4,22,28,0.233333,4.425,18.965,calendar_day_share
"3""",52-54 Kgs,5 mm,6,Running,November,Week 5,29,30,0.066667,1.264,18.965,calendar_day_share
"3""",64-65 Kgs,6 mm,5,Unknown,November,Week 1,1,7,0.233333,0.271,1.162,calendar_day_share
"3""",64-65 Kgs,6 mm,5,Unknown,November,Week 2,8,14,0.233333,0.271,1.162,calendar_day_share
"3""",64-65 Kgs,6 mm,5,Unknown,November,Week 3,15,21,0.233333,0.271,1.162,calendar_day_share
"3""",64-65 Kgs,6 mm,5,Unknown,November,Week 4,22,28,0.233333,0.271,1.162,calendar_day_share
"3""",64-65 Kgs,6 mm,5,Unknown,November,Week 5,29,30,0.066667,0.077,1.162,calendar_day_share
"3""",65-66 Kgs,5 mm,6,Running,November,Week 1,1,7,0.233333,0.026,0.111,calendar_day_share
"3""",65-66 Kgs,5 mm,6,Running,November,Week 2,8,14,0.233333,0.026,0.111,calendar_day_share
"3""",65-66 Kgs,5 mm,6,Running,November,Week 3,15,21,0.233333,0.026,0.111,calendar_day_share
"3""",65-66 Kgs,5 mm,6,Running,November,Week 4,22,28,0.233333,0.026,0.111,calendar_day_share
"3""",65-66 Kgs,5 mm,6,Running,November,Week 5,29,30,0.066667,0.007,0.111,calendar_day_share
"4"" OD",65-65 Kgs,Unknown,Unknown,Running,November,Week 1,1,7,0.233333,0.007,0.028,calendar_day_share
"4"" OD",65-65 Kgs,Unknown,Unknown,Running,November,Week 2,8,14,0.233333,0.007,0.028,calendar_day_share
"4"" OD",65-65 Kgs,Unknown,Unknown,Running,November,Week 3,15,21,0.233333,0.007,0.028,calendar_day_share
"4"" OD",65-65 Kgs,Unknown,Unknown,Running,November,Week 4,22,28,0.233333,0.007,0.028,calendar_day_share
"4"" OD",65-65 Kgs,Unknown,Unknown,Running,November,Week 5,29,30,0.066667,0.002,0.028,calendar_day_share
"4"" OD",66-67 Kgs,4 mm,8,Running,November,Week 1,1,7,0.233333,1.434,6.145,calendar_day_share
"4"" OD",66-67 Kgs,4 mm,8,Running,November,Week 2,8,14,0.233333,1.434,6.145,calendar_day_share
"4"" OD",66-67 Kgs,4 mm,8,Running,November,Week 3,15,21,0.233333,1.434,6.145,calendar_day_share
"4"" OD",66-67 Kgs,4 mm,8,Running,November,Week 4,22,28,0.233333,1.434,6.145,calendar_day_share
"4"" OD",66-67 Kgs,4 mm,8,Running,November,Week 5,29,30,0.066667,0.41,6.145,calendar_day_share
"4"" OD",75-76 Kgs,4.5 mm,8,Running,November,Week 1,1,7,0.233333,0.026,0.111,calendar_day_share
"4"" OD",75-76 Kgs,4.5 mm,8,Running,November,Week 2,8,14,0.233333,0.026,0.111,calendar_day_share
"4"" OD",75-76 Kgs,4.5 mm,8,Running,November,Week 3,15,21,0.233333,0.026,0.111,calendar_day_share
"4"" OD",75-76 Kgs,4.5 mm,8,Running,November,Week 4,22,28,0.233333,0.026,0.111,calendar_day_share
"4"" OD",75-76 Kgs,4.5 mm,8,Running,November,Week 5,29,30,0.066667,0.007,0.111,calendar_day_share
"4""",25-26 Kgs,1.6 mm,16,Running,November,Week 1,1,7,0.233333,4.535,19.435,calendar_day_share
"4""",25-26 Kgs,1.6 mm,16,Running,November,Week 2,8,14,0.233333,4.535,19.435,calendar_day_share
"4""",25-26 Kgs,1.6 mm,16,Running,November,Week 3,15,21,0.233333,4.535,19.435,calendar_day_share
"4""",25-26 Kgs,1.6 mm,16,Running,November,Week 4,22,28,0.233333,4.535,19.435,calendar_day_share
"4""",25-26 Kgs,1.6 mm,16,Running,November,Week 5,29,30,0.066667,1.296,19.435,calendar_day_share
"4""",25-26 Kgs,2 mm,14,Running,November,Week 1,1,7,0.233333,0.125,0.534,calendar_day_share
"4""",25-26 Kgs,2 mm,14,Running,November,Week 2,8,14,0.233333,0.125,0.534,calendar_day_share
"4""",25-26 Kgs,2 mm,14,Running,November,Week 3,15,21,0.233333,0.125,0.534,calendar_day_share
"4""",25-26 Kgs,2 mm,14,Running,November,Week 4,22,28,0.233333,0.125,0.534,calendar_day_share
"4""",25-26 Kgs,2 mm,14,Running,November,Week 5,29,30,0.066667,0.036,0.534,calendar_day_share
"4""",32-34 Kgs,2 mm,14,Running,November,Week 1,1,7,0.233333,27.301,117.005,calendar_day_share
"4""",32-34 Kgs,2 mm,14,Running,November,Week 2,8,14,0.233333,27.301,117.005,calendar_day_share
"4""",32-34 Kgs,2 mm,14,Running,November,Week 3,15,21,0.233333,27.301,117.005,calendar_day_share
"4""",32-34 Kgs,2 mm,14,Running,November,Week 4,22,28,0.233333,27.301,117.005,calendar_day_share
"4""",32-34 Kgs,2 mm,14,Running,November,Week 5,29,30,0.066667,7.8,117.005,calendar_day_share
"4""",40-42 Kgs,2.65 mm,12,Running,November,Week 1,1,7,0.233333,36.848,157.921,calendar_day_share
"4""",40-42 Kgs,2.65 mm,12,Running,November,Week 2,8,14,0.233333,36.848,157.921,calendar_day_share
"4""",40-42 Kgs,2.65 mm,12,Running,November,Week 3,15,21,0.233333,36.848,157.921,calendar_day_share
"4""",40-42 Kgs,2.65 mm,12,Running,November,Week 4,22,28,0.233333,36.848,157.921,calendar_day_share
"4""",40-42 Kgs,2.65 mm,12,Running,November,Week 5,29,30,0.066667,10.528,157.921,calendar_day_share
"4""",45-46 Kgs,3.65 mm,9,Running,November,Week 1,1,7,0.233333,0.038,0.164,calendar_day_share
"4""",45-46 Kgs,3.65 mm,9,Running,November,Week 2,8,14,0.233333,0.038,0.164,calendar_day_share
"4""",45-46 Kgs,3.65 mm,9,Running,November,Week 3,15,21,0.233333,0.038,0.164,calendar_day_share
"4""",45-46 Kgs,3.65 mm,9,Running,November,Week 4,22,28,0.233333,0.038,0.164,calendar_day_share
"4""",45-46 Kgs,3.65 mm,9,Running,November,Week 5,29,30,0.066667,0.011,0.164,calendar_day_share
"4""",48-50 Kgs,3.25 mm,10,Running,November,Week 1,1,7,0.233333,72.421,310.374,calendar_day_share
"4""",48-50 Kgs,3.25 mm,10,Running,November,Week 2,8,14,0.233333,72.421,310.374,calendar_day_share
"4""",48-50 Kgs,3.25 mm,10,Running,November,Week 3,15,21,0.233333,72.421,310.374,calendar_day_share
"4""",48-50 Kgs,3.25 mm,10,Running,November,Week 4,22,28,0.233333,72.421,310.374,calendar_day_share
"4""",48-50 Kgs,3.25 mm,10,Running,November,Week 5,29,30,0.066667,20.692,310.374,calendar_day_share
"4""",50-52 Kgs,4 mm,8,Running,November,Week 1,1,7,0.233333,8.667,37.142,calendar_day_share
"4""",50-52 Kgs,4 mm,8,Running,November,Week 2,8,14,0.233333,8.667,37.142,calendar_day_share
"4""",50-52 Kgs,4 mm,8,Running,November,Week 3,15,21,0.233333,8.667,37.142,calendar_day_share
"4""",50-52 Kgs,4 mm,8,Running,November,Week 4,22,28,0.233333,8.667,37.142,calendar_day_share
"4""",50-52 Kgs,4 mm,8,Running,November,Week 5,29,30,0.066667,2.476,37.142,calendar_day_share
"4""",58-60 Kgs,3.65 mm,9,Running,November,Week 1,1,7,0.233333,14.044,60.189,calendar_day_share
"4""",58-60 Kgs,3.65 mm,9,Running,November,Week 2,8,14,0.233333,14.044,60.189,calendar_day_share
"4""",58-60 Kgs,3.65 mm,9,Running,November,Week 3,15,21,0.233333,14.044,60.189,calendar_day_share
"4""",58-60 Kgs,3.65 mm,9,Running,November,Week 4,22,28,0.233333,14.044,60.189,calendar_day_share
"4""",58-60 Kgs,3.65 mm,9,Running,November,Week 5,29,30,0.066667,4.013,60.189,calendar_day_share
"4""",61-62 Kgs,3.9 mm,9,Running,November,Week 1,1,7,0.233333,9.131,39.135,calendar_day_share
"4""",61-62 Kgs,3.9 mm,9,Running,November,Week 2,8,14,0.233333,9.131,39.135,calendar_day_share
"4""",61-62 Kgs,3.9 mm,9,Running,November,Week 3,15,21,0.233333,9.131,39.135,calendar_day_share
"4""",61-62 Kgs,3.9 mm,9,Running,November,Week 4,22,28,0.233333,9.131,39.135,calendar_day_share
"4""",61-62 Kgs,3.9 mm,9,Running,November,Week 5,29,30,0.066667,2.609,39.135,calendar_day_share
"4""",65-66 Kgs,5 mm,6,Running,November,Week 1,1,7,0.233333,3.387,14.514,calendar_day_share
"4""",65-66 Kgs,5 mm,6,Running,November,Week 2,8,14,0.233333,3.387,14.514,calendar_day_share
"4""",65-66 Kgs,5 mm,6,Running,November,Week 3,15,21,0.233333,3.387,14.514,calendar_day_share
"4""",65-66 Kgs,5 mm,6,Running,November,Week 4,22,28,0.233333,3.387,14.514,calendar_day_share
"4""",65-66 Kgs,5 mm,6,Running,November,Week 5,29,30,0.066667,0.968,14.514,calendar_day_share
"4""",66-67 Kgs,4 mm,8,Running,November,Week 1,1,7,0.233333,0.159,0.68,calendar_day_share
"4""",66-67 Kgs,4 mm,8,Running,November,Week 2,8,14,0.233333,0.159,0.68,calendar_day_share
"4""",66-67 Kgs,4 mm,8,Running,November,Week 3,15,21,0.233333,0.159,0.68,calendar_day_share
"4""",66-67 Kgs,4 mm,8,Running,November,Week 4,22,28,0.233333,0.159,0.68,calendar_day_share
"4""",66-67 Kgs,4 mm,8,Running,November,Week 5,29,30,0.066667,0.045,0.68,calendar_day_share
"4""",75-76 Kgs,4.5 mm,8,Running,November,Week 1,1,7,0.233333,0.026,0.111,calendar_day_share
"4""",75-76 Kgs,4.5 mm,8,Running,November,Week 2,8,14,0.233333,0.026,0.111,calendar_day_share
"4""",75-76 Kgs,4.5 mm,8,Running,November,Week 3,15,21,0.233333,0.026,0.111,calendar_day_share
"4""",75-76 Kgs,4.5 mm,8,Running,November,Week 4,22,28,0.233333,0.026,0.111,calendar_day_share
"4""",75-76 Kgs,4.5 mm,8,Running,November,Week 5,29,30,0.066667,0.007,0.111,calendar_day_share
"4""",95-100 Kgs,6.35 mm,4,Running,November,Week 1,1,7,0.233333,0.026,0.111,calendar_day_share
"4""",95-100 Kgs,6.35 mm,4,Running,November,Week 2,8,14,0.233333,0.026,0.111,calendar_day_share
"4""",95-100 Kgs,6.35 mm,4,Running,November,Week 3,15,21,0.233333,0.026,0.111,calendar_day_share
"4""",95-100 Kgs,6.35 mm,4,Running,November,Week 4,22,28,0.233333,0.026,0.111,calendar_day_share
"4""",95-100 Kgs,6.35 mm,4,Running,November,Week 5,29,30,0.066667,0.007,0.111,calendar_day_share
"5"" O.D",100 -102 Kgs,5 mm,5,New,November,Week 1,1,7,0.233333,0.07,0.298,calendar_day_share
"5"" O.D",100 -102 Kgs,5 mm,5,New,November,Week 2,8,14,0.233333,0.07,0.298,calendar_day_share
"5"" O.D",100 -102 Kgs,5 mm,5,New,November,Week 3,15,21,0.233333,0.07,0.298,calendar_day_share
"5"" O.D",100 -102 Kgs,5 mm,5,New,November,Week 4,22,28,0.233333,0.07,0.298,calendar_day_share
"5"" O.D",100 -102 Kgs,5 mm,5,New,November,Week 5,29,30,0.066667,0.02,0.298,calendar_day_share
"5"" O.D",113-114 Kgs,6 mm,4,Running,November,Week 1,1,7,0.233333,0.008,0.035,calendar_day_share
"5"" O.D",113-114 Kgs,6 mm,4,Running,November,Week 2,8,14,0.233333,0.008,0.035,calendar_day_share
"5"" O.D",113-114 Kgs,6 mm,4,Running,November,Week 3,15,21,0.233333,0.008,0.035,calendar_day_share
"5"" O.D",113-114 Kgs,6 mm,4,Running,November,Week 4,22,28,0.233333,0.008,0.035,calendar_day_share
"5"" O.D",113-114 Kgs,6 mm,4,Running,November,Week 5,29,30,0.066667,0.002,0.035,calendar_day_share
"5"" O.D",120-125 Kgs,6 mm,4,Running,November,Week 1,1,7,0.233333,0.493,2.112,calendar_day_share
"5"" O.D",120-125 Kgs,6 mm,4,Running,November,Week 2,8,14,0.233333,0.493,2.112,calendar_day_share
"5"" O.D",120-125 Kgs,6 mm,4,Running,November,Week 3,15,21,0.233333,0.493,2.112,calendar_day_share
"5"" O.D",120-125 Kgs,6 mm,4,Running,November,Week 4,22,28,0.233333,0.493,2.112,calendar_day_share
"5"" O.D",120-125 Kgs,6 mm,4,Running,November,Week 5,29,30,0.066667,0.141,2.112,calendar_day_share
"5"" O.D",28-29 Kgs,1.2 mm,16,Running,November,Week 1,1,7,0.233333,0.143,0.614,calendar_day_share
"5"" O.D",28-29 Kgs,1.2 mm,16,Running,November,Week 2,8,14,0.233333,0.143,0.614,calendar_day_share
"5"" O.D",28-29 Kgs,1.2 mm,16,Running,November,Week 3,15,21,0.233333,0.143,0.614,calendar_day_share
"5"" O.D",28-29 Kgs,1.2 mm,16,Running,November,Week 4,22,28,0.233333,0.143,0.614,calendar_day_share
"5"" O.D",28-29 Kgs,1.2 mm,16,Running,November,Week 5,29,30,0.066667,0.041,0.614,calendar_day_share
"5"" O.D",37-38 Kgs,2 mm,14,Running,November,Week 1,1,7,0.233333,2.045,8.766,calendar_day_share
"5"" O.D",37-38 Kgs,2 mm,14,Running,November,Week 2,8,14,0.233333,2.045,8.766,calendar_day_share
"5"" O.D",37-38 Kgs,2 mm,14,Running,November,Week 3,15,21,0.233333,2.045,8.766,calendar_day_share
"5"" O.D",37-38 Kgs,2 mm,14,Running,November,Week 4,22,28,0.233333,2.045,8.766,calendar_day_share
"5"" O.D",37-38 Kgs,2 mm,14,Running,November,Week 5,29,30,0.066667,0.584,8.766,calendar_day_share
"5"" O.D",75-76 Kgs,3.65 mm,9,Running,November,Week 1,1,7,0.233333,0.012,0.052,calendar_day_share
"5"" O.D",75-76 Kgs,3.65 mm,9,Running,November,Week 2,8,14,0.233333,0.012,0.052,calendar_day_share
"5"" O.D",75-76 Kgs,3.65 mm,9,Running,November,Week 3,15,21,0.233333,0.012,0.052,calendar_day_share
"5"" O.D",75-76 Kgs,3.65 mm,9,Running,November,Week 4,22,28,0.233333,0.012,0.052,calendar_day_share
"5"" O.D",75-76 Kgs,3.65 mm,9,Running,November,Week 5,29,30,0.066667,0.003,0.052,calendar_day_share
"5"" O.D",88-90 Kgs,4 mm,Unknown,Running,November,Week 1,1,7,0.233333,0.024,0.103,calendar_day_share
"5"" O.D",88-90 Kgs,4 mm,Unknown,Running,November,Week 2,8,14,0.233333,0.024,0.103,calendar_day_share
"5"" O.D",88-90 Kgs,4 mm,Unknown,Running,November,Week 3,15,21,0.233333,0.024,0.103,calendar_day_share
"5"" O.D",88-90 Kgs,4 mm,Unknown,Running,November,Week 4,22,28,0.233333,0.024,0.103,calendar_day_share
"5"" O.D",88-90 Kgs,4 mm,Unknown,Running,November,Week 5,29,30,0.066667,0.007,0.103,calendar_day_share
"5"" O.D",94-95 Kgs,4.5 mm,5,New,November,Week 1,1,7,0.233333,13.163,56.413,calendar_day_share
"5"" O.D",94-95 Kgs,4.5 mm,5,New,November,Week 2,8,14,0.233333,13.163,56.413,calendar_day_share
"5"" O.D",94-95 Kgs,4.5 mm,5,New,November,Week 3,15,21,0.233333,13.163,56.413,calendar_day_share
"5"" O.D",94-95 Kgs,4.5 mm,5,New,November,Week 4,22,28,0.233333,13.163,56.413,calendar_day_share
"5"" O.D",94-95 Kgs,4.5 mm,5,New,November,Week 5,29,30,0.066667,3.761,56.413,calendar_day_share
"5""",100 -102 Kgs,5 mm,5,New,November,Week 1,1,7,0.233333,0.008,0.036,calendar_day_share
"5""",100 -102 Kgs,5 mm,5,New,November,Week 2,8,14,0.233333,0.008,0.036,calendar_day_share
"5""",100 -102 Kgs,5 mm,5,New,November,Week 3,15,21,0.233333,0.008,0.036,calendar_day_share
"5""",100 -102 Kgs,5 mm,5,New,November,Week 4,22,28,0.233333,0.008,0.036,calendar_day_share
"5""",100 -102 Kgs,5 mm,5,New,November,Week 5,29,30,0.066667,0.002,0.036,calendar_day_share
"5""",120-125 Kgs,6 mm,4,Running,November,Week 1,1,7,0.233333,0.008,0.036,calendar_day_share
"5""",120-125 Kgs,6 mm,4,Running,November,Week 2,8,14,0.233333,0.008,0.036,calendar_day_share
"5""",120-125 Kgs,6 mm,4,Running,November,Week 3,15,21,0.233333,0.008,0.036,calendar_day_share
"5""",120-125 Kgs,6 mm,4,Running,November,Week 4,22,28,0.233333,0.008,0.036,calendar_day_share
"5""",120-125 Kgs,6 mm,4,Running,November,Week 5,29,30,0.066667,0.002,0.036,calendar_day_share
"5""",40-42 Kgs,2 mm,14,Running,November,Week 1,1,7,0.233333,8.687,37.229,calendar_day_share
"5""",40-42 Kgs,2 mm,14,Running,November,Week 2,8,14,0.233333,8.687,37.229,calendar_day_share
"5""",40-42 Kgs,2 mm,14,Running,November,Week 3,15,21,0.233333,8.687,37.229,calendar_day_share
"5""",40-42 Kgs,2 mm,14,Running,November,Week 4,22,28,0.233333,8.687,37.229,calendar_day_share
"5""",40-42 Kgs,2 mm,14,Running,November,Week 5,29,30,0.066667,2.482,37.229,calendar_day_share
"5""",48-50 Kgs,2.35 mm,13,Running,November,Week 1,1,7,0.233333,20.527,87.971,calendar_day_share
"5""",48-50 Kgs,2.35 mm,13,Running,November,Week 2,8,14,0.233333,20.527,87.971,calendar_day_share
"5""",48-50 Kgs,2.35 mm,13,Running,November,Week 3,15,21,0.233333,20.527,87.971,calendar_day_share
"5""",48-50 Kgs,2.35 mm,13,Running,November,Week 4,22,28,0.233333,20.527,87.971,calendar_day_share
"5""",48-50 Kgs,2.35 mm,13,Running,November,Week 5,29,30,0.066667,5.865,87.971,calendar_day_share
"5""",54-55 Kgs,2.65 mm,11,Running,November,Week 1,1,7,0.233333,0.025,0.107,calendar_day_share
"5""",54-55 Kgs,2.65 mm,11,Running,November,Week 2,8,14,0.233333,0.025,0.107,calendar_day_share
"5""",54-55 Kgs,2.65 mm,11,Running,November,Week 3,15,21,0.233333,0.025,0.107,calendar_day_share
"5""",54-55 Kgs,2.65 mm,11,Running,November,Week 4,22,28,0.233333,0.025,0.107,calendar_day_share
"5""",54-55 Kgs,2.65 mm,11,Running,November,Week 5,29,30,0.066667,0.007,0.107,calendar_day_share
"5""",54-55 Kgs,2.65 mm,12,Running,November,Week 1,1,7,0.233333,0.904,3.874,calendar_day_share
"5""",54-55 Kgs,2.65 mm,12,Running,November,Week 2,8,14,0.233333,0.904,3.874,calendar_day_share
"5""",54-55 Kgs,2.65 mm,12,Running,November,Week 3,15,21,0.233333,0.904,3.874,calendar_day_share
"5""",54-55 Kgs,2.65 mm,12,Running,November,Week 4,22,28,0.233333,0.904,3.874,calendar_day_share
"5""",54-55 Kgs,2.65 mm,12,Running,November,Week 5,29,30,0.066667,0.258,3.874,calendar_day_share
"5""",60-62 Kgs,3.25 mm,10,Running,November,Week 1,1,7,0.233333,31.02,132.944,calendar_day_share
"5""",60-62 Kgs,3.25 mm,10,Running,November,Week 2,8,14,0.233333,31.02,132.944,calendar_day_share
"5""",60-62 Kgs,3.25 mm,10,Running,November,Week 3,15,21,0.233333,31.02,132.944,calendar_day_share
"5""",60-62 Kgs,3.25 mm,10,Running,November,Week 4,22,28,0.233333,31.02,132.944,calendar_day_share
"5""",60-62 Kgs,3.25 mm,10,Running,November,Week 5,29,30,0.066667,8.863,132.944,calendar_day_share
"5""",65-65 Kgs,Unknown,Unknown,Running,November,Week 1,1,7,0.233333,0.037,0.161,calendar_day_share
"5""",65-65 Kgs,Unknown,Unknown,Running,November,Week 2,8,14,0.233333,0.037,0.161,calendar_day_share
"5""",65-65 Kgs,Unknown,Unknown,Running,November,Week 3,15,21,0.233333,0.037,0.161,calendar_day_share
"5""",65-65 Kgs,Unknown,Unknown,Running,November,Week 4,22,28,0.233333,0.037,0.161,calendar_day_share
"5""",65-65 Kgs,Unknown,Unknown,Running,November,Week 5,29,30,0.066667,0.011,0.161,calendar_day_share
"5""",66-67 Kgs,4 mm,8,Running,November,Week 1,1,7,0.233333,0.19,0.815,calendar_day_share
"5""",66-67 Kgs,4 mm,8,Running,November,Week 2,8,14,0.233333,0.19,0.815,calendar_day_share
"5""",66-67 Kgs,4 mm,8,Running,November,Week 3,15,21,0.233333,0.19,0.815,calendar_day_share
"5""",66-67 Kgs,4 mm,8,Running,November,Week 4,22,28,0.233333,0.19,0.815,calendar_day_share
"5""",66-67 Kgs,4 mm,8,Running,November,Week 5,29,30,0.066667,0.054,0.815,calendar_day_share
"5""",70-72 Kgs,3.65 mm,9,Running,November,Week 1,1,7,0.233333,42.597,182.559,calendar_day_share
"5""",70-72 Kgs,3.65 mm,9,Running,November,Week 2,8,14,0.233333,42.597,182.559,calendar_day_share
"5""",70-72 Kgs,3.65 mm,9,Running,November,Week 3,15,21,0.233333,42.597,182.559,calendar_day_share
"5""",70-72 Kgs,3.65 mm,9,Running,November,Week 4,22,28,0.233333,42.597,182.559,calendar_day_share
"5""",70-72 Kgs,3.65 mm,9,Running,November,Week 5,29,30,0.066667,12.171,182.559,calendar_day_share
"5""",75-76 Kgs,4.5 mm,8,Running,November,Week 1,1,7,0.233333,6.557,28.104,calendar_day_share
"5""",75-76 Kgs,4.5 mm,8,Running,November,Week 2,8,14,0.233333,6.557,28.104,calendar_day_share
"5""",75-76 Kgs,4.5 mm,8,Running,November,Week 3,15,21,0.233333,6.557,28.104,calendar_day_share
"5""",75-76 Kgs,4.5 mm,8,Running,November,Week 4,22,28,0.233333,6.557,28.104,calendar_day_share
"5""",75-76 Kgs,4.5 mm,8,Running,November,Week 5,29,30,0.066667,1.874,28.104,calendar_day_share
"5""",80-82 Kgs,4 mm,8,Running,November,Week 1,1,7,0.233333,2.557,10.96,calendar_day_share
"5""",80-82 Kgs,4 mm,8,Running,November,Week 2,8,14,0.233333,2.557,10.96,calendar_day_share
"5""",80-82 Kgs,4 mm,8,Running,November,Week 3,15,21,0.233333,2.557,10.96,calendar_day_share
"5""",80-82 Kgs,4 mm,8,Running,November,Week 4,22,28,0.233333,2.557,10.96,calendar_day_share
"5""",80-82 Kgs,4 mm,8,Running,November,Week 5,29,30,0.066667,0.731,10.96,calendar_day_share
"5""",88-90 Kgs,4 mm,Unknown,Running,November,Week 1,1,7,0.233333,5.93,25.414,calendar_day_share
"5""",88-90 Kgs,4 mm,Unknown,Running,November,Week 2,8,14,0.233333,5.93,25.414,calendar_day_share
"5""",88-90 Kgs,4 mm,Unknown,Running,November,Week 3,15,21,0.233333,5.93,25.414,calendar_day_share
"5""",88-90 Kgs,4 mm,Unknown,Running,November,Week 4,22,28,0.233333,5.93,25.414,calendar_day_share
"5""",88-90 Kgs,4 mm,Unknown,Running,November,Week 5,29,30,0.066667,1.694,25.414,calendar_day_share
"5""",94-95 Kgs,4.5 mm,5,New,November,Week 1,1,7,0.233333,0.027,0.116,calendar_day_share
"5""",94-95 Kgs,4.5 mm,5,New,November,Week 2,8,14,0.233333,0.027,0.116,calendar_day_share
"5""",94-95 Kgs,4.5 mm,5,New,November,Week 3,15,21,0.233333,0.027,0.116,calendar_day_share
"5""",94-95 Kgs,4.5 mm,5,New,November,Week 4,22,28,0.233333,0.027,0.116,calendar_day_share
"5""",94-95 Kgs,4.5 mm,5,New,November,Week 5,29,30,0.066667,0.008,0.116,calendar_day_share
"5""",95-100 Kgs,6.35 mm,4,Running,November,Week 1,1,7,0.233333,2.64,11.316,calendar_day_share
"5""",95-100 Kgs,6.35 mm,4,Running,November,Week 2,8,14,0.233333,2.64,11.316,calendar_day_share
"5""",95-100 Kgs,6.35 mm,4,Running,November,Week 3,15,21,0.233333,2.64,11.316,calendar_day_share
"5""",95-100 Kgs,6.35 mm,4,Running,November,Week 4,22,28,0.233333,2.64,11.316,calendar_day_share
"5""",95-100 Kgs,6.35 mm,4,Running,November,Week 5,29,30,0.066667,0.754,11.316,calendar_day_share
"6"" O.D",100-103 Kgs,4.25 mm,Unknown,Running,November,Week 1,1,7,0.233333,0.038,0.163,calendar_day_share
"6"" O.D",100-103 Kgs,4.25 mm,Unknown,Running,November,Week 2,8,14,0.233333,0.038,0.163,calendar_day_share
"6"" O.D",100-103 Kgs,4.25 mm,Unknown,Running,November,Week 3,15,21,0.233333,0.038,0.163,calendar_day_share
"6"" O.D",100-103 Kgs,4.25 mm,Unknown,Running,November,Week 4,22,28,0.233333,0.038,0.163,calendar_day_share
"6"" O.D",100-103 Kgs,4.25 mm,Unknown,Running,November,Week 5,29,30,0.066667,0.011,0.163,calendar_day_share
"6"" O.D",108-110 Kgs,4.5 mm,7,Running,November,Week 1,1,7,0.233333,0.008,0.035,calendar_day_share
"6"" O.D",108-110 Kgs,4.5 mm,7,Running,November,Week 2,8,14,0.233333,0.008,0.035,calendar_day_share
"6"" O.D",108-110 Kgs,4.5 mm,7,Running,November,Week 3,15,21,0.233333,0.008,0.035,calendar_day_share
"6"" O.D",108-110 Kgs,4.5 mm,7,Running,November,Week 4,22,28,0.233333,0.008,0.035,calendar_day_share
"6"" O.D",108-110 Kgs,4.5 mm,7,Running,November,Week 5,29,30,0.066667,0.002,0.035,calendar_day_share
"6"" O.D",140-145 Kgs,Unknown,Unknown,Unknown,November,Week 1,1,7,0.233333,0.007,0.028,calendar_day_share
"6"" O.D",140-145 Kgs,Unknown,Unknown,Unknown,November,Week 2,8,14,0.233333,0.007,0.028,calendar_day_share
"6"" O.D",140-145 Kgs,Unknown,Unknown,Unknown,November,Week 3,15,21,0.233333,0.007,0.028,calendar_day_share
"6"" O.D",140-145 Kgs,Unknown,Unknown,Unknown,November,Week 4,22,28,0.233333,0.007,0.028,calendar_day_share
"6"" O.D",140-145 Kgs,Unknown,Unknown,Unknown,November,Week 5,29,30,0.066667,0.002,0.028,calendar_day_share
"6"" O.D",96-97 Kgs,4 mm,Unknown,Running,November,Week 1,1,7,0.233333,0.315,1.35,calendar_day_share
"6"" O.D",96-97 Kgs,4 mm,Unknown,Running,November,Week 2,8,14,0.233333,0.315,1.35,calendar_day_share
"6"" O.D",96-97 Kgs,4 mm,Unknown,Running,November,Week 3,15,21,0.233333,0.315,1.35,calendar_day_share
"6"" O.D",96-97 Kgs,4 mm,Unknown,Running,November,Week 4,22,28,0.233333,0.315,1.35,calendar_day_share
"6"" O.D",96-97 Kgs,4 mm,Unknown,Running,November,Week 5,29,30,0.066667,0.09,1.35,calendar_day_share
"6""",100-103 Kgs,4.25 mm,Unknown,Running,November,Week 1,1,7,0.233333,0.007,0.028,calendar_day_share
"6""",100-103 Kgs,4.25 mm,Unknown,Running,November,Week 2,8,14,0.233333,0.007,0.028,calendar_day_share
"6""",100-103 Kgs,4.25 mm,Unknown,Running,November,Week 3,15,21,0.233333,0.007,0.028,calendar_day_share
"6""",100-103 Kgs,4.25 mm,Unknown,Running,November,Week 4,22,28,0.233333,0.007,0.028,calendar_day_share
"6""",100-103 Kgs,4.25 mm,Unknown,Running,November,Week 5,29,30,0.066667,0.002,0.028,calendar_day_share
"6""",108-110 Kgs,4.5 mm,7,Running,November,Week 1,1,7,0.233333,0.008,0.035,calendar_day_share
"6""",108-110 Kgs,4.5 mm,7,Running,November,Week 2,8,14,0.233333,0.008,0.035,calendar_day_share
"6""",108-110 Kgs,4.5 mm,7,Running,November,Week 3,15,21,0.233333,0.008,0.035,calendar_day_share
"6""",108-110 Kgs,4.5 mm,7,Running,November,Week 4,22,28,0.233333,0.008,0.035,calendar_day_share
"6""",108-110 Kgs,4.5 mm,7,Running,November,Week 5,29,30,0.066667,0.002,0.035,calendar_day_share
"6""",112-114 Kgs,4.75 mm,6,Running,November,Week 1,1,7,0.233333,0.008,0.035,calendar_day_share
"6""",112-114 Kgs,4.75 mm,6,Running,November,Week 2,8,14,0.233333,0.008,0.035,calendar_day_share
"6""",112-114 Kgs,4.75 mm,6,Running,November,Week 3,15,21,0.233333,0.008,0.035,calendar_day_share
"6""",112-114 Kgs,4.75 mm,6,Running,November,Week 4,22,28,0.233333,0.008,0.035,calendar_day_share
"6""",112-114 Kgs,4.75 mm,6,Running,November,Week 5,29,30,0.066667,0.002,0.035,calendar_day_share
"6""",113-114 Kgs,6 mm,4,Running,November,Week 1,1,7,0.233333,0.098,0.422,calendar_day_share
"6""",113-114 Kgs,6 mm,4,Running,November,Week 2,8,14,0.233333,0.098,0.422,calendar_day_share
"6""",113-114 Kgs,6 mm,4,Running,November,Week 3,15,21,0.233333,0.098,0.422,calendar_day_share
"6""",113-114 Kgs,6 mm,4,Running,November,Week 4,22,28,0.233333,0.098,0.422,calendar_day_share
"6""",113-114 Kgs,6 mm,4,Running,November,Week 5,29,30,0.066667,0.028,0.422,calendar_day_share
"6""",35- 36 Kgs,1.6 mm,16,Running,November,Week 1,1,7,0.233333,0.095,0.409,calendar_day_share
"6""",35- 36 Kgs,1.6 mm,16,Running,November,Week 2,8,14,0.233333,0.095,0.409,calendar_day_share
"6""",35- 36 Kgs,1.6 mm,16,Running,November,Week 3,15,21,0.233333,0.095,0.409,calendar_day_share
"6""",35- 36 Kgs,1.6 mm,16,Running,November,Week 4,22,28,0.233333,0.095,0.409,calendar_day_share
"6""",35- 36 Kgs,1.6 mm,16,Running,November,Week 5,29,30,0.066667,0.027,0.409,calendar_day_share
"6""",37-38 Kgs,2 mm,14,Running,November,Week 1,1,7,0.233333,1.123,4.813,calendar_day_share
"6""",37-38 Kgs,2 mm,14,Running,November,Week 2,8,14,0.233333,1.123,4.813,calendar_day_share
"6""",37-38 Kgs,2 mm,14,Running,November,Week 3,15,21,0.233333,1.123,4.813,calendar_day_share
"6""",37-38 Kgs,2 mm,14,Running,November,Week 4,22,28,0.233333,1.123,4.813,calendar_day_share
"6""",37-38 Kgs,2 mm,14,Running,November,Week 5,29,30,0.066667,0.321,4.813,calendar_day_share
"6""",48-50 Kgs,2 mm,14,Running,November,Week 1,1,7,0.233333,0.987,4.229,calendar_day_share
"6""",48-50 Kgs,2 mm,14,Running,November,Week 2,8,14,0.233333,0.987,4.229,calendar_day_share
"6""",48-50 Kgs,2 mm,14,Running,November,Week 3,15,21,0.233333,0.987,4.229,calendar_day_share
"6""",48-50 Kgs,2 mm,14,Running,November,Week 4,22,28,0.233333,0.987,4.229,calendar_day_share
"6""",48-50 Kgs,2 mm,14,Running,November,Week 5,29,30,0.066667,0.282,4.229,calendar_day_share
"6""",52-54 Kgs,2 mm,14,Running,November,Week 1,1,7,0.233333,0.351,1.506,calendar_day_share
"6""",52-54 Kgs,2 mm,14,Running,November,Week 2,8,14,0.233333,0.351,1.506,calendar_day_share
"6""",52-54 Kgs,2 mm,14,Running,November,Week 3,15,21,0.233333,0.351,1.506,calendar_day_share
"6""",52-54 Kgs,2 mm,14,Running,November,Week 4,22,28,0.233333,0.351,1.506,calendar_day_share
"6""",52-54 Kgs,2 mm,14,Running,November,Week 5,29,30,0.066667,0.1,1.506,calendar_day_share
"6""",60-62 Kgs,2.35 mm,12,Running,November,Week 1,1,7,0.233333,0.335,1.435,calendar_day_share
"6""",60-62 Kgs,2.35 mm,12,Running,November,Week 2,8,14,0.233333,0.335,1.435,calendar_day_share
"6""",60-62 Kgs,2.35 mm,12,Running,November,Week 3,15,21,0.233333,0.335,1.435,calendar_day_share
"6""",60-62 Kgs,2.35 mm,12,Running,November,Week 4,22,28,0.233333,0.335,1.435,calendar_day_share
"6""",60-62 Kgs,2.35 mm,12,Running,November,Week 5,29,30,0.066667,0.096,1.435,calendar_day_share
"6""",68-69 Kgs,Unknown,Unknown,Running,November,Week 1,1,7,0.233333,0.055,0.234,calendar_day_share
"6""",68-69 Kgs,Unknown,Unknown,Running,November,Week 2,8,14,0.233333,0.055,0.234,calendar_day_share
"6""",68-69 Kgs,Unknown,Unknown,Running,November,Week 3,15,21,0.233333,0.055,0.234,calendar_day_share
"6""",68-69 Kgs,Unknown,Unknown,Running,November,Week 4,22,28,0.233333,0.055,0.234,calendar_day_share
"6""",68-69 Kgs,Unknown,Unknown,Running,November,Week 5,29,30,0.066667,0.016,0.234,calendar_day_share
"6""",72-74 Kgs,3.25 mm,10,Running,November,Week 1,1,7,0.233333,28.985,124.22,calendar_day_share
"6""",72-74 Kgs,3.25 mm,10,Running,November,Week 2,8,14,0.233333,28.985,124.22,calendar_day_share
"6""",72-74 Kgs,3.25 mm,10,Running,November,Week 3,15,21,0.233333,28.985,124.22,calendar_day_share
"6""",72-74 Kgs,3.25 mm,10,Running,November,Week 4,22,28,0.233333,28.985,124.22,calendar_day_share
"6""",72-74 Kgs,3.25 mm,10,Running,November,Week 5,29,30,0.066667,8.281,124.22,calendar_day_share
"6""",75-76 Kgs,3.65 mm,9,Running,November,Week 1,1,7,0.233333,0.317,1.356,calendar_day_share
"6""",75-76 Kgs,3.65 mm,9,Running,November,Week 2,8,14,0.233333,0.317,1.356,calendar_day_share
"6""",75-76 Kgs,3.65 mm,9,Running,November,Week 3,15,21,0.233333,0.317,1.356,calendar_day_share
"6""",75-76 Kgs,3.65 mm,9,Running,November,Week 4,22,28,0.233333,0.317,1.356,calendar_day_share
"6""",75-76 Kgs,3.65 mm,9,Running,November,Week 5,29,30,0.066667,0.09,1.356,calendar_day_share
"6""",78-80 Kgs,3.65 mm,9,Running,November,Week 1,1,7,0.233333,0.061,0.261,calendar_day_share
"6""",78-80 Kgs,3.65 mm,9,Running,November,Week 2,8,14,0.233333,0.061,0.261,calendar_day_share
"6""",78-80 Kgs,3.65 mm,9,Running,November,Week 3,15,21,0.233333,0.061,0.261,calendar_day_share
"6""",78-80 Kgs,3.65 mm,9,Running,November,Week 4,22,28,0.233333,0.061,0.261,calendar_day_share
"6""",78-80 Kgs,3.65 mm,9,Running,November,Week 5,29,30,0.066667,0.017,0.261,calendar_day_share
"6""",84-86 Kgs,3.65 mm,9,Running,November,Week 1,1,7,0.233333,22.59,96.814,calendar_day_share
"6""",84-86 Kgs,3.65 mm,9,Running,November,Week 2,8,14,0.233333,22.59,96.814,calendar_day_share
"6""",84-86 Kgs,3.65 mm,9,Running,November,Week 3,15,21,0.233333,22.59,96.814,calendar_day_share
"6""",84-86 Kgs,3.65 mm,9,Running,November,Week 4,22,28,0.233333,22.59,96.814,calendar_day_share
"6""",84-86 Kgs,3.65 mm,9,Running,November,Week 5,29,30,0.066667,6.454,96.814,calendar_day_share
"6""",96-97 Kgs,4 mm,Unknown,Running,November,Week 1,1,7,0.233333,2.063,8.84,calendar_day_share
"6""",96-97 Kgs,4 mm,Unknown,Running,November,Week 2,8,14,0.233333,2.063,8.84,calendar_day_share
"6""",96-97 Kgs,4 mm,Unknown,Running,November,Week 3,15,21,0.233333,2.063,8.84,calendar_day_share
"6""",96-97 Kgs,4 mm,Unknown,Running,November,Week 4,22,28,0.233333,2.063,8.84,calendar_day_share
"6""",96-97 Kgs,4 mm,Unknown,Running,November,Week 5,29,30,0.066667,0.589,8.84,calendar_day_share
"7""",100-103 Kgs,4.25 mm,Unknown,Running,November,Week 1,1,7,0.233333,0.007,0.028,calendar_day_share
"7""",100-103 Kgs,4.25 mm,Unknown,Running,November,Week 2,8,14,0.233333,0.007,0.028,calendar_day_share
"7""",100-103 Kgs,4.25 mm,Unknown,Running,November,Week 3,15,21,0.233333,0.007,0.028,calendar_day_share
"7""",100-103 Kgs,4.25 mm,Unknown,Running,November,Week 4,22,28,0.233333,0.007,0.028,calendar_day_share
"7""",100-103 Kgs,4.25 mm,Unknown,Running,November,Week 5,29,30,0.066667,0.002,0.028,calendar_day_share
"7""",108-110 Kgs,4.5 mm,7,Running,November,Week 1,1,7,0.233333,0.027,0.117,calendar_day_share
"7""",108-110 Kgs,4.5 mm,7,Running,November,Week 2,8,14,0.233333,0.027,0.117,calendar_day_share
"7""",108-110 Kgs,4.5 mm,7,Running,November,Week 3,15,21,0.233333,0.027,0.117,calendar_day_share
"7""",108-110 Kgs,4.5 mm,7,Running,November,Week 4,22,28,0.233333,0.027,0.117,calendar_day_share
"7""",108-110 Kgs,4.5 mm,7,Running,November,Week 5,29,30,0.066667,0.008,0.117,calendar_day_share
"7""",110-112 Kgs,Unknown,Unknown,Running,November,Week 1,1,7,0.233333,2.684,11.502,calendar_day_share
"7""",110-112 Kgs,Unknown,Unknown,Running,November,Week 2,8,14,0.233333,2.684,11.502,calendar_day_share
"7""",110-112 Kgs,Unknown,Unknown,Running,November,Week 3,15,21,0.233333,2.684,11.502,calendar_day_share
"7""",110-112 Kgs,Unknown,Unknown,Running,November,Week 4,22,28,0.233333,2.684,11.502,calendar_day_share
"7""",110-112 Kgs,Unknown,Unknown,Running,November,Week 5,29,30,0.066667,0.767,11.502,calendar_day_share
"7""",112-114 Kgs,4.75 mm,6,Running,November,Week 1,1,7,0.233333,5.629,24.124,calendar_day_share
"7""",112-114 Kgs,4.75 mm,6,Running,November,Week 2,8,14,0.233333,5.629,24.124,calendar_day_share
"7""",112-114 Kgs,4.75 mm,6,Running,November,Week 3,15,21,0.233333,5.629,24.124,calendar_day_share
"7""",112-114 Kgs,4.75 mm,6,Running,November,Week 4,22,28,0.233333,5.629,24.124,calendar_day_share
"7""",112-114 Kgs,4.75 mm,6,Running,November,Week 5,29,30,0.066667,1.608,24.124,calendar_day_share
"7""",140-145 Kgs,Unknown,Unknown,Unknown,November,Week 1,1,7,0.233333,0.026,0.11,calendar_day_share
"7""",140-145 Kgs,Unknown,Unknown,Unknown,November,Week 2,8,14,0.233333,0.026,0.11,calendar_day_share
"7""",140-145 Kgs,Unknown,Unknown,Unknown,November,Week 3,15,21,0.233333,0.026,0.11,calendar_day_share
"7""",140-145 Kgs,Unknown,Unknown,Unknown,November,Week 4,22,28,0.233333,0.026,0.11,calendar_day_share
"7""",140-145 Kgs,Unknown,Unknown,Unknown,November,Week 5,29,30,0.066667,0.007,0.11,calendar_day_share
"7""",60-62 Kgs,Unknown,Unknown,Running,November,Week 1,1,7,0.233333,0.043,0.186,calendar_day_share
"7""",60-62 Kgs,Unknown,Unknown,Running,November,Week 2,8,14,0.233333,0.043,0.186,calendar_day_share
"7""",60-62 Kgs,Unknown,Unknown,Running,November,Week 3,15,21,0.233333,0.043,0.186,calendar_day_share
"7""",60-62 Kgs,Unknown,Unknown,Running,November,Week 4,22,28,0.233333,0.043,0.186,calendar_day_share
"7""",60-62 Kgs,Unknown,Unknown,Running,November,Week 5,29,30,0.066667,0.012,0.186,calendar_day_share
¾”,4-4½ Kgs,1.2 mm,18,Running,November,Week 1,1,7,0.233333,4.857,20.817,calendar_day_share
¾”,4-4½ Kgs,1.2 mm,18,Running,November,Week 2,8,14,0.233333,4.857,20.817,calendar_day_share
¾”,4-4½ Kgs,1.2 mm,18,Running,November,Week 3,15,21,0.233333,4.857,20.817,calendar_day_share
¾”,4-4½ Kgs,1.2 mm,18,Running,November,Week 4,22,28,0.233333,4.857,20.817,calendar_day_share
¾”,4-4½ Kgs,1.2 mm,18,Running,November,Week 5,29,30,0.066667,1.388,20.817,calendar_day_share
¾”,5½-6 Kgs,1.6 mm,16,Running,November,Week 1,1,7,0.233333,0.125,0.538,calendar_day_share
¾”,5½-6 Kgs,1.6 mm,16,Running,November,Week 2,8,14,0.233333,0.125,0.538,calendar_day_share
¾”,5½-6 Kgs,1.6 mm,16,Running,November,Week 3,15,21,0.233333,0.125,0.538,calendar_day_share
¾”,5½-6 Kgs,1.6 mm,16,Running,November,Week 4,22,28,0.233333,0.125,0.538,calendar_day_share
¾”,5½-6 Kgs,1.6 mm,16,Running,November,Week 5,29,30,0.066667,0.036,0.538,calendar_day_share
¾”,6 -7 Kgs,2 mm,14,Running,November,Week 1,1,7,0.233333,59.668,255.721,calendar_day_share
¾”,6 -7 Kgs,2 mm,14,Running,November,Week 2,8,14,0.233333,59.668,255.721,calendar_day_share
¾”,6 -7 Kgs,2 mm,14,Running,November,Week 3,15,21,0.233333,59.668,255.721,calendar_day_share
¾”,6 -7 Kgs,2 mm,14,Running,November,Week 4,22,28,0.233333,59.668,255.721,calendar_day_share
¾”,6 -7 Kgs,2 mm,14,Running,November,Week 5,29,30,0.066667,17.048,255.721,calendar_day_share
¾”,7 -7½ Kgs,2 mm,14,Running,November,Week 1,1,7,0.233333,21.84,93.601,calendar_day_share
¾”,7 -7½ Kgs,2 mm,14,Running,November,Week 2,8,14,0.233333,21.84,93.601,calendar_day_share
¾”,7 -7½ Kgs,2 mm,14,Running,November,Week 3,15,21,0.233333,21.84,93.601,calendar_day_share
¾”,7 -7½ Kgs,2 mm,14,Running,November,Week 4,22,28,0.233333,21.84,93.601,calendar_day_share
¾”,7 -7½ Kgs,2 mm,14,Running,November,Week 5,29,30,0.066667,6.24,93.601,calendar_day_share
¾”,8-8½ Kgs,2.35 mm,12,Running,November,Week 1,1,7,0.233333,0.014,0.062,calendar_day_share
¾”,8-8½ Kgs,2.35 mm,12,Running,November,Week 2,8,14,0.233333,0.014,0.062,calendar_day_share
¾”,8-8½ Kgs,2.35 mm,12,Running,November,Week 3,15,21,0.233333,0.014,0.062,calendar_day_share
¾”,8-8½ Kgs,2.35 mm,12,Running,November,Week 4,22,28,0.233333,0.014,0.062,calendar_day_share
¾”,8-8½ Kgs,2.35 mm,12,Running,November,Week 5,29,30,0.066667,0.004,0.062,calendar_day_share
"1""",11-12 Kgs,2.35 mm,12,Running,December,Week 1,1,7,0.225806,19.152,84.814,calendar_day_share
"1""",11-12 Kgs,2.35 mm,12,Running,December,Week 2,8,14,0.225806,19.152,84.814,calendar_day_share
"1""",11-12 Kgs,2.35 mm,12,Running,December,Week 3,15,21,0.225806,19.152,84.814,calendar_day_share
"1""",11-12 Kgs,2.35 mm,12,Running,December,Week 4,22,28,0.225806,19.152,84.814,calendar_day_share
"1""",11-12 Kgs,2.35 mm,12,Running,December,Week 5,29,31,0.096774,8.208,84.814,calendar_day_share
"1""",13-14 Kgs,2.35 mm,10,Running,December,Week 1,1,7,0.225806,68.85,304.907,calendar_day_share
"1""",13-14 Kgs,2.35 mm,10,Running,December,Week 2,8,14,0.225806,68.85,304.907,calendar_day_share
"1""",13-14 Kgs,2.35 mm,10,Running,December,Week 3,15,21,0.225806,68.85,304.907,calendar_day_share
"1""",13-14 Kgs,2.35 mm,10,Running,December,Week 4,22,28,0.225806,68.85,304.907,calendar_day_share
"1""",13-14 Kgs,2.35 mm,10,Running,December,Week 5,29,31,0.096774,29.507,304.907,calendar_day_share
"1""",13-14 Kgs,3.25 mm,10,Running,December,Week 1,1,7,0.225806,0.422,1.867,calendar_day_share
"1""",13-14 Kgs,3.25 mm,10,Running,December,Week 2,8,14,0.225806,0.422,1.867,calendar_day_share
"1""",13-14 Kgs,3.25 mm,10,Running,December,Week 3,15,21,0.225806,0.422,1.867,calendar_day_share
"1""",13-14 Kgs,3.25 mm,10,Running,December,Week 4,22,28,0.225806,0.422,1.867,calendar_day_share
"1""",13-14 Kgs,3.25 mm,10,Running,December,Week 5,29,31,0.096774,0.181,1.867,calendar_day_share
"1""",17-18 Kgs,3.25 mm,10,Running,December,Week 1,1,7,0.225806,5.298,23.463,calendar_day_share
"1""",17-18 Kgs,3.25 mm,10,Running,December,Week 2,8,14,0.225806,5.298,23.463,calendar_day_share
"1""",17-18 Kgs,3.25 mm,10,Running,December,Week 3,15,21,0.225806,5.298,23.463,calendar_day_share
"1""",17-18 Kgs,3.25 mm,10,Running,December,Week 4,22,28,0.225806,5.298,23.463,calendar_day_share
"1""",17-18 Kgs,3.25 mm,10,Running,December,Week 5,29,31,0.096774,2.271,23.463,calendar_day_share
"1""",7-8 Kgs,1.6 mm,16,Running,December,Week 1,1,7,0.225806,20.148,89.226,calendar_day_share
"1""",7-8 Kgs,1.6 mm,16,Running,December,Week 2,8,14,0.225806,20.148,89.226,calendar_day_share
"1""",7-8 Kgs,1.6 mm,16,Running,December,Week 3,15,21,0.225806,20.148,89.226,calendar_day_share
"1""",7-8 Kgs,1.6 mm,16,Running,December,Week 4,22,28,0.225806,20.148,89.226,calendar_day_share
"1""",7-8 Kgs,1.6 mm,16,Running,December,Week 5,29,31,0.096774,8.635,89.226,calendar_day_share
"1""",9-10 Kgs,2 mm,14,Running,December,Week 1,1,7,0.225806,45.38,200.97,calendar_day_share
"1""",9-10 Kgs,2 mm,14,Running,December,Week 2,8,14,0.225806,45.38,200.97,calendar_day_share
"1""",9-10 Kgs,2 mm,14,Running,December,Week 3,15,21,0.225806,45.38,200.97,calendar_day_share
"1""",9-10 Kgs,2 mm,14,Running,December,Week 4,22,28,0.225806,45.38,200.97,calendar_day_share
"1""",9-10 Kgs,2 mm,14,Running,December,Week 5,29,31,0.096774,19.449,200.97,calendar_day_share
"1""",Unknown,Unknown,10,Running,December,Week 1,1,7,0.225806,0.022,0.096,calendar_day_share
"1""",Unknown,Unknown,10,Running,December,Week 2,8,14,0.225806,0.022,0.096,calendar_day_share
"1""",Unknown,Unknown,10,Running,December,Week 3,15,21,0.225806,0.022,0.096,calendar_day_share
"1""",Unknown,Unknown,10,Running,December,Week 4,22,28,0.225806,0.022,0.096,calendar_day_share
"1""",Unknown,Unknown,10,Running,December,Week 5,29,31,0.096774,0.009,0.096,calendar_day_share
"1¼""",10-11 Kgs,1.6 mm,16,Running,December,Week 1,1,7,0.225806,17.884,79.201,calendar_day_share
"1¼""",10-11 Kgs,1.6 mm,16,Running,December,Week 2,8,14,0.225806,17.884,79.201,calendar_day_share
"1¼""",10-11 Kgs,1.6 mm,16,Running,December,Week 3,15,21,0.225806,17.884,79.201,calendar_day_share
"1¼""",10-11 Kgs,1.6 mm,16,Running,December,Week 4,22,28,0.225806,17.884,79.201,calendar_day_share
"1¼""",10-11 Kgs,1.6 mm,16,Running,December,Week 5,29,31,0.096774,7.665,79.201,calendar_day_share
"1¼""",12-13 Kgs,2 mm,14,Running,December,Week 1,1,7,0.225806,22.496,99.627,calendar_day_share
"1¼""",12-13 Kgs,2 mm,14,Running,December,Week 2,8,14,0.225806,22.496,99.627,calendar_day_share
"1¼""",12-13 Kgs,2 mm,14,Running,December,Week 3,15,21,0.225806,22.496,99.627,calendar_day_share
"1¼""",12-13 Kgs,2 mm,14,Running,December,Week 4,22,28,0.225806,22.496,99.627,calendar_day_share
"1¼""",12-13 Kgs,2 mm,14,Running,December,Week 5,29,31,0.096774,9.641,99.627,calendar_day_share
"1¼""",15-16 Kgs,2.65 mm,12,Running,December,Week 1,1,7,0.225806,18.194,80.575,calendar_day_share
"1¼""",15-16 Kgs,2.65 mm,12,Running,December,Week 2,8,14,0.225806,18.194,80.575,calendar_day_share
"1¼""",15-16 Kgs,2.65 mm,12,Running,December,Week 3,15,21,0.225806,18.194,80.575,calendar_day_share
"1¼""",15-16 Kgs,2.65 mm,12,Running,December,Week 4,22,28,0.225806,18.194,80.575,calendar_day_share
"1¼""",15-16 Kgs,2.65 mm,12,Running,December,Week 5,29,31,0.096774,7.798,80.575,calendar_day_share
"1¼""",17-18 Kgs,2.65 mm,12,Running,December,Week 1,1,7,0.225806,1.75,7.751,calendar_day_share
"1¼""",17-18 Kgs,2.65 mm,12,Running,December,Week 2,8,14,0.225806,1.75,7.751,calendar_day_share
"1¼""",17-18 Kgs,2.65 mm,12,Running,December,Week 3,15,21,0.225806,1.75,7.751,calendar_day_share
"1¼""",17-18 Kgs,2.65 mm,12,Running,December,Week 4,22,28,0.225806,1.75,7.751,calendar_day_share
"1¼""",17-18 Kgs,2.65 mm,12,Running,December,Week 5,29,31,0.096774,0.75,7.751,calendar_day_share
"1¼""",17-18 Kgs,3 mm,10,Running,December,Week 1,1,7,0.225806,25.912,114.753,calendar_day_share
"1¼""",17-18 Kgs,3 mm,10,Running,December,Week 2,8,14,0.225806,25.912,114.753,calendar_day_share
"1¼""",17-18 Kgs,3 mm,10,Running,December,Week 3,15,21,0.225806,25.912,114.753,calendar_day_share
"1¼""",17-18 Kgs,3 mm,10,Running,December,Week 4,22,28,0.225806,25.912,114.753,calendar_day_share
"1¼""",17-18 Kgs,3 mm,10,Running,December,Week 5,29,31,0.096774,11.105,114.753,calendar_day_share
"1¼""",19-20 Kgs,3 mm,10,Running,December,Week 1,1,7,0.225806,3.25,14.391,calendar_day_share
"1¼""",19-20 Kgs,3 mm,10,Running,December,Week 2,8,14,0.225806,3.25,14.391,calendar_day_share
"1¼""",19-20 Kgs,3 mm,10,Running,December,Week 3,15,21,0.225806,3.25,14.391,calendar_day_share
"1¼""",19-20 Kgs,3 mm,10,Running,December,Week 4,22,28,0.225806,3.25,14.391,calendar_day_share
"1¼""",19-20 Kgs,3 mm,10,Running,December,Week 5,29,31,0.096774,1.393,14.391,calendar_day_share
"1¼""",21-22 Kgs,3.65 mm,9,Running,December,Week 1,1,7,0.225806,0.324,1.436,calendar_day_share
"1¼""",21-22 Kgs,3.65 mm,9,Running,December,Week 2,8,14,0.225806,0.324,1.436,calendar_day_share
"1¼""",21-22 Kgs,3.65 mm,9,Running,December,Week 3,15,21,0.225806,0.324,1.436,calendar_day_share
"1¼""",21-22 Kgs,3.65 mm,9,Running,December,Week 4,22,28,0.225806,0.324,1.436,calendar_day_share
"1¼""",21-22 Kgs,3.65 mm,9,Running,December,Week 5,29,31,0.096774,0.139,1.436,calendar_day_share
"1¼""",22-23 Kgs,3.65 mm,9,Running,December,Week 1,1,7,0.225806,0.114,0.506,calendar_day_share
"1¼""",22-23 Kgs,3.65 mm,9,Running,December,Week 2,8,14,0.225806,0.114,0.506,calendar_day_share
"1¼""",22-23 Kgs,3.65 mm,9,Running,December,Week 3,15,21,0.225806,0.114,0.506,calendar_day_share
"1¼""",22-23 Kgs,3.65 mm,9,Running,December,Week 4,22,28,0.225806,0.114,0.506,calendar_day_share
"1¼""",22-23 Kgs,3.65 mm,9,Running,December,Week 5,29,31,0.096774,0.049,0.506,calendar_day_share
"1¼""",8-9 Kgs,1.2 mm,18,Running,December,Week 1,1,7,0.225806,0.015,0.068,calendar_day_share
"1¼""",8-9 Kgs,1.2 mm,18,Running,December,Week 2,8,14,0.225806,0.015,0.068,calendar_day_share
"1¼""",8-9 Kgs,1.2 mm,18,Running,December,Week 3,15,21,0.225806,0.015,0.068,calendar_day_share
"1¼""",8-9 Kgs,1.2 mm,18,Running,December,Week 4,22,28,0.225806,0.015,0.068,calendar_day_share
"1¼""",8-9 Kgs,1.2 mm,18,Running,December,Week 5,29,31,0.096774,0.007,0.068,calendar_day_share
"1½""",10-11 Kgs,1.6 mm,16,Running,December,Week 1,1,7,0.225806,35.051,155.226,calendar_day_share
"1½""",10-11 Kgs,1.6 mm,16,Running,December,Week 2,8,14,0.225806,35.051,155.226,calendar_day_share
"1½""",10-11 Kgs,1.6 mm,16,Running,December,Week 3,15,21,0.225806,35.051,155.226,calendar_day_share
"1½""",10-11 Kgs,1.6 mm,16,Running,December,Week 4,22,28,0.225806,35.051,155.226,calendar_day_share
"1½""",10-11 Kgs,1.6 mm,16,Running,December,Week 5,29,31,0.096774,15.022,155.226,calendar_day_share
"1½""",13-14 Kgs,1.8 mm,14,Running,December,Week 1,1,7,0.225806,0.013,0.059,calendar_day_share
"1½""",13-14 Kgs,1.8 mm,14,Running,December,Week 2,8,14,0.225806,0.013,0.059,calendar_day_share
"1½""",13-14 Kgs,1.8 mm,14,Running,December,Week 3,15,21,0.225806,0.013,0.059,calendar_day_share
"1½""",13-14 Kgs,1.8 mm,14,Running,December,Week 4,22,28,0.225806,0.013,0.059,calendar_day_share
"1½""",13-14 Kgs,1.8 mm,14,Running,December,Week 5,29,31,0.096774,0.006,0.059,calendar_day_share
"1½""",13-14 Kgs,2 mm,14,Running,December,Week 1,1,7,0.225806,97.363,431.177,calendar_day_share
"1½""",13-14 Kgs,2 mm,14,Running,December,Week 2,8,14,0.225806,97.363,431.177,calendar_day_share
"1½""",13-14 Kgs,2 mm,14,Running,December,Week 3,15,21,0.225806,97.363,431.177,calendar_day_share
"1½""",13-14 Kgs,2 mm,14,Running,December,Week 4,22,28,0.225806,97.363,431.177,calendar_day_share
"1½""",13-14 Kgs,2 mm,14,Running,December,Week 5,29,31,0.096774,41.727,431.177,calendar_day_share
"1½""",15-16 Kgs,2 mm,12,Running,December,Week 1,1,7,0.225806,0.46,2.037,calendar_day_share
"1½""",15-16 Kgs,2 mm,12,Running,December,Week 2,8,14,0.225806,0.46,2.037,calendar_day_share
"1½""",15-16 Kgs,2 mm,12,Running,December,Week 3,15,21,0.225806,0.46,2.037,calendar_day_share
"1½""",15-16 Kgs,2 mm,12,Running,December,Week 4,22,28,0.225806,0.46,2.037,calendar_day_share
"1½""",15-16 Kgs,2 mm,12,Running,December,Week 5,29,31,0.096774,0.197,2.037,calendar_day_share
"1½""",17-18 Kgs,2.65 mm,10,Running,December,Week 1,1,7,0.225806,1.112,4.926,calendar_day_share
"1½""",17-18 Kgs,2.65 mm,10,Running,December,Week 2,8,14,0.225806,1.112,4.926,calendar_day_share
"1½""",17-18 Kgs,2.65 mm,10,Running,December,Week 3,15,21,0.225806,1.112,4.926,calendar_day_share
"1½""",17-18 Kgs,2.65 mm,10,Running,December,Week 4,22,28,0.225806,1.112,4.926,calendar_day_share
"1½""",17-18 Kgs,2.65 mm,10,Running,December,Week 5,29,31,0.096774,0.477,4.926,calendar_day_share
"1½""",17-18 Kgs,2.65 mm,11,Running,December,Week 1,1,7,0.225806,14.078,62.344,calendar_day_share
"1½""",17-18 Kgs,2.65 mm,11,Running,December,Week 2,8,14,0.225806,14.078,62.344,calendar_day_share
"1½""",17-18 Kgs,2.65 mm,11,Running,December,Week 3,15,21,0.225806,14.078,62.344,calendar_day_share
"1½""",17-18 Kgs,2.65 mm,11,Running,December,Week 4,22,28,0.225806,14.078,62.344,calendar_day_share
"1½""",17-18 Kgs,2.65 mm,11,Running,December,Week 5,29,31,0.096774,6.033,62.344,calendar_day_share
"1½""",20-21 Kgs,2.9 mm,10,Running,December,Week 1,1,7,0.225806,0.014,0.064,calendar_day_share
"1½""",20-21 Kgs,2.9 mm,10,Running,December,Week 2,8,14,0.225806,0.014,0.064,calendar_day_share
"1½""",20-21 Kgs,2.9 mm,10,Running,December,Week 3,15,21,0.225806,0.014,0.064,calendar_day_share
"1½""",20-21 Kgs,2.9 mm,10,Running,December,Week 4,22,28,0.225806,0.014,0.064,calendar_day_share
"1½""",20-21 Kgs,2.9 mm,10,Running,December,Week 5,29,31,0.096774,0.006,0.064,calendar_day_share
"1½""",23-24 Kgs,3.65 mm,9,Running,December,Week 1,1,7,0.225806,11.628,51.496,calendar_day_share
"1½""",23-24 Kgs,3.65 mm,9,Running,December,Week 2,8,14,0.225806,11.628,51.496,calendar_day_share
"1½""",23-24 Kgs,3.65 mm,9,Running,December,Week 3,15,21,0.225806,11.628,51.496,calendar_day_share
"1½""",23-24 Kgs,3.65 mm,9,Running,December,Week 4,22,28,0.225806,11.628,51.496,calendar_day_share
"1½""",23-24 Kgs,3.65 mm,9,Running,December,Week 5,29,31,0.096774,4.983,51.496,calendar_day_share
"1½""",25-26 Kgs,4 mm,8,Running,December,Week 1,1,7,0.225806,0.008,0.034,calendar_day_share
"1½""",25-26 Kgs,4 mm,8,Running,December,Week 2,8,14,0.225806,0.008,0.034,calendar_day_share
"1½""",25-26 Kgs,4 mm,8,Running,December,Week 3,15,21,0.225806,0.008,0.034,calendar_day_share
"1½""",25-26 Kgs,4 mm,8,Running,December,Week 4,22,28,0.225806,0.008,0.034,calendar_day_share
"1½""",25-26 Kgs,4 mm,8,Running,December,Week 5,29,31,0.096774,0.003,0.034,calendar_day_share
"2""",13-14 Kgs,1.6 mm,16,Running,December,Week 1,1,7,0.225806,32.897,145.688,calendar_day_share
"2""",13-14 Kgs,1.6 mm,16,Running,December,Week 2,8,14,0.225806,32.897,145.688,calendar_day_share
"2""",13-14 Kgs,1.6 mm,16,Running,December,Week 3,15,21,0.225806,32.897,145.688,calendar_day_share
"2""",13-14 Kgs,1.6 mm,16,Running,December,Week 4,22,28,0.225806,32.897,145.688,calendar_day_share
"2""",13-14 Kgs,1.6 mm,16,Running,December,Week 5,29,31,0.096774,14.099,145.688,calendar_day_share
"2""",16-17 Kgs,2.0 mm,14,Running,December,Week 1,1,7,0.225806,89.948,398.34,calendar_day_share
"2""",16-17 Kgs,2.0 mm,14,Running,December,Week 2,8,14,0.225806,89.948,398.34,calendar_day_share
"2""",16-17 Kgs,2.0 mm,14,Running,December,Week 3,15,21,0.225806,89.948,398.34,calendar_day_share
"2""",16-17 Kgs,2.0 mm,14,Running,December,Week 4,22,28,0.225806,89.948,398.34,calendar_day_share
"2""",16-17 Kgs,2.0 mm,14,Running,December,Week 5,29,31,0.096774,38.549,398.34,calendar_day_share
"2""",16-17½ Kgs,2 mm,14,Running,December,Week 1,1,7,0.225806,0.021,0.093,calendar_day_share
"2""",16-17½ Kgs,2 mm,14,Running,December,Week 2,8,14,0.225806,0.021,0.093,calendar_day_share
"2""",16-17½ Kgs,2 mm,14,Running,December,Week 3,15,21,0.225806,0.021,0.093,calendar_day_share
"2""",16-17½ Kgs,2 mm,14,Running,December,Week 4,22,28,0.225806,0.021,0.093,calendar_day_share
"2""",16-17½ Kgs,2 mm,14,Running,December,Week 5,29,31,0.096774,0.009,0.093,calendar_day_share
"2""",20-21 Kgs,2.35 mm,12,Running,December,Week 1,1,7,0.225806,35.169,155.747,calendar_day_share
"2""",20-21 Kgs,2.35 mm,12,Running,December,Week 2,8,14,0.225806,35.169,155.747,calendar_day_share
"2""",20-21 Kgs,2.35 mm,12,Running,December,Week 3,15,21,0.225806,35.169,155.747,calendar_day_share
"2""",20-21 Kgs,2.35 mm,12,Running,December,Week 4,22,28,0.225806,35.169,155.747,calendar_day_share
"2""",20-21 Kgs,2.35 mm,12,Running,December,Week 5,29,31,0.096774,15.072,155.747,calendar_day_share
"2""",25-26 Kgs,3.25 mm,10,Running,December,Week 1,1,7,0.225806,37.659,166.777,calendar_day_share
"2""",25-26 Kgs,3.25 mm,10,Running,December,Week 2,8,14,0.225806,37.659,166.777,calendar_day_share
"2""",25-26 Kgs,3.25 mm,10,Running,December,Week 3,15,21,0.225806,37.659,166.777,calendar_day_share
"2""",25-26 Kgs,3.25 mm,10,Running,December,Week 4,22,28,0.225806,37.659,166.777,calendar_day_share
"2""",25-26 Kgs,3.25 mm,10,Running,December,Week 5,29,31,0.096774,16.14,166.777,calendar_day_share
"2""",29-30 Kgs,3.65 mm,9,Running,December,Week 1,1,7,0.225806,8.452,37.429,calendar_day_share
"2""",29-30 Kgs,3.65 mm,9,Running,December,Week 2,8,14,0.225806,8.452,37.429,calendar_day_share
"2""",29-30 Kgs,3.65 mm,9,Running,December,Week 3,15,21,0.225806,8.452,37.429,calendar_day_share
"2""",29-30 Kgs,3.65 mm,9,Running,December,Week 4,22,28,0.225806,8.452,37.429,calendar_day_share
"2""",29-30 Kgs,3.65 mm,9,Running,December,Week 5,29,31,0.096774,3.622,37.429,calendar_day_share
"2""",32-34 Kgs,4 mm,8,Running,December,Week 1,1,7,0.225806,12.868,56.988,calendar_day_share
"2""",32-34 Kgs,4 mm,8,Running,December,Week 2,8,14,0.225806,12.868,56.988,calendar_day_share
"2""",32-34 Kgs,4 mm,8,Running,December,Week 3,15,21,0.225806,12.868,56.988,calendar_day_share
"2""",32-34 Kgs,4 mm,8,Running,December,Week 4,22,28,0.225806,12.868,56.988,calendar_day_share
"2""",32-34 Kgs,4 mm,8,Running,December,Week 5,29,31,0.096774,5.515,56.988,calendar_day_share
"2""",32-34 Kgs,5 mm,5,Running,December,Week 1,1,7,0.225806,3.934,17.422,calendar_day_share
"2""",32-34 Kgs,5 mm,5,Running,December,Week 2,8,14,0.225806,3.934,17.422,calendar_day_share
"2""",32-34 Kgs,5 mm,5,Running,December,Week 3,15,21,0.225806,3.934,17.422,calendar_day_share
"2""",32-34 Kgs,5 mm,5,Running,December,Week 4,22,28,0.225806,3.934,17.422,calendar_day_share
"2""",32-34 Kgs,5 mm,5,Running,December,Week 5,29,31,0.096774,1.686,17.422,calendar_day_share
"2""",9½-10 Kgs,1.2 mm,18,Running,December,Week 1,1,7,0.225806,0.362,1.605,calendar_day_share
"2""",9½-10 Kgs,1.2 mm,18,Running,December,Week 2,8,14,0.225806,0.362,1.605,calendar_day_share
"2""",9½-10 Kgs,1.2 mm,18,Running,December,Week 3,15,21,0.225806,0.362,1.605,calendar_day_share
"2""",9½-10 Kgs,1.2 mm,18,Running,December,Week 4,22,28,0.225806,0.362,1.605,calendar_day_share
"2""",9½-10 Kgs,1.2 mm,18,Running,December,Week 5,29,31,0.096774,0.155,1.605,calendar_day_share
"2""",Unknown,Unknown,Unknown,Unknown,December,Week 1,1,7,0.225806,0.044,0.193,calendar_day_share
"2""",Unknown,Unknown,Unknown,Unknown,December,Week 2,8,14,0.225806,0.044,0.193,calendar_day_share
"2""",Unknown,Unknown,Unknown,Unknown,December,Week 3,15,21,0.225806,0.044,0.193,calendar_day_share
"2""",Unknown,Unknown,Unknown,Unknown,December,Week 4,22,28,0.225806,0.044,0.193,calendar_day_share
"2""",Unknown,Unknown,Unknown,Unknown,December,Week 5,29,31,0.096774,0.019,0.193,calendar_day_share
"2½""",10-11 Kgs,Unknown,Unknown,Running,December,Week 1,1,7,0.225806,0.365,1.618,calendar_day_share
"2½""",10-11 Kgs,Unknown,Unknown,Running,December,Week 2,8,14,0.225806,0.365,1.618,calendar_day_share
"2½""",10-11 Kgs,Unknown,Unknown,Running,December,Week 3,15,21,0.225806,0.365,1.618,calendar_day_share
"2½""",10-11 Kgs,Unknown,Unknown,Running,December,Week 4,22,28,0.225806,0.365,1.618,calendar_day_share
"2½""",10-11 Kgs,Unknown,Unknown,Running,December,Week 5,29,31,0.096774,0.157,1.618,calendar_day_share
"2½""",16-17 Kgs,1.6 mm,16,Running,December,Week 1,1,7,0.225806,19.786,87.624,calendar_day_share
"2½""",16-17 Kgs,1.6 mm,16,Running,December,Week 2,8,14,0.225806,19.786,87.624,calendar_day_share
"2½""",16-17 Kgs,1.6 mm,16,Running,December,Week 3,15,21,0.225806,19.786,87.624,calendar_day_share
"2½""",16-17 Kgs,1.6 mm,16,Running,December,Week 4,22,28,0.225806,19.786,87.624,calendar_day_share
"2½""",16-17 Kgs,1.6 mm,16,Running,December,Week 5,29,31,0.096774,8.48,87.624,calendar_day_share
"2½""",21-22 Kgs,2 mm,14,Running,December,Week 1,1,7,0.225806,91.138,403.612,calendar_day_share
"2½""",21-22 Kgs,2 mm,14,Running,December,Week 2,8,14,0.225806,91.138,403.612,calendar_day_share
"2½""",21-22 Kgs,2 mm,14,Running,December,Week 3,15,21,0.225806,91.138,403.612,calendar_day_share
"2½""",21-22 Kgs,2 mm,14,Running,December,Week 4,22,28,0.225806,91.138,403.612,calendar_day_share
"2½""",21-22 Kgs,2 mm,14,Running,December,Week 5,29,31,0.096774,39.059,403.612,calendar_day_share
"2½""",27-28 Kgs,2.65 mm,12,Running,December,Week 1,1,7,0.225806,0.246,1.089,calendar_day_share
"2½""",27-28 Kgs,2.65 mm,12,Running,December,Week 2,8,14,0.225806,0.246,1.089,calendar_day_share
"2½""",27-28 Kgs,2.65 mm,12,Running,December,Week 3,15,21,0.225806,0.246,1.089,calendar_day_share
"2½""",27-28 Kgs,2.65 mm,12,Running,December,Week 4,22,28,0.225806,0.246,1.089,calendar_day_share
"2½""",27-28 Kgs,2.65 mm,12,Running,December,Week 5,29,31,0.096774,0.105,1.089,calendar_day_share
"2½""",32-34 Kgs,3 mm,10,Running,December,Week 1,1,7,0.225806,35.473,157.093,calendar_day_share
"2½""",32-34 Kgs,3 mm,10,Running,December,Week 2,8,14,0.225806,35.473,157.093,calendar_day_share
"2½""",32-34 Kgs,3 mm,10,Running,December,Week 3,15,21,0.225806,35.473,157.093,calendar_day_share
"2½""",32-34 Kgs,3 mm,10,Running,December,Week 4,22,28,0.225806,35.473,157.093,calendar_day_share
"2½""",32-34 Kgs,3 mm,10,Running,December,Week 5,29,31,0.096774,15.203,157.093,calendar_day_share
"2½""",32-34 Kgs,5 mm,5,Running,December,Week 1,1,7,0.225806,0.008,0.035,calendar_day_share
"2½""",32-34 Kgs,5 mm,5,Running,December,Week 2,8,14,0.225806,0.008,0.035,calendar_day_share
"2½""",32-34 Kgs,5 mm,5,Running,December,Week 3,15,21,0.225806,0.008,0.035,calendar_day_share
"2½""",32-34 Kgs,5 mm,5,Running,December,Week 4,22,28,0.225806,0.008,0.035,calendar_day_share
"2½""",32-34 Kgs,5 mm,5,Running,December,Week 5,29,31,0.096774,0.003,0.035,calendar_day_share
"2½""",37-38 Kgs,3.65 mm,9,Running,December,Week 1,1,7,0.225806,5.962,26.402,calendar_day_share
"2½""",37-38 Kgs,3.65 mm,9,Running,December,Week 2,8,14,0.225806,5.962,26.402,calendar_day_share
"2½""",37-38 Kgs,3.65 mm,9,Running,December,Week 3,15,21,0.225806,5.962,26.402,calendar_day_share
"2½""",37-38 Kgs,3.65 mm,9,Running,December,Week 4,22,28,0.225806,5.962,26.402,calendar_day_share
"2½""",37-38 Kgs,3.65 mm,9,Running,December,Week 5,29,31,0.096774,2.555,26.402,calendar_day_share
"2½""",52-54 Kgs,5 mm,6,Running,December,Week 1,1,7,0.225806,0.008,0.034,calendar_day_share
"2½""",52-54 Kgs,5 mm,6,Running,December,Week 2,8,14,0.225806,0.008,0.034,calendar_day_share
"2½""",52-54 Kgs,5 mm,6,Running,December,Week 3,15,21,0.225806,0.008,0.034,calendar_day_share
"2½""",52-54 Kgs,5 mm,6,Running,December,Week 4,22,28,0.225806,0.008,0.034,calendar_day_share
"2½""",52-54 Kgs,5 mm,6,Running,December,Week 5,29,31,0.096774,0.003,0.034,calendar_day_share
"3""",32-34 Kgs,2.65 mm,12,Running,December,Week 1,1,7,0.225806,45.104,199.748,calendar_day_share
"3""",32-34 Kgs,2.65 mm,12,Running,December,Week 2,8,14,0.225806,45.104,199.748,calendar_day_share
"3""",32-34 Kgs,2.65 mm,12,Running,December,Week 3,15,21,0.225806,45.104,199.748,calendar_day_share
"3""",32-34 Kgs,2.65 mm,12,Running,December,Week 4,22,28,0.225806,45.104,199.748,calendar_day_share
"3""",32-34 Kgs,2.65 mm,12,Running,December,Week 5,29,31,0.096774,19.33,199.748,calendar_day_share
"3""",37-38 Kgs,3.65 mm,9,Running,December,Week 1,1,7,0.225806,0.013,0.057,calendar_day_share
"3""",37-38 Kgs,3.65 mm,9,Running,December,Week 2,8,14,0.225806,0.013,0.057,calendar_day_share
"3""",37-38 Kgs,3.65 mm,9,Running,December,Week 3,15,21,0.225806,0.013,0.057,calendar_day_share
"3""",37-38 Kgs,3.65 mm,9,Running,December,Week 4,22,28,0.225806,0.013,0.057,calendar_day_share
"3""",37-38 Kgs,3.65 mm,9,Running,December,Week 5,29,31,0.096774,0.006,0.057,calendar_day_share
"3""",38-39 Kgs,3.25 mm,10,Running,December,Week 1,1,7,0.225806,48.196,213.44,calendar_day_share
"3""",38-39 Kgs,3.25 mm,10,Running,December,Week 2,8,14,0.225806,48.196,213.44,calendar_day_share
"3""",38-39 Kgs,3.25 mm,10,Running,December,Week 3,15,21,0.225806,48.196,213.44,calendar_day_share
"3""",38-39 Kgs,3.25 mm,10,Running,December,Week 4,22,28,0.225806,48.196,213.44,calendar_day_share
"3""",38-39 Kgs,3.25 mm,10,Running,December,Week 5,29,31,0.096774,20.655,213.44,calendar_day_share
"3""",45-46 Kgs,3.65 mm,9,Running,December,Week 1,1,7,0.225806,1.379,6.106,calendar_day_share
"3""",45-46 Kgs,3.65 mm,9,Running,December,Week 2,8,14,0.225806,1.379,6.106,calendar_day_share
"3""",45-46 Kgs,3.65 mm,9,Running,December,Week 3,15,21,0.225806,1.379,6.106,calendar_day_share
"3""",45-46 Kgs,3.65 mm,9,Running,December,Week 4,22,28,0.225806,1.379,6.106,calendar_day_share
"3""",45-46 Kgs,3.65 mm,9,Running,December,Week 5,29,31,0.096774,0.591,6.106,calendar_day_share
"3""",50-52 Kgs,4 mm,8,Running,December,Week 1,1,7,0.225806,0.008,0.034,calendar_day_share
"3""",50-52 Kgs,4 mm,8,Running,December,Week 2,8,14,0.225806,0.008,0.034,calendar_day_share
"3""",50-52 Kgs,4 mm,8,Running,December,Week 3,15,21,0.225806,0.008,0.034,calendar_day_share
"3""",50-52 Kgs,4 mm,8,Running,December,Week 4,22,28,0.225806,0.008,0.034,calendar_day_share
"3""",50-52 Kgs,4 mm,8,Running,December,Week 5,29,31,0.096774,0.003,0.034,calendar_day_share
"3""",52-54 Kgs,5 mm,6,Running,December,Week 1,1,7,0.225806,11.066,49.006,calendar_day_share
"3""",52-54 Kgs,5 mm,6,Running,December,Week 2,8,14,0.225806,11.066,49.006,calendar_day_share
"3""",52-54 Kgs,5 mm,6,Running,December,Week 3,15,21,0.225806,11.066,49.006,calendar_day_share
"3""",52-54 Kgs,5 mm,6,Running,December,Week 4,22,28,0.225806,11.066,49.006,calendar_day_share
"3""",52-54 Kgs,5 mm,6,Running,December,Week 5,29,31,0.096774,4.743,49.006,calendar_day_share
"3""",64-65 Kgs,6 mm,5,Unknown,December,Week 1,1,7,0.225806,3.642,16.128,calendar_day_share
"3""",64-65 Kgs,6 mm,5,Unknown,December,Week 2,8,14,0.225806,3.642,16.128,calendar_day_share
"3""",64-65 Kgs,6 mm,5,Unknown,December,Week 3,15,21,0.225806,3.642,16.128,calendar_day_share
"3""",64-65 Kgs,6 mm,5,Unknown,December,Week 4,22,28,0.225806,3.642,16.128,calendar_day_share
"3""",64-65 Kgs,6 mm,5,Unknown,December,Week 5,29,31,0.096774,1.561,16.128,calendar_day_share
"3""",65-66 Kgs,5 mm,6,Running,December,Week 1,1,7,0.225806,0.008,0.034,calendar_day_share
"3""",65-66 Kgs,5 mm,6,Running,December,Week 2,8,14,0.225806,0.008,0.034,calendar_day_share
"3""",65-66 Kgs,5 mm,6,Running,December,Week 3,15,21,0.225806,0.008,0.034,calendar_day_share
"3""",65-66 Kgs,5 mm,6,Running,December,Week 4,22,28,0.225806,0.008,0.034,calendar_day_share
"3""",65-66 Kgs,5 mm,6,Running,December,Week 5,29,31,0.096774,0.003,0.034,calendar_day_share
"4"" OD",65-65 Kgs,Unknown,Unknown,Running,December,Week 1,1,7,0.225806,0.008,0.034,calendar_day_share
"4"" OD",65-65 Kgs,Unknown,Unknown,Running,December,Week 2,8,14,0.225806,0.008,0.034,calendar_day_share
"4"" OD",65-65 Kgs,Unknown,Unknown,Running,December,Week 3,15,21,0.225806,0.008,0.034,calendar_day_share
"4"" OD",65-65 Kgs,Unknown,Unknown,Running,December,Week 4,22,28,0.225806,0.008,0.034,calendar_day_share
"4"" OD",65-65 Kgs,Unknown,Unknown,Running,December,Week 5,29,31,0.096774,0.003,0.034,calendar_day_share
"4"" OD",66-67 Kgs,4 mm,8,Running,December,Week 1,1,7,0.225806,2.34,10.364,calendar_day_share
"4"" OD",66-67 Kgs,4 mm,8,Running,December,Week 2,8,14,0.225806,2.34,10.364,calendar_day_share
"4"" OD",66-67 Kgs,4 mm,8,Running,December,Week 3,15,21,0.225806,2.34,10.364,calendar_day_share
"4"" OD",66-67 Kgs,4 mm,8,Running,December,Week 4,22,28,0.225806,2.34,10.364,calendar_day_share
"4"" OD",66-67 Kgs,4 mm,8,Running,December,Week 5,29,31,0.096774,1.003,10.364,calendar_day_share
"4"" OD",75-76 Kgs,4.5 mm,8,Running,December,Week 1,1,7,0.225806,0.008,0.034,calendar_day_share
"4"" OD",75-76 Kgs,4.5 mm,8,Running,December,Week 2,8,14,0.225806,0.008,0.034,calendar_day_share
"4"" OD",75-76 Kgs,4.5 mm,8,Running,December,Week 3,15,21,0.225806,0.008,0.034,calendar_day_share
"4"" OD",75-76 Kgs,4.5 mm,8,Running,December,Week 4,22,28,0.225806,0.008,0.034,calendar_day_share
"4"" OD",75-76 Kgs,4.5 mm,8,Running,December,Week 5,29,31,0.096774,0.003,0.034,calendar_day_share
"4""",25-26 Kgs,1.6 mm,16,Running,December,Week 1,1,7,0.225806,4.358,19.3,calendar_day_share
"4""",25-26 Kgs,1.6 mm,16,Running,December,Week 2,8,14,0.225806,4.358,19.3,calendar_day_share
"4""",25-26 Kgs,1.6 mm,16,Running,December,Week 3,15,21,0.225806,4.358,19.3,calendar_day_share
"4""",25-26 Kgs,1.6 mm,16,Running,December,Week 4,22,28,0.225806,4.358,19.3,calendar_day_share
"4""",25-26 Kgs,1.6 mm,16,Running,December,Week 5,29,31,0.096774,1.868,19.3,calendar_day_share
"4""",25-26 Kgs,2 mm,14,Running,December,Week 1,1,7,0.225806,0.021,0.093,calendar_day_share
"4""",25-26 Kgs,2 mm,14,Running,December,Week 2,8,14,0.225806,0.021,0.093,calendar_day_share
"4""",25-26 Kgs,2 mm,14,Running,December,Week 3,15,21,0.225806,0.021,0.093,calendar_day_share
"4""",25-26 Kgs,2 mm,14,Running,December,Week 4,22,28,0.225806,0.021,0.093,calendar_day_share
"4""",25-26 Kgs,2 mm,14,Running,December,Week 5,29,31,0.096774,0.009,0.093,calendar_day_share
"4""",32-34 Kgs,2 mm,14,Running,December,Week 1,1,7,0.225806,25.702,113.822,calendar_day_share
"4""",32-34 Kgs,2 mm,14,Running,December,Week 2,8,14,0.225806,25.702,113.822,calendar_day_share
"4""",32-34 Kgs,2 mm,14,Running,December,Week 3,15,21,0.225806,25.702,113.822,calendar_day_share
"4""",32-34 Kgs,2 mm,14,Running,December,Week 4,22,28,0.225806,25.702,113.822,calendar_day_share
"4""",32-34 Kgs,2 mm,14,Running,December,Week 5,29,31,0.096774,11.015,113.822,calendar_day_share
"4""",40-42 Kgs,2.65 mm,12,Running,December,Week 1,1,7,0.225806,25.103,111.17,calendar_day_share
"4""",40-42 Kgs,2.65 mm,12,Running,December,Week 2,8,14,0.225806,25.103,111.17,calendar_day_share
"4""",40-42 Kgs,2.65 mm,12,Running,December,Week 3,15,21,0.225806,25.103,111.17,calendar_day_share
"4""",40-42 Kgs,2.65 mm,12,Running,December,Week 4,22,28,0.225806,25.103,111.17,calendar_day_share
"4""",40-42 Kgs,2.65 mm,12,Running,December,Week 5,29,31,0.096774,10.758,111.17,calendar_day_share
"4""",45-46 Kgs,3.65 mm,9,Running,December,Week 1,1,7,0.225806,0.013,0.056,calendar_day_share
"4""",45-46 Kgs,3.65 mm,9,Running,December,Week 2,8,14,0.225806,0.013,0.056,calendar_day_share
"4""",45-46 Kgs,3.65 mm,9,Running,December,Week 3,15,21,0.225806,0.013,0.056,calendar_day_share
"4""",45-46 Kgs,3.65 mm,9,Running,December,Week 4,22,28,0.225806,0.013,0.056,calendar_day_share
"4""",45-46 Kgs,3.65 mm,9,Running,December,Week 5,29,31,0.096774,0.005,0.056,calendar_day_share
"4""",48-50 Kgs,3.25 mm,10,Running,December,Week 1,1,7,0.225806,57.665,255.372,calendar_day_share
"4""",48-50 Kgs,3.25 mm,10,Running,December,Week 2,8,14,0.225806,57.665,255.372,calendar_day_share
"4""",48-50 Kgs,3.25 mm,10,Running,December,Week 3,15,21,0.225806,57.665,255.372,calendar_day_share
"4""",48-50 Kgs,3.25 mm,10,Running,December,Week 4,22,28,0.225806,57.665,255.372,calendar_day_share
"4""",48-50 Kgs,3.25 mm,10,Running,December,Week 5,29,31,0.096774,24.713,255.372,calendar_day_share
"4""",50-52 Kgs,4 mm,8,Running,December,Week 1,1,7,0.225806,9.196,40.724,calendar_day_share
"4""",50-52 Kgs,4 mm,8,Running,December,Week 2,8,14,0.225806,9.196,40.724,calendar_day_share
"4""",50-52 Kgs,4 mm,8,Running,December,Week 3,15,21,0.225806,9.196,40.724,calendar_day_share
"4""",50-52 Kgs,4 mm,8,Running,December,Week 4,22,28,0.225806,9.196,40.724,calendar_day_share
"4""",50-52 Kgs,4 mm,8,Running,December,Week 5,29,31,0.096774,3.941,40.724,calendar_day_share
"4""",58-60 Kgs,3.65 mm,9,Running,December,Week 1,1,7,0.225806,16.009,70.895,calendar_day_share
"4""",58-60 Kgs,3.65 mm,9,Running,December,Week 2,8,14,0.225806,16.009,70.895,calendar_day_share
"4""",58-60 Kgs,3.65 mm,9,Running,December,Week 3,15,21,0.225806,16.009,70.895,calendar_day_share
"4""",58-60 Kgs,3.65 mm,9,Running,December,Week 4,22,28,0.225806,16.009,70.895,calendar_day_share
"4""",58-60 Kgs,3.65 mm,9,Running,December,Week 5,29,31,0.096774,6.861,70.895,calendar_day_share
"4""",61-62 Kgs,3.9 mm,9,Running,December,Week 1,1,7,0.225806,5.978,26.476,calendar_day_share
"4""",61-62 Kgs,3.9 mm,9,Running,December,Week 2,8,14,0.225806,5.978,26.476,calendar_day_share
"4""",61-62 Kgs,3.9 mm,9,Running,December,Week 3,15,21,0.225806,5.978,26.476,calendar_day_share
"4""",61-62 Kgs,3.9 mm,9,Running,December,Week 4,22,28,0.225806,5.978,26.476,calendar_day_share
"4""",61-62 Kgs,3.9 mm,9,Running,December,Week 5,29,31,0.096774,2.562,26.476,calendar_day_share
"4""",65-66 Kgs,5 mm,6,Running,December,Week 1,1,7,0.225806,8.709,38.568,calendar_day_share
"4""",65-66 Kgs,5 mm,6,Running,December,Week 2,8,14,0.225806,8.709,38.568,calendar_day_share
"4""",65-66 Kgs,5 mm,6,Running,December,Week 3,15,21,0.225806,8.709,38.568,calendar_day_share
"4""",65-66 Kgs,5 mm,6,Running,December,Week 4,22,28,0.225806,8.709,38.568,calendar_day_share
"4""",65-66 Kgs,5 mm,6,Running,December,Week 5,29,31,0.096774,3.732,38.568,calendar_day_share
"4""",66-67 Kgs,4 mm,8,Running,December,Week 1,1,7,0.225806,0.122,0.542,calendar_day_share
"4""",66-67 Kgs,4 mm,8,Running,December,Week 2,8,14,0.225806,0.122,0.542,calendar_day_share
"4""",66-67 Kgs,4 mm,8,Running,December,Week 3,15,21,0.225806,0.122,0.542,calendar_day_share
"4""",66-67 Kgs,4 mm,8,Running,December,Week 4,22,28,0.225806,0.122,0.542,calendar_day_share
"4""",66-67 Kgs,4 mm,8,Running,December,Week 5,29,31,0.096774,0.052,0.542,calendar_day_share
"4""",75-76 Kgs,4.5 mm,8,Running,December,Week 1,1,7,0.225806,0.008,0.034,calendar_day_share
"4""",75-76 Kgs,4.5 mm,8,Running,December,Week 2,8,14,0.225806,0.008,0.034,calendar_day_share
"4""",75-76 Kgs,4.5 mm,8,Running,December,Week 3,15,21,0.225806,0.008,0.034,calendar_day_share
"4""",75-76 Kgs,4.5 mm,8,Running,December,Week 4,22,28,0.225806,0.008,0.034,calendar_day_share
"4""",75-76 Kgs,4.5 mm,8,Running,December,Week 5,29,31,0.096774,0.003,0.034,calendar_day_share
"4""",95-100 Kgs,6.35 mm,4,Running,December,Week 1,1,7,0.225806,0.008,0.035,calendar_day_share
"4""",95-100 Kgs,6.35 mm,4,Running,December,Week 2,8,14,0.225806,0.008,0.035,calendar_day_share
"4""",95-100 Kgs,6.35 mm,4,Running,December,Week 3,15,21,0.225806,0.008,0.035,calendar_day_share
"4""",95-100 Kgs,6.35 mm,4,Running,December,Week 4,22,28,0.225806,0.008,0.035,calendar_day_share
"4""",95-100 Kgs,6.35 mm,4,Running,December,Week 5,29,31,0.096774,0.003,0.035,calendar_day_share
"5"" O.D",100 -102 Kgs,5 mm,5,New,December,Week 1,1,7,0.225806,1.858,8.229,calendar_day_share
"5"" O.D",100 -102 Kgs,5 mm,5,New,December,Week 2,8,14,0.225806,1.858,8.229,calendar_day_share
"5"" O.D",100 -102 Kgs,5 mm,5,New,December,Week 3,15,21,0.225806,1.858,8.229,calendar_day_share
"5"" O.D",100 -102 Kgs,5 mm,5,New,December,Week 4,22,28,0.225806,1.858,8.229,calendar_day_share
"5"" O.D",100 -102 Kgs,5 mm,5,New,December,Week 5,29,31,0.096774,0.796,8.229,calendar_day_share
"5"" O.D",113-114 Kgs,6 mm,4,Running,December,Week 1,1,7,0.225806,0.005,0.021,calendar_day_share
"5"" O.D",113-114 Kgs,6 mm,4,Running,December,Week 2,8,14,0.225806,0.005,0.021,calendar_day_share
"5"" O.D",113-114 Kgs,6 mm,4,Running,December,Week 3,15,21,0.225806,0.005,0.021,calendar_day_share
"5"" O.D",113-114 Kgs,6 mm,4,Running,December,Week 4,22,28,0.225806,0.005,0.021,calendar_day_share
"5"" O.D",113-114 Kgs,6 mm,4,Running,December,Week 5,29,31,0.096774,0.002,0.021,calendar_day_share
"5"" O.D",120-125 Kgs,6 mm,4,Running,December,Week 1,1,7,0.225806,0.732,3.243,calendar_day_share
"5"" O.D",120-125 Kgs,6 mm,4,Running,December,Week 2,8,14,0.225806,0.732,3.243,calendar_day_share
"5"" O.D",120-125 Kgs,6 mm,4,Running,December,Week 3,15,21,0.225806,0.732,3.243,calendar_day_share
"5"" O.D",120-125 Kgs,6 mm,4,Running,December,Week 4,22,28,0.225806,0.732,3.243,calendar_day_share
"5"" O.D",120-125 Kgs,6 mm,4,Running,December,Week 5,29,31,0.096774,0.314,3.243,calendar_day_share
"5"" O.D",28-29 Kgs,1.2 mm,16,Running,December,Week 1,1,7,0.225806,0.169,0.749,calendar_day_share
"5"" O.D",28-29 Kgs,1.2 mm,16,Running,December,Week 2,8,14,0.225806,0.169,0.749,calendar_day_share
"5"" O.D",28-29 Kgs,1.2 mm,16,Running,December,Week 3,15,21,0.225806,0.169,0.749,calendar_day_share
"5"" O.D",28-29 Kgs,1.2 mm,16,Running,December,Week 4,22,28,0.225806,0.169,0.749,calendar_day_share
"5"" O.D",28-29 Kgs,1.2 mm,16,Running,December,Week 5,29,31,0.096774,0.072,0.749,calendar_day_share
"5"" O.D",37-38 Kgs,2 mm,14,Running,December,Week 1,1,7,0.225806,0.247,1.094,calendar_day_share
"5"" O.D",37-38 Kgs,2 mm,14,Running,December,Week 2,8,14,0.225806,0.247,1.094,calendar_day_share
"5"" O.D",37-38 Kgs,2 mm,14,Running,December,Week 3,15,21,0.225806,0.247,1.094,calendar_day_share
"5"" O.D",37-38 Kgs,2 mm,14,Running,December,Week 4,22,28,0.225806,0.247,1.094,calendar_day_share
"5"" O.D",37-38 Kgs,2 mm,14,Running,December,Week 5,29,31,0.096774,0.106,1.094,calendar_day_share
"5"" O.D",75-76 Kgs,3.65 mm,9,Running,December,Week 1,1,7,0.225806,0.004,0.02,calendar_day_share
"5"" O.D",75-76 Kgs,3.65 mm,9,Running,December,Week 2,8,14,0.225806,0.004,0.02,calendar_day_share
"5"" O.D",75-76 Kgs,3.65 mm,9,Running,December,Week 3,15,21,0.225806,0.004,0.02,calendar_day_share
"5"" O.D",75-76 Kgs,3.65 mm,9,Running,December,Week 4,22,28,0.225806,0.004,0.02,calendar_day_share
"5"" O.D",75-76 Kgs,3.65 mm,9,Running,December,Week 5,29,31,0.096774,0.002,0.02,calendar_day_share
"5"" O.D",88-90 Kgs,4 mm,Unknown,Running,December,Week 1,1,7,0.225806,0.004,0.02,calendar_day_share
"5"" O.D",88-90 Kgs,4 mm,Unknown,Running,December,Week 2,8,14,0.225806,0.004,0.02,calendar_day_share
"5"" O.D",88-90 Kgs,4 mm,Unknown,Running,December,Week 3,15,21,0.225806,0.004,0.02,calendar_day_share
"5"" O.D",88-90 Kgs,4 mm,Unknown,Running,December,Week 4,22,28,0.225806,0.004,0.02,calendar_day_share
"5"" O.D",88-90 Kgs,4 mm,Unknown,Running,December,Week 5,29,31,0.096774,0.002,0.02,calendar_day_share
"5"" O.D",94-95 Kgs,4.5 mm,5,New,December,Week 1,1,7,0.225806,5.809,25.724,calendar_day_share
"5"" O.D",94-95 Kgs,4.5 mm,5,New,December,Week 2,8,14,0.225806,5.809,25.724,calendar_day_share
"5"" O.D",94-95 Kgs,4.5 mm,5,New,December,Week 3,15,21,0.225806,5.809,25.724,calendar_day_share
"5"" O.D",94-95 Kgs,4.5 mm,5,New,December,Week 4,22,28,0.225806,5.809,25.724,calendar_day_share
"5"" O.D",94-95 Kgs,4.5 mm,5,New,December,Week 5,29,31,0.096774,2.489,25.724,calendar_day_share
"5""",100 -102 Kgs,5 mm,5,New,December,Week 1,1,7,0.225806,0.007,0.032,calendar_day_share
"5""",100 -102 Kgs,5 mm,5,New,December,Week 2,8,14,0.225806,0.007,0.032,calendar_day_share
"5""",100 -102 Kgs,5 mm,5,New,December,Week 3,15,21,0.225806,0.007,0.032,calendar_day_share
"5""",100 -102 Kgs,5 mm,5,New,December,Week 4,22,28,0.225806,0.007,0.032,calendar_day_share
"5""",100 -102 Kgs,5 mm,5,New,December,Week 5,29,31,0.096774,0.003,0.032,calendar_day_share
"5""",120-125 Kgs,6 mm,4,Running,December,Week 1,1,7,0.225806,0.006,0.028,calendar_day_share
"5""",120-125 Kgs,6 mm,4,Running,December,Week 2,8,14,0.225806,0.006,0.028,calendar_day_share
"5""",120-125 Kgs,6 mm,4,Running,December,Week 3,15,21,0.225806,0.006,0.028,calendar_day_share
"5""",120-125 Kgs,6 mm,4,Running,December,Week 4,22,28,0.225806,0.006,0.028,calendar_day_share
"5""",120-125 Kgs,6 mm,4,Running,December,Week 5,29,31,0.096774,0.003,0.028,calendar_day_share
"5""",40-42 Kgs,2 mm,14,Running,December,Week 1,1,7,0.225806,16.72,74.045,calendar_day_share
"5""",40-42 Kgs,2 mm,14,Running,December,Week 2,8,14,0.225806,16.72,74.045,calendar_day_share
"5""",40-42 Kgs,2 mm,14,Running,December,Week 3,15,21,0.225806,16.72,74.045,calendar_day_share
"5""",40-42 Kgs,2 mm,14,Running,December,Week 4,22,28,0.225806,16.72,74.045,calendar_day_share
"5""",40-42 Kgs,2 mm,14,Running,December,Week 5,29,31,0.096774,7.166,74.045,calendar_day_share
"5""",48-50 Kgs,2.35 mm,13,Running,December,Week 1,1,7,0.225806,23.325,103.298,calendar_day_share
"5""",48-50 Kgs,2.35 mm,13,Running,December,Week 2,8,14,0.225806,23.325,103.298,calendar_day_share
"5""",48-50 Kgs,2.35 mm,13,Running,December,Week 3,15,21,0.225806,23.325,103.298,calendar_day_share
"5""",48-50 Kgs,2.35 mm,13,Running,December,Week 4,22,28,0.225806,23.325,103.298,calendar_day_share
"5""",48-50 Kgs,2.35 mm,13,Running,December,Week 5,29,31,0.096774,9.997,103.298,calendar_day_share
"5""",54-55 Kgs,2.65 mm,11,Running,December,Week 1,1,7,0.225806,0.013,0.056,calendar_day_share
"5""",54-55 Kgs,2.65 mm,11,Running,December,Week 2,8,14,0.225806,0.013,0.056,calendar_day_share
"5""",54-55 Kgs,2.65 mm,11,Running,December,Week 3,15,21,0.225806,0.013,0.056,calendar_day_share
"5""",54-55 Kgs,2.65 mm,11,Running,December,Week 4,22,28,0.225806,0.013,0.056,calendar_day_share
"5""",54-55 Kgs,2.65 mm,11,Running,December,Week 5,29,31,0.096774,0.005,0.056,calendar_day_share
"5""",54-55 Kgs,2.65 mm,12,Running,December,Week 1,1,7,0.225806,0.455,2.017,calendar_day_share
"5""",54-55 Kgs,2.65 mm,12,Running,December,Week 2,8,14,0.225806,0.455,2.017,calendar_day_share
"5""",54-55 Kgs,2.65 mm,12,Running,December,Week 3,15,21,0.225806,0.455,2.017,calendar_day_share
"5""",54-55 Kgs,2.65 mm,12,Running,December,Week 4,22,28,0.225806,0.455,2.017,calendar_day_share
"5""",54-55 Kgs,2.65 mm,12,Running,December,Week 5,29,31,0.096774,0.195,2.017,calendar_day_share
"5""",60-62 Kgs,3.25 mm,10,Running,December,Week 1,1,7,0.225806,28.191,124.846,calendar_day_share
"5""",60-62 Kgs,3.25 mm,10,Running,December,Week 2,8,14,0.225806,28.191,124.846,calendar_day_share
"5""",60-62 Kgs,3.25 mm,10,Running,December,Week 3,15,21,0.225806,28.191,124.846,calendar_day_share
"5""",60-62 Kgs,3.25 mm,10,Running,December,Week 4,22,28,0.225806,28.191,124.846,calendar_day_share
"5""",60-62 Kgs,3.25 mm,10,Running,December,Week 5,29,31,0.096774,12.082,124.846,calendar_day_share
"5""",65-65 Kgs,Unknown,Unknown,Running,December,Week 1,1,7,0.225806,0.04,0.179,calendar_day_share
"5""",65-65 Kgs,Unknown,Unknown,Running,December,Week 2,8,14,0.225806,0.04,0.179,calendar_day_share
"5""",65-65 Kgs,Unknown,Unknown,Running,December,Week 3,15,21,0.225806,0.04,0.179,calendar_day_share
"5""",65-65 Kgs,Unknown,Unknown,Running,December,Week 4,22,28,0.225806,0.04,0.179,calendar_day_share
"5""",65-65 Kgs,Unknown,Unknown,Running,December,Week 5,29,31,0.096774,0.017,0.179,calendar_day_share
"5""",66-67 Kgs,4 mm,8,Running,December,Week 1,1,7,0.225806,0.038,0.166,calendar_day_share
"5""",66-67 Kgs,4 mm,8,Running,December,Week 2,8,14,0.225806,0.038,0.166,calendar_day_share
"5""",66-67 Kgs,4 mm,8,Running,December,Week 3,15,21,0.225806,0.038,0.166,calendar_day_share
"5""",66-67 Kgs,4 mm,8,Running,December,Week 4,22,28,0.225806,0.038,0.166,calendar_day_share
"5""",66-67 Kgs,4 mm,8,Running,December,Week 5,29,31,0.096774,0.016,0.166,calendar_day_share
"5""",70-72 Kgs,3.65 mm,9,Running,December,Week 1,1,7,0.225806,23.405,103.649,calendar_day_share
"5""",70-72 Kgs,3.65 mm,9,Running,December,Week 2,8,14,0.225806,23.405,103.649,calendar_day_share
"5""",70-72 Kgs,3.65 mm,9,Running,December,Week 3,15,21,0.225806,23.405,103.649,calendar_day_share
"5""",70-72 Kgs,3.65 mm,9,Running,December,Week 4,22,28,0.225806,23.405,103.649,calendar_day_share
"5""",70-72 Kgs,3.65 mm,9,Running,December,Week 5,29,31,0.096774,10.031,103.649,calendar_day_share
"5""",75-76 Kgs,4.5 mm,8,Running,December,Week 1,1,7,0.225806,6.452,28.575,calendar_day_share
"5""",75-76 Kgs,4.5 mm,8,Running,December,Week 2,8,14,0.225806,6.452,28.575,calendar_day_share
"5""",75-76 Kgs,4.5 mm,8,Running,December,Week 3,15,21,0.225806,6.452,28.575,calendar_day_share
"5""",75-76 Kgs,4.5 mm,8,Running,December,Week 4,22,28,0.225806,6.452,28.575,calendar_day_share
"5""",75-76 Kgs,4.5 mm,8,Running,December,Week 5,29,31,0.096774,2.765,28.575,calendar_day_share
"5""",80-82 Kgs,4 mm,8,Running,December,Week 1,1,7,0.225806,4.327,19.162,calendar_day_share
"5""",80-82 Kgs,4 mm,8,Running,December,Week 2,8,14,0.225806,4.327,19.162,calendar_day_share
"5""",80-82 Kgs,4 mm,8,Running,December,Week 3,15,21,0.225806,4.327,19.162,calendar_day_share
"5""",80-82 Kgs,4 mm,8,Running,December,Week 4,22,28,0.225806,4.327,19.162,calendar_day_share
"5""",80-82 Kgs,4 mm,8,Running,December,Week 5,29,31,0.096774,1.854,19.162,calendar_day_share
"5""",88-90 Kgs,4 mm,Unknown,Running,December,Week 1,1,7,0.225806,6.783,30.038,calendar_day_share
"5""",88-90 Kgs,4 mm,Unknown,Running,December,Week 2,8,14,0.225806,6.783,30.038,calendar_day_share
"5""",88-90 Kgs,4 mm,Unknown,Running,December,Week 3,15,21,0.225806,6.783,30.038,calendar_day_share
"5""",88-90 Kgs,4 mm,Unknown,Running,December,Week 4,22,28,0.225806,6.783,30.038,calendar_day_share
"5""",88-90 Kgs,4 mm,Unknown,Running,December,Week 5,29,31,0.096774,2.907,30.038,calendar_day_share
"5""",94-95 Kgs,4.5 mm,5,New,December,Week 1,1,7,0.225806,0.014,0.063,calendar_day_share
"5""",94-95 Kgs,4.5 mm,5,New,December,Week 2,8,14,0.225806,0.014,0.063,calendar_day_share
"5""",94-95 Kgs,4.5 mm,5,New,December,Week 3,15,21,0.225806,0.014,0.063,calendar_day_share
"5""",94-95 Kgs,4.5 mm,5,New,December,Week 4,22,28,0.225806,0.014,0.063,calendar_day_share
"5""",94-95 Kgs,4.5 mm,5,New,December,Week 5,29,31,0.096774,0.006,0.063,calendar_day_share
"5""",95-100 Kgs,6.35 mm,4,Running,December,Week 1,1,7,0.225806,2.48,10.981,calendar_day_share
"5""",95-100 Kgs,6.35 mm,4,Running,December,Week 2,8,14,0.225806,2.48,10.981,calendar_day_share
"5""",95-100 Kgs,6.35 mm,4,Running,December,Week 3,15,21,0.225806,2.48,10.981,calendar_day_share
"5""",95-100 Kgs,6.35 mm,4,Running,December,Week 4,22,28,0.225806,2.48,10.981,calendar_day_share
"5""",95-100 Kgs,6.35 mm,4,Running,December,Week 5,29,31,0.096774,1.063,10.981,calendar_day_share
"6"" O.D",100-103 Kgs,4.25 mm,Unknown,Running,December,Week 1,1,7,0.225806,0.05,0.223,calendar_day_share
"6"" O.D",100-103 Kgs,4.25 mm,Unknown,Running,December,Week 2,8,14,0.225806,0.05,0.223,calendar_day_share
"6"" O.D",100-103 Kgs,4.25 mm,Unknown,Running,December,Week 3,15,21,0.225806,0.05,0.223,calendar_day_share
"6"" O.D",100-103 Kgs,4.25 mm,Unknown,Running,December,Week 4,22,28,0.225806,0.05,0.223,calendar_day_share
"6"" O.D",100-103 Kgs,4.25 mm,Unknown,Running,December,Week 5,29,31,0.096774,0.022,0.223,calendar_day_share
"6"" O.D",108-110 Kgs,4.5 mm,7,Running,December,Week 1,1,7,0.225806,0.005,0.021,calendar_day_share
"6"" O.D",108-110 Kgs,4.5 mm,7,Running,December,Week 2,8,14,0.225806,0.005,0.021,calendar_day_share
"6"" O.D",108-110 Kgs,4.5 mm,7,Running,December,Week 3,15,21,0.225806,0.005,0.021,calendar_day_share
"6"" O.D",108-110 Kgs,4.5 mm,7,Running,December,Week 4,22,28,0.225806,0.005,0.021,calendar_day_share
"6"" O.D",108-110 Kgs,4.5 mm,7,Running,December,Week 5,29,31,0.096774,0.002,0.021,calendar_day_share
"6"" O.D",140-145 Kgs,Unknown,Unknown,Unknown,December,Week 1,1,7,0.225806,0.005,0.021,calendar_day_share
"6"" O.D",140-145 Kgs,Unknown,Unknown,Unknown,December,Week 2,8,14,0.225806,0.005,0.021,calendar_day_share
"6"" O.D",140-145 Kgs,Unknown,Unknown,Unknown,December,Week 3,15,21,0.225806,0.005,0.021,calendar_day_share
"6"" O.D",140-145 Kgs,Unknown,Unknown,Unknown,December,Week 4,22,28,0.225806,0.005,0.021,calendar_day_share
"6"" O.D",140-145 Kgs,Unknown,Unknown,Unknown,December,Week 5,29,31,0.096774,0.002,0.021,calendar_day_share
"6"" O.D",96-97 Kgs,4 mm,Unknown,Running,December,Week 1,1,7,0.225806,0.024,0.107,calendar_day_share
"6"" O.D",96-97 Kgs,4 mm,Unknown,Running,December,Week 2,8,14,0.225806,0.024,0.107,calendar_day_share
"6"" O.D",96-97 Kgs,4 mm,Unknown,Running,December,Week 3,15,21,0.225806,0.024,0.107,calendar_day_share
"6"" O.D",96-97 Kgs,4 mm,Unknown,Running,December,Week 4,22,28,0.225806,0.024,0.107,calendar_day_share
"6"" O.D",96-97 Kgs,4 mm,Unknown,Running,December,Week 5,29,31,0.096774,0.01,0.107,calendar_day_share
"6""",100-103 Kgs,4.25 mm,Unknown,Running,December,Week 1,1,7,0.225806,0.005,0.021,calendar_day_share
"6""",100-103 Kgs,4.25 mm,Unknown,Running,December,Week 2,8,14,0.225806,0.005,0.021,calendar_day_share
"6""",100-103 Kgs,4.25 mm,Unknown,Running,December,Week 3,15,21,0.225806,0.005,0.021,calendar_day_share
"6""",100-103 Kgs,4.25 mm,Unknown,Running,December,Week 4,22,28,0.225806,0.005,0.021,calendar_day_share
"6""",100-103 Kgs,4.25 mm,Unknown,Running,December,Week 5,29,31,0.096774,0.002,0.021,calendar_day_share
"6""",108-110 Kgs,4.5 mm,7,Running,December,Week 1,1,7,0.225806,0.005,0.021,calendar_day_share
"6""",108-110 Kgs,4.5 mm,7,Running,December,Week 2,8,14,0.225806,0.005,0.021,calendar_day_share
"6""",108-110 Kgs,4.5 mm,7,Running,December,Week 3,15,21,0.225806,0.005,0.021,calendar_day_share
"6""",108-110 Kgs,4.5 mm,7,Running,December,Week 4,22,28,0.225806,0.005,0.021,calendar_day_share
"6""",108-110 Kgs,4.5 mm,7,Running,December,Week 5,29,31,0.096774,0.002,0.021,calendar_day_share
"6""",112-114 Kgs,4.75 mm,6,Running,December,Week 1,1,7,0.225806,0.005,0.02,calendar_day_share
"6""",112-114 Kgs,4.75 mm,6,Running,December,Week 2,8,14,0.225806,0.005,0.02,calendar_day_share
"6""",112-114 Kgs,4.75 mm,6,Running,December,Week 3,15,21,0.225806,0.005,0.02,calendar_day_share
"6""",112-114 Kgs,4.75 mm,6,Running,December,Week 4,22,28,0.225806,0.005,0.02,calendar_day_share
"6""",112-114 Kgs,4.75 mm,6,Running,December,Week 5,29,31,0.096774,0.002,0.02,calendar_day_share
"6""",113-114 Kgs,6 mm,4,Running,December,Week 1,1,7,0.225806,0.16,0.708,calendar_day_share
"6""",113-114 Kgs,6 mm,4,Running,December,Week 2,8,14,0.225806,0.16,0.708,calendar_day_share
"6""",113-114 Kgs,6 mm,4,Running,December,Week 3,15,21,0.225806,0.16,0.708,calendar_day_share
"6""",113-114 Kgs,6 mm,4,Running,December,Week 4,22,28,0.225806,0.16,0.708,calendar_day_share
"6""",113-114 Kgs,6 mm,4,Running,December,Week 5,29,31,0.096774,0.068,0.708,calendar_day_share
"6""",35- 36 Kgs,1.6 mm,16,Running,December,Week 1,1,7,0.225806,0.116,0.512,calendar_day_share
"6""",35- 36 Kgs,1.6 mm,16,Running,December,Week 2,8,14,0.225806,0.116,0.512,calendar_day_share
"6""",35- 36 Kgs,1.6 mm,16,Running,December,Week 3,15,21,0.225806,0.116,0.512,calendar_day_share
"6""",35- 36 Kgs,1.6 mm,16,Running,December,Week 4,22,28,0.225806,0.116,0.512,calendar_day_share
"6""",35- 36 Kgs,1.6 mm,16,Running,December,Week 5,29,31,0.096774,0.05,0.512,calendar_day_share
"6""",37-38 Kgs,2 mm,14,Running,December,Week 1,1,7,0.225806,1.073,4.753,calendar_day_share
"6""",37-38 Kgs,2 mm,14,Running,December,Week 2,8,14,0.225806,1.073,4.753,calendar_day_share
"6""",37-38 Kgs,2 mm,14,Running,December,Week 3,15,21,0.225806,1.073,4.753,calendar_day_share
"6""",37-38 Kgs,2 mm,14,Running,December,Week 4,22,28,0.225806,1.073,4.753,calendar_day_share
"6""",37-38 Kgs,2 mm,14,Running,December,Week 5,29,31,0.096774,0.46,4.753,calendar_day_share
"6""",48-50 Kgs,2 mm,14,Running,December,Week 1,1,7,0.225806,0.856,3.793,calendar_day_share
"6""",48-50 Kgs,2 mm,14,Running,December,Week 2,8,14,0.225806,0.856,3.793,calendar_day_share
"6""",48-50 Kgs,2 mm,14,Running,December,Week 3,15,21,0.225806,0.856,3.793,calendar_day_share
"6""",48-50 Kgs,2 mm,14,Running,December,Week 4,22,28,0.225806,0.856,3.793,calendar_day_share
"6""",48-50 Kgs,2 mm,14,Running,December,Week 5,29,31,0.096774,0.367,3.793,calendar_day_share
"6""",52-54 Kgs,2 mm,14,Running,December,Week 1,1,7,0.225806,0.292,1.295,calendar_day_share
"6""",52-54 Kgs,2 mm,14,Running,December,Week 2,8,14,0.225806,0.292,1.295,calendar_day_share
"6""",52-54 Kgs,2 mm,14,Running,December,Week 3,15,21,0.225806,0.292,1.295,calendar_day_share
"6""",52-54 Kgs,2 mm,14,Running,December,Week 4,22,28,0.225806,0.292,1.295,calendar_day_share
"6""",52-54 Kgs,2 mm,14,Running,December,Week 5,29,31,0.096774,0.125,1.295,calendar_day_share
"6""",60-62 Kgs,2.35 mm,12,Running,December,Week 1,1,7,0.225806,0.342,1.516,calendar_day_share
"6""",60-62 Kgs,2.35 mm,12,Running,December,Week 2,8,14,0.225806,0.342,1.516,calendar_day_share
"6""",60-62 Kgs,2.35 mm,12,Running,December,Week 3,15,21,0.225806,0.342,1.516,calendar_day_share
"6""",60-62 Kgs,2.35 mm,12,Running,December,Week 4,22,28,0.225806,0.342,1.516,calendar_day_share
"6""",60-62 Kgs,2.35 mm,12,Running,December,Week 5,29,31,0.096774,0.147,1.516,calendar_day_share
"6""",68-69 Kgs,Unknown,Unknown,Running,December,Week 1,1,7,0.225806,0.09,0.398,calendar_day_share
"6""",68-69 Kgs,Unknown,Unknown,Running,December,Week 2,8,14,0.225806,0.09,0.398,calendar_day_share
"6""",68-69 Kgs,Unknown,Unknown,Running,December,Week 3,15,21,0.225806,0.09,0.398,calendar_day_share
"6""",68-69 Kgs,Unknown,Unknown,Running,December,Week 4,22,28,0.225806,0.09,0.398,calendar_day_share
"6""",68-69 Kgs,Unknown,Unknown,Running,December,Week 5,29,31,0.096774,0.039,0.398,calendar_day_share
"6""",72-74 Kgs,3.25 mm,10,Running,December,Week 1,1,7,0.225806,35.551,157.44,calendar_day_share
"6""",72-74 Kgs,3.25 mm,10,Running,December,Week 2,8,14,0.225806,35.551,157.44,calendar_day_share
"6""",72-74 Kgs,3.25 mm,10,Running,December,Week 3,15,21,0.225806,35.551,157.44,calendar_day_share
"6""",72-74 Kgs,3.25 mm,10,Running,December,Week 4,22,28,0.225806,35.551,157.44,calendar_day_share
"6""",72-74 Kgs,3.25 mm,10,Running,December,Week 5,29,31,0.096774,15.236,157.44,calendar_day_share
"6""",75-76 Kgs,3.65 mm,9,Running,December,Week 1,1,7,0.225806,0.904,4.005,calendar_day_share
"6""",75-76 Kgs,3.65 mm,9,Running,December,Week 2,8,14,0.225806,0.904,4.005,calendar_day_share
"6""",75-76 Kgs,3.65 mm,9,Running,December,Week 3,15,21,0.225806,0.904,4.005,calendar_day_share
"6""",75-76 Kgs,3.65 mm,9,Running,December,Week 4,22,28,0.225806,0.904,4.005,calendar_day_share
"6""",75-76 Kgs,3.65 mm,9,Running,December,Week 5,29,31,0.096774,0.388,4.005,calendar_day_share
"6""",78-80 Kgs,3.65 mm,9,Running,December,Week 1,1,7,0.225806,0.07,0.308,calendar_day_share
"6""",78-80 Kgs,3.65 mm,9,Running,December,Week 2,8,14,0.225806,0.07,0.308,calendar_day_share
"6""",78-80 Kgs,3.65 mm,9,Running,December,Week 3,15,21,0.225806,0.07,0.308,calendar_day_share
"6""",78-80 Kgs,3.65 mm,9,Running,December,Week 4,22,28,0.225806,0.07,0.308,calendar_day_share
"6""",78-80 Kgs,3.65 mm,9,Running,December,Week 5,29,31,0.096774,0.03,0.308,calendar_day_share
"6""",84-86 Kgs,3.65 mm,9,Running,December,Week 1,1,7,0.225806,11.889,52.651,calendar_day_share
"6""",84-86 Kgs,3.65 mm,9,Running,December,Week 2,8,14,0.225806,11.889,52.651,calendar_day_share
"6""",84-86 Kgs,3.65 mm,9,Running,December,Week 3,15,21,0.225806,11.889,52.651,calendar_day_share
"6""",84-86 Kgs,3.65 mm,9,Running,December,Week 4,22,28,0.225806,11.889,52.651,calendar_day_share
"6""",84-86 Kgs,3.65 mm,9,Running,December,Week 5,29,31,0.096774,5.095,52.651,calendar_day_share
"6""",96-97 Kgs,4 mm,Unknown,Running,December,Week 1,1,7,0.225806,9.399,41.626,calendar_day_share
"6""",96-97 Kgs,4 mm,Unknown,Running,December,Week 2,8,14,0.225806,9.399,41.626,calendar_day_share
"6""",96-97 Kgs,4 mm,Unknown,Running,December,Week 3,15,21,0.225806,9.399,41.626,calendar_day_share
"6""",96-97 Kgs,4 mm,Unknown,Running,December,Week 4,22,28,0.225806,9.399,41.626,calendar_day_share
"6""",96-97 Kgs,4 mm,Unknown,Running,December,Week 5,29,31,0.096774,4.028,41.626,calendar_day_share
"7""",100-103 Kgs,4.25 mm,Unknown,Running,December,Week 1,1,7,0.225806,0.005,0.021,calendar_day_share
"7""",100-103 Kgs,4.25 mm,Unknown,Running,December,Week 2,8,14,0.225806,0.005,0.021,calendar_day_share
"7""",100-103 Kgs,4.25 mm,Unknown,Running,December,Week 3,15,21,0.225806,0.005,0.021,calendar_day_share
"7""",100-103 Kgs,4.25 mm,Unknown,Running,December,Week 4,22,28,0.225806,0.005,0.021,calendar_day_share
"7""",100-103 Kgs,4.25 mm,Unknown,Running,December,Week 5,29,31,0.096774,0.002,0.021,calendar_day_share
"7""",108-110 Kgs,4.5 mm,7,Running,December,Week 1,1,7,0.225806,0.05,0.223,calendar_day_share
"7""",108-110 Kgs,4.5 mm,7,Running,December,Week 2,8,14,0.225806,0.05,0.223,calendar_day_share
"7""",108-110 Kgs,4.5 mm,7,Running,December,Week 3,15,21,0.225806,0.05,0.223,calendar_day_share
"7""",108-110 Kgs,4.5 mm,7,Running,December,Week 4,22,28,0.225806,0.05,0.223,calendar_day_share
"7""",108-110 Kgs,4.5 mm,7,Running,December,Week 5,29,31,0.096774,0.022,0.223,calendar_day_share
"7""",110-112 Kgs,Unknown,Unknown,Running,December,Week 1,1,7,0.225806,0.219,0.969,calendar_day_share
"7""",110-112 Kgs,Unknown,Unknown,Running,December,Week 2,8,14,0.225806,0.219,0.969,calendar_day_share
"7""",110-112 Kgs,Unknown,Unknown,Running,December,Week 3,15,21,0.225806,0.219,0.969,calendar_day_share
"7""",110-112 Kgs,Unknown,Unknown,Running,December,Week 4,22,28,0.225806,0.219,0.969,calendar_day_share
"7""",110-112 Kgs,Unknown,Unknown,Running,December,Week 5,29,31,0.096774,0.094,0.969,calendar_day_share
"7""",112-114 Kgs,4.75 mm,6,Running,December,Week 1,1,7,0.225806,0.947,4.193,calendar_day_share
"7""",112-114 Kgs,4.75 mm,6,Running,December,Week 2,8,14,0.225806,0.947,4.193,calendar_day_share
"7""",112-114 Kgs,4.75 mm,6,Running,December,Week 3,15,21,0.225806,0.947,4.193,calendar_day_share
"7""",112-114 Kgs,4.75 mm,6,Running,December,Week 4,22,28,0.225806,0.947,4.193,calendar_day_share
"7""",112-114 Kgs,4.75 mm,6,Running,December,Week 5,29,31,0.096774,0.406,4.193,calendar_day_share
"7""",140-145 Kgs,Unknown,Unknown,Unknown,December,Week 1,1,7,0.225806,0.039,0.174,calendar_day_share
"7""",140-145 Kgs,Unknown,Unknown,Unknown,December,Week 2,8,14,0.225806,0.039,0.174,calendar_day_share
"7""",140-145 Kgs,Unknown,Unknown,Unknown,December,Week 3,15,21,0.225806,0.039,0.174,calendar_day_share
"7""",140-145 Kgs,Unknown,Unknown,Unknown,December,Week 4,22,28,0.225806,0.039,0.174,calendar_day_share
"7""",140-145 Kgs,Unknown,Unknown,Unknown,December,Week 5,29,31,0.096774,0.017,0.174,calendar_day_share
"7""",60-62 Kgs,Unknown,Unknown,Running,December,Week 1,1,7,0.225806,0.057,0.252,calendar_day_share
"7""",60-62 Kgs,Unknown,Unknown,Running,December,Week 2,8,14,0.225806,0.057,0.252,calendar_day_share
"7""",60-62 Kgs,Unknown,Unknown,Running,December,Week 3,15,21,0.225806,0.057,0.252,calendar_day_share
"7""",60-62 Kgs,Unknown,Unknown,Running,December,Week 4,22,28,0.225806,0.057,0.252,calendar_day_share
"7""",60-62 Kgs,Unknown,Unknown,Running,December,Week 5,29,31,0.096774,0.024,0.252,calendar_day_share
¾”,4-4½ Kgs,1.2 mm,18,Running,December,Week 1,1,7,0.225806,0.187,0.829,calendar_day_share
¾”,4-4½ Kgs,1.2 mm,18,Running,December,Week 2,8,14,0.225806,0.187,0.829,calendar_day_share
¾”,4-4½ Kgs,1.2 mm,18,Running,December,Week 3,15,21,0.225806,0.187,0.829,calendar_day_share
¾”,4-4½ Kgs,1.2 mm,18,Running,December,Week 4,22,28,0.225806,0.187,0.829,calendar_day_share
¾”,4-4½ Kgs,1.2 mm,18,Running,December,Week 5,29,31,0.096774,0.08,0.829,calendar_day_share
¾”,5½-6 Kgs,1.6 mm,16,Running,December,Week 1,1,7,0.225806,0.033,0.145,calendar_day_share
¾”,5½-6 Kgs,1.6 mm,16,Running,December,Week 2,8,14,0.225806,0.033,0.145,calendar_day_share
¾”,5½-6 Kgs,1.6 mm,16,Running,December,Week 3,15,21,0.225806,0.033,0.145,calendar_day_share
¾”,5½-6 Kgs,1.6 mm,16,Running,December,Week 4,22,28,0.225806,0.033,0.145,calendar_day_share
¾”,5½-6 Kgs,1.6 mm,16,Running,December,Week 5,29,31,0.096774,0.014,0.145,calendar_day_share
¾”,6 -7 Kgs,2 mm,14,Running,December,Week 1,1,7,0.225806,45.219,200.254,calendar_day_share
¾”,6 -7 Kgs,2 mm,14,Running,December,Week 2,8,14,0.225806,45.219,200.254,calendar_day_share
¾”,6 -7 Kgs,2 mm,14,Running,December,Week 3,15,21,0.225806,45.219,200.254,calendar_day_share
¾”,6 -7 Kgs,2 mm,14,Running,December,Week 4,22,28,0.225806,45.219,200.254,calendar_day_share
¾”,6 -7 Kgs,2 mm,14,Running,December,Week 5,29,31,0.096774,19.379,200.254,calendar_day_share
¾”,7 -7½ Kgs,2 mm,14,Running,December,Week 1,1,7,0.225806,26.292,116.437,calendar_day_share
¾”,7 -7½ Kgs,2 mm,14,Running,December,Week 2,8,14,0.225806,26.292,116.437,calendar_day_share
¾”,7 -7½ Kgs,2 mm,14,Running,December,Week 3,15,21,0.225806,26.292,116.437,calendar_day_share
¾”,7 -7½ Kgs,2 mm,14,Running,December,Week 4,22,28,0.225806,26.292,116.437,calendar_day_share
¾”,7 -7½ Kgs,2 mm,14,Running,December,Week 5,29,31,0.096774,11.268,116.437,calendar_day_share
¾”,8-8½ Kgs,2.35 mm,12,Running,December,Week 1,1,7,0.225806,0.031,0.138,calendar_day_share
¾”,8-8½ Kgs,2.35 mm,12,Running,December,Week 2,8,14,0.225806,0.031,0.138,calendar_day_share
¾”,8-8½ Kgs,2.35 mm,12,Running,December,Week 3,15,21,0.225806,0.031,0.138,calendar_day_share
¾”,8-8½ Kgs,2.35 mm,12,Running,December,Week 4,22,28,0.225806,0.031,0.138,calendar_day_share
¾”,8-8½ Kgs,2.35 mm,12,Running,December,Week 5,29,31,0.096774,0.013,0.138,calendar_day_share
